listing_id,url,source_discovery,detail_html_captured,description_source,purpose,property_type,price,price_period,currency,bedrooms,bathrooms,area_sqm,location_raw,agency_name,is_verified,date_listed,description_raw,language,compound_name,developer_name,governorate,city,district,finishing_level,delivery_status,delivery_date,sale_type,payment_type,down_payment_amount,down_payment_pct,installment_years,installment_amount,installment_frequency,cash_discount_pct,amenities,floor_number,garden_area_sqm,roof_area_sqm,is_negotiable,price_per_sqm,total_installment_cost
321887295,https://www.bayut.eg/تفاصيل-503989417/العقار.html,algolia,False,,sale,apartment,5700000.0,,EGP,2.0,1.0,90.0,"Egypt, Cairo, New Cairo, Rehab City",Modern Home,False,2026-08-24,,,,,Cairo,New Cairo,Rehab City,,ready,,resale,,,,,,,,"CCTV Security, Completion Year, Balcony or Terrace, Covered parking, Pets Allowed, Security Staff, Electricity Meter, Water Meter, Natural Gas, Elevators in Building, Day Care Center, Waste Disposal, First Aid Medical Center, Service Elevators, Freehold, Broadband Internet, Kids Play Area, Number of Bathrooms, Number of Bedrooms, Maintenance Staff, Laundry Facility, Shared Kitchen, 24 Hours Concierge, Cleaning Services, Total Floors, نظام كاميرات مراقبة, سنة البناء, شرفة أو تراس, مواقف مغطاة للسيارات, مسموح بالحيوانات الاليفة, أمن و حماية, عداد كهرباء, عداد مياه, غاز طبيعي, مصاعد, مركز رعاية أطفال, مكبّ نفايات, مركز للإسعافات الأولية, خدمات المصاعد, التملك الحر, انترنت واسع النطاق, منطقة لعب للأطفال, عدد دورات المياه, عدد الغرف, خدمات صيانة, خدمة غسيل ملابس, مطبخ مشترك, حراسة 24 ساعة, خدمات تنظيف, عدد الطوابق",,,,,63333.333333333336,
321887282,https://www.bayut.eg/تفاصيل-503989396/العقار.html,algolia,False,,sale,apartment,12000000.0,,EGP,3.0,2.0,163.0,"Egypt, Cairo, New Cairo, 5th Settlement, Hyde Park New Cairo Compound",First Move,False,2026-08-24,,,Hyde Park,,Cairo,New Cairo,5th Settlement,,ready,,primary,both,,,,,,,pool,,,,,73619.63190184049,
321887109,https://www.bayut.eg/تفاصيل-503989275/العقار.html,algolia,False,,sale,chalet,15000000.0,,EGP,3.0,2.0,150.0,"Egypt, Matruh, North Coast, Ras Al Hekma, Koun",Egypt Best Properties (EBP),False,2026-08-24,,,,,Matruh,North Coast,Ras Al Hekma,fully finished,ready,,primary,both,,,8.0,,,,balcony,,,,,100000.0,
321887067,https://www.bayut.eg/تفاصيل-503989238/العقار.html,algolia,False,,sale,chalet,7500000.0,,EGP,1.0,1.0,50.0,"Egypt, Matruh, North Coast, Alamein, Marina 5",Falcon Real Estate,False,2026-08-24,,,Marassi,,Matruh,North Coast,Alamein,furnished,ready,,primary,,,,,,,,"Kids Play Area, Sauna, Gym or Health Club, Swimming Pool, Barbeque Area, Day Care Center, First Aid Medical Center, Jacuzzi, Steam Room, Cafeteria or Canteen, منطقة لعب للأطفال, ساونا, صالة رياضية أو نادي صحي, مسبح, مكان مخصص للشواء, مركز رعاية أطفال, مركز للإسعافات الأولية, جاكوزي, غرفة بخار, كافيتيريا",,,,,150000.0,
321887059,https://www.bayut.eg/تفاصيل-503989228/العقار.html,algolia,False,,sale,chalet,13000000.0,,EGP,3.0,2.0,125.0,"Egypt, Matruh, North Coast, Ras Al Hekma, Seashore",Egypt Best Properties (EBP),False,2026-08-24,,,Hyde Park,,Matruh,North Coast,Ras Al Hekma,fully finished,ready,,primary,both,,,,,monthly,,"pool, garden",,,,,104000.0,
321887000,https://www.bayut.eg/تفاصيل-503989178/العقار.html,algolia,False,,sale,chalet,12000000.0,,EGP,3.0,2.0,130.0,"Egypt, Matruh, North Coast, Sidi Abdel Rahman, Bianchi",Egypt Best Properties (EBP),False,2026-08-24,,,,,Matruh,North Coast,Sidi Abdel Rahman,fully finished,ready,,primary,both,,,,,,,garden,,150.0,,,92307.69230769231,
321887005,https://www.bayut.eg/تفاصيل-208802811/العقار.html,algolia,False,,sale,apartment,3100000.0,,EGP,3.0,2.0,160.0,"Egypt, Giza, Hadayek al-Ahram, Gate 4 - Mena",,False,2026-08-24,,,,,Giza,Hadayek al-Ahram,Gate 4 - Mena,,ready,,resale,,,,,,,,"Elevators in Building, Completion Year, Balcony or Terrace, Natural Gas, Landline, مصاعد, سنة البناء, شرفة أو تراس, غاز طبيعي, خط أرضي",,,,,19375.0,
321886866,https://www.bayut.eg/تفاصيل-503989078/العقار.html,algolia,False,,sale,apartment,3900000.0,,EGP,2.0,2.0,139.0,"Egypt, Matruh, North Coast, Alamein, Latin District",First Move,False,2026-08-24,,,Marassi,,Matruh,North Coast,Alamein,fully finished,ready,,primary,installments,,,,,,,pool,,,,,28057.553956834534,
321886859,https://www.bayut.eg/تفاصيل-503989075/العقار.html,algolia,False,,sale,townhouse,15000000.0,,EGP,5.0,3.0,230.0,"Egypt, Cairo, New Cairo, 5th Settlement",Property Hills One 1,False,2026-08-24,,,Lake View,,Cairo,New Cairo,5th Settlement,,ready,,primary,installments,1500000.0,,,,,,"Lawn or Garden, Business Center, Maintenance Staff, 24 Hours Concierge, Day Care Center, Swimming Pool, First Aid Medical Center, حديقة, مركز أعمال, خدمات صيانة, حراسة 24 ساعة, مركز رعاية أطفال, مسبح, مركز للإسعافات الأولية",,,,,65217.391304347824,
321886803,https://www.bayut.eg/تفاصيل-503989036/العقار.html,algolia,False,,sale,chalet,4000000.0,,EGP,2.0,1.0,100.0,"Egypt, Matruh, North Coast, Hammam, Remas",Horizon Real Estate,False,2026-08-24,,,,,Matruh,North Coast,Hammam,,,,primary,installments,400000.0,,,,,,"Balcony or Terrace, Gym or Health Club, Swimming Pool, Sauna, Steam Room, Covered parking, Lawn or Garden, Electricity Meter, Barbeque Area, Day Care Center, First Aid Medical Center, Jacuzzi, Kids Play Area, Cafeteria or Canteen, شرفة أو تراس, صالة رياضية أو نادي صحي, مسبح, ساونا, غرفة بخار, مواقف مغطاة للسيارات, حديقة, عداد كهرباء, مكان مخصص للشواء, مركز رعاية أطفال, مركز للإسعافات الأولية, جاكوزي, منطقة لعب للأطفال, كافيتيريا, pool, garage, garden, sea view, balcony",,,,,40000.0,
321886754,https://www.bayut.eg/تفاصيل-503988987/العقار.html,algolia,False,,sale,chalet,26000000.0,,EGP,3.0,3.0,154.0,"Egypt, Matruh, North Coast, Ramla",Egypt Best Properties (EBP),False,2026-08-24,,,,,Matruh,North Coast,Ramla,super lux,,,primary,installments,1300000.0,,8.0,,,,"Built in Kitchen Appliances, Barbeque Area, Day Care Center, First Aid Medical Center, Laundry Room, Jacuzzi, Sauna, Steam Room, Cafeteria or Canteen, Lawn or Garden, Gym or Health Club, Swimming Pool, Kids Play Area, Laundry Facility, أجهزة مطبخ مدمجة, مكان مخصص للشواء, مركز رعاية أطفال, مركز للإسعافات الأولية, غرفة غسيل, جاكوزي, ساونا, غرفة بخار, كافيتيريا, حديقة, صالة رياضية أو نادي صحي, مسبح, منطقة لعب للأطفال, خدمة غسيل ملابس, pool, sea view, balcony",,,,,168831.16883116882,
321886648,https://www.bayut.eg/تفاصيل-503988827/العقار.html,algolia,False,,sale,chalet,22000000.0,,EGP,2.0,2.0,135.0,"Egypt, Matruh, North Coast, Ramla",Egypt Best Properties (EBP),False,2026-08-24,,,,,Matruh,North Coast,Ramla,super lux,,,primary,installments,2200000.0,,5.0,,,,"Lawn or Garden, Steam Room, Cafeteria or Canteen, Gym or Health Club, Swimming Pool, Kids Play Area, Sauna, Barbeque Area, Day Care Center, Laundry Room, Jacuzzi, Laundry Facility, Built in Kitchen Appliances, First Aid Medical Center, حديقة, غرفة بخار, كافيتيريا, صالة رياضية أو نادي صحي, مسبح, منطقة لعب للأطفال, ساونا, مكان مخصص للشواء, مركز رعاية أطفال, غرفة غسيل, جاكوزي, خدمة غسيل ملابس, أجهزة مطبخ مدمجة, مركز للإسعافات الأولية, pool, sea view, balcony",,,,,162962.96296296295,
321886690,https://www.bayut.eg/تفاصيل-503988805/العقار.html,algolia,False,,sale,apartment,21000000.0,,EGP,2.0,3.0,179.0,"Egypt, Cairo, Mokattam, Uptown Cairo",Egypt Best Properties (EBP),False,2026-08-24,,,,,Cairo,Mokattam,Uptown Cairo,furnished,ready,,resale,,,,,,,,"Swimming Pool, Electricity Meter, Laundry Room, CCTV Security, Completion Year, Barbeque Area, Other Main Features, Water Meter, Furnished, Built in Kitchen Appliances, Pets Allowed, Security Staff, مسبح, عداد كهرباء, غرفة غسيل, نظام كاميرات مراقبة, سنة البناء, مكان مخصص للشواء, ميزات رئيسية أخرى, عداد مياه, مفروشة, أجهزة مطبخ مدمجة, مسموح بالحيوانات الاليفة, أمن و حماية, garden",,80.0,,,117318.43575418994,
321886489,https://www.bayut.eg/تفاصيل-503988801/العقار.html,algolia,False,,sale,apartment,5500000.0,,EGP,3.0,2.0,170.0,"Egypt, Alexandria, Smoha",Dee,False,2026-08-24,,,,,Alexandria,Smoha,,,ready,,resale,cash,,,,,,,elevator,,,,,32352.941176470587,
503988676,https://www.bayut.eg/en/property/details-503988676.html,algolia,True,detail_html,sale,chalet,9000000.0,,EGP,1.0,1.0,55.0,"Egypt, Matruh, North Coast, Alamein, Marina 5",Falcon Real Estate,False,2026-08-24,"First-row chalet directly on the sea with a breathtaking panoramic view. 

Private yacht marina + private beach. 

Fully furnished with appliances, kitchen, and air conditioning. 

Ultra-super-luxurious finishing. Best price in Marina 5. 

Suitable for living or investment (multiple sizes available). 

Total price 9,000,000 with a down payment of 900,000 + flexible installments

For details and a video, contact us now: View Contact Detail (WhatsApp/Phone). 

-------------------------------------------------------------------------------------------",en,Marassi,,Matruh,North Coast,Alamein,furnished,ready,,primary,installments,900000.0,,,,,,"Gym or Health Club, Swimming Pool, Barbeque Area, Sauna, Jacuzzi, Kids Play Area, Day Care Center, First Aid Medical Center, Steam Room, Cafeteria or Canteen, صالة رياضية أو نادي صحي, مسبح, مكان مخصص للشواء, ساونا, جاكوزي, منطقة لعب للأطفال, مركز رعاية أطفال, مركز للإسعافات الأولية, غرفة بخار, كافيتيريا",,,,,163636.36363636365,
503988640,https://www.bayut.eg/en/property/details-503988640.html,algolia,True,detail_html,sale,apartment,4300000.0,,EGP,3.0,2.0,130.0,"Egypt, Cairo, New Cairo, 1st Settlement, El Koronfel, Dar Misr",Lutsen For Brokerage And Commercial,False,2026-08-24,"Fully finished apartment for sale in Dar Misr El Qarnfel, New Cairo, with a built-up area of 130 SQM. 

Located on the second floor, the apartment is a north-facing corner unit overlooking a walkway leading to the garden. 

The layout is practical for family living, offering 3 bedrooms, 2 bathrooms, a reception area, a spacious kitchen, and 2 terraces. 

Property Details:
Built-up area: 130 SQM
Floor: Second
Condition: Fully finished
Orientation: North-facing corner unit
View: Overlooking a garden walkway
Bedrooms: 3
Bathrooms: 2
Reception
Large kitchen
2 terraces

Gas, electricity, and water fees are fully paid. 

Final Asking Price: EGP 4,300,000
Approximate Price per SQM: EGP 33,077

A suitable option for buyers looking for a ready-to-move family home in Dar Misr El Qarnfel, with a desirable north-facing corner position and a practical 3-bedroom layout. 

The asking price is final. 

Contact us for further details or to arrange a viewing.",en,,,Cairo,New Cairo,1st Settlement,fully finished,ready,,resale,,,,,,,,"garden, balcony",,,,,33076.92307692308,
503988588,https://www.bayut.eg/en/property/details-503988588.html,algolia,True,detail_html,sale,villa,17000000.0,,EGP,4.0,4.0,308.0,"Egypt, Cairo, New Cairo, 5th Settlement, Mountain View iCity Compound",Falcon Real Estate,False,2026-08-24,"Luxury I Villa in a prime location within Mountain View Creek View

A prestigious, fully-serviced community at an exceptional price

Total Area 308m Divided into
Villa area: 190 sq m + Garden area: 118 sq m

Features: (4 bedrooms (including a nanny's room) | Very spacious reception area | American-style kitchen | 5 bathrooms | Private garden)

Total price: 17,000,000 (Down payment: 1,300,000 + Flexible installments)

For details, contact us now: View Contact Detail (WhatsApp/Phone)

-------------------------------------------------------------------------",en,Hyde Park,Mountain View (DMG),Cairo,New Cairo,5th Settlement,super lux,ready,,primary,installments,1700000.0,,,,,,"Pets Allowed, Jacuzzi, Lawn or Garden, Gym or Health Club, Swimming Pool, Electricity Meter, Sea view, Water Meter, Natural Gas, Landline, Barbeque Area, Day Care Center, First Aid Medical Center, Kids Play Area, Sauna, Steam Room, Cafeteria or Canteen, Facilities for Disabled, Covered parking, مسموح بالحيوانات الاليفة, جاكوزي, حديقة, صالة رياضية أو نادي صحي, مسبح, عداد كهرباء, يطل على البحر, عداد مياه, غاز طبيعي, خط أرضي, مكان مخصص للشواء, مركز رعاية أطفال, مركز للإسعافات الأولية, منطقة لعب للأطفال, ساونا, غرفة بخار, كافيتيريا, تسهيلات لأصحاب الهمم, مواقف مغطاة للسيارات, garden",,118.0,,,55194.805194805194,
503988584,https://www.bayut.eg/en/property/details-503988584.html,algolia,True,detail_html,sale,villa,17900000.0,,EGP,4.0,4.0,222.0,"Egypt, Cairo, New Cairo, 5th Settlement, Telal East",Falcon Real Estate,False,2026-08-24,"-Luxury Town Villa in a prime location with a stunning view in the compound, at a bargain price!
-Ultra-modern finishing + air conditioning
-Open view - fully sea-facing - high privacy

Area: 222sq m (Ground + First + Roof)
Smart layout (4 bedrooms, including a master suite, 4 bathrooms)

Flexible payment plan: 600,000 down payment + flexible payment options for easy villa ownership

For details, contact us now: View Contact Detail (WhatsApp & Phone)",en,Mountain View iCity,Mountain View (DMG),Cairo,New Cairo,5th Settlement,super lux,,,primary,installments,1790000.0,,,,,,"Jacuzzi, Sauna, Steam Room, Cafeteria or Canteen, Gym or Health Club, Swimming Pool, Barbeque Area, Day Care Center, First Aid Medical Center, جاكوزي, ساونا, غرفة بخار, كافيتيريا, صالة رياضية أو نادي صحي, مسبح, مكان مخصص للشواء, مركز رعاية أطفال, مركز للإسعافات الأولية",,,,,80630.63063063064,
503988566,https://www.bayut.eg/en/property/details-503988566.html,algolia,True,detail_html,sale,other,15000000.0,,EGP,0.0,0.0,74.0,"Egypt, Cairo, Madinaty",Vertex REAL ESTATE MARKTING,False,2026-08-24,"Commercial Shop for Sale in Madinaty – Craft Zone | Near East Hub Mall
A prime opportunity to own a fully finished commercial shop in one of the most active and sought-after commercial areas in Madinaty, located in Craft Zone and close to East Hub Mall. 
Property Details
Location: Craft Zone – Block 4
Size: 74 sqm
Ground Floor + First Floor for Preparation & Display
Fully Finished
Ready for Immediate Operation
Suitable for a Wide Range of Commercial Activities
Prime and Highly Active Location
Easy Access from Residential Areas
Strong and Continuous Customer Traffic
Excellent Visibility and Accessibility
A great opportunity for investors and business owners looking for a strategic commercial location in Craft Zone. 
Asking Price: 15,000,000 EGP
For Inquiries & Viewing
Mahmoud Mamdouh
View Contact Detail
Vertex Homes
Real Estate Marketing & Investment
We offer a wide selection of residential and commercial properties for sale and rent throughout Madinaty.",en,Madinaty,,Cairo,Madinaty,Madinaty,fully finished,ready,,,,,,,,,,"Balcony or Terrace, Security Staff, Water Meter, Storage Areas, Landline, Waste Disposal, Broadband Internet, Satellite/Cable TV, Intercom, Maintenance Staff, CCTV Security, 24 Hours Concierge, Cleaning Services, شرفة أو تراس, أمن و حماية, عداد مياه, مناطق تخزين, خط أرضي, مكبّ نفايات, انترنت واسع النطاق, كابل قنوات تلفزيونية, اتصال داخلي, خدمات صيانة, نظام كاميرات مراقبة, حراسة 24 ساعة, خدمات تنظيف",,,,,202702.7027027027,
321886684,https://www.bayut.eg/تفاصيل-503988563/العقار.html,algolia,False,,sale,apartment,31500000.0,,EGP,3.0,3.0,221.0,"Egypt, Cairo, Mokattam, Uptown Cairo",Egypt Best Properties (EBP),False,2026-08-24,,,,,Cairo,Mokattam,Uptown Cairo,furnished,ready,,resale,,,,,,,,"Furnished, CCTV Security, Completion Year, Built in Kitchen Appliances, Other Main Features, Pets Allowed, Security Staff, Swimming Pool, Electricity Meter, Centrally Air-Conditioned, Water Meter, Barbeque Area, مفروشة, نظام كاميرات مراقبة, سنة البناء, أجهزة مطبخ مدمجة, ميزات رئيسية أخرى, مسموح بالحيوانات الاليفة, أمن و حماية, مسبح, عداد كهرباء, نظام تبريد مركزي, عداد مياه, مكان مخصص للشواء, garden",,440.0,,,142533.9366515837,
503988558,https://www.bayut.eg/en/property/details-503988558.html,algolia,True,detail_html,sale,chalet,7000000.0,,EGP,3.0,3.0,134.0,"Egypt, Matruh, North Coast, Sidi Abdel Rahman, Telal North Coast",Falcon Real Estate,False,2026-08-24,"Luxury chalet with a 40% discount and a breathtaking sea view

Prime location and view in the village

134 square meters with a smart layout (3 bedrooms +2 bathrooms+ reception with a terrace offering a stunning view)

Cash price: 7,000,000 EGP + Various payment plans available with varying prices

For details and a video, contact us now via WhatsApp & phone: View Contact Detail",en,Marassi,La Vista Developments,Matruh,North Coast,Sidi Abdel Rahman,super lux,,,primary,cash,,,,,,40.0,"Sauna, Steam Room, Cafeteria or Canteen, Gym or Health Club, Swimming Pool, Barbeque Area, Day Care Center, First Aid Medical Center, Jacuzzi, ساونا, غرفة بخار, كافيتيريا, صالة رياضية أو نادي صحي, مسبح, مكان مخصص للشواء, مركز رعاية أطفال, مركز للإسعافات الأولية, جاكوزي, sea view, balcony",,,,,52238.80597014925,
321886734,https://www.bayut.eg/تفاصيل-503988522/العقار.html,algolia,False,,sale,townhouse,8089605.0,,EGP,3.0,3.0,160.0,"Egypt, Cairo, Mostakbal City, Sarai",S Signature,False,2026-08-24,,,Sarai,,Cairo,Mostakbal City,Sarai,,,,resale,installments,4000000.0,,,,,,"Cafeteria or Canteen, Swimming Pool, Maintenance Staff, Lawn or Garden, Barbeque Area, Kids Play Area, كافيتيريا, مسبح, خدمات صيانة, حديقة, مكان مخصص للشواء, منطقة لعب للأطفال, garden",,,,,50560.03125,
503988481,https://www.bayut.eg/en/property/details-503988481.html,algolia,True,detail_html,sale,townhouse,30000000.0,,EGP,3.0,4.0,234.0,"Egypt, Cairo, New Heliopolis, Sodic East",Property Hills One 1,False,2026-08-24,"In a prestigious compound by one of Egypt’s leading real estate developers with a strong track record. 
Enjoy an additional discount for cash payments. 
Prime location, just minutes away from Madinaty and Mostakbal City. 
For viewing: View Contact Detail
Unit Type: Townhouse
Built-up Area: 235 sqm
Excellent layout with efficiently utilized spaces. 
Ground Floor + First Floor + Penthouse Roof. 
Ready for Immediate Delivery. 
Compound Amenities:
Football courtsPadel courtsTennis courtsFully equipped gymSports academiesSocial areas, restaurants, and cafésGreen Spine – a 2 km promenade featuring cafés, restaurants, retail shops, open sports areas, and children’s play areasThe Ravine – a spacious green park for walking and relaxationInternational schoolIntegrated commercial area with retail shops, restaurants, cafés, administrative offices, and medical clinicsLandscaped green spaces covering over 84% of the developmentRunning and cycling tracksMosqueMultiple gated entrances with 24/7 security and CCTV surveillanceComprehensive property management and maintenance services",en,Madinaty,SODIC,Cairo,New Heliopolis,Sodic East,,ready,,primary,cash,,,,,,,"Built in Kitchen Appliances, Lawn or Garden, Gym or Health Club, Swimming Pool, Barbeque Area, Day Care Center, First Aid Medical Center, Laundry Room, Jacuzzi, Kids Play Area, Sauna, Steam Room, Cafeteria or Canteen, Laundry Facility, أجهزة مطبخ مدمجة, حديقة, صالة رياضية أو نادي صحي, مسبح, مكان مخصص للشواء, مركز رعاية أطفال, مركز للإسعافات الأولية, غرفة غسيل, جاكوزي, منطقة لعب للأطفال, ساونا, غرفة بخار, كافيتيريا, خدمة غسيل ملابس, security, garden, gym",,,,,128205.1282051282,
503988477,https://www.bayut.eg/en/property/details-503988477.html,algolia,True,detail_html,sale,townhouse,21600000.0,,EGP,4.0,4.0,230.0,"Egypt, Cairo, New Capital City, La Vista City",Property Hills One 1,False,2026-08-24,"One of Egypt’s leading real estate developers, offering a special price with an additional discount for cash payments. 
For viewing: View Contact Detail
A fully established and inhabited compound with premium services and high-end amenities. 
Unit Type: Townhouse Villa
Built-up Area: 230 sqm
Smart and practical layout with efficiently utilized spacesGround Floor with Private Garden / First Floor / RooftopReady for immediate delivery and viewingCompound Amenities:
Main Clubhouse + Clubhouse for each phaseSwimming PoolsSports ClubGym & SpaFully Equipped HospitalInternational SchoolsCommercial AreaRestaurants & CafésSupermarketAdministrative & Office AreaNurseryKids’ Play AreasWalking & Jogging TracksMulti-Purpose Sports CourtsLandscaped Green AreasLakes & Water Features24/7 Security & Gated CommunityCCTV SurveillancePrivate Parking GaragesMaintenance & Housekeeping Services",en,,La Vista Developments,Cairo,New Capital City,La Vista City,,ready,,primary,installments,4300000.0,,,,,,"Lawn or Garden, Gym or Health Club, Swimming Pool, Barbeque Area, Day Care Center, First Aid Medical Center, Jacuzzi, Kids Play Area, Sauna, Steam Room, Cafeteria or Canteen, حديقة, صالة رياضية أو نادي صحي, مسبح, مكان مخصص للشواء, مركز رعاية أطفال, مركز للإسعافات الأولية, جاكوزي, منطقة لعب للأطفال, ساونا, غرفة بخار, كافيتيريا, pool, security, garage, garden, clubhouse, gym",,,,,93913.04347826086,
503988465,https://www.bayut.eg/en/property/details-503988465.html,algolia,True,detail_html,sale,apartment,7150000.0,,EGP,3.0,2.0,119.0,"Egypt, Cairo, New Cairo, Rehab City",Modern Home,False,2026-08-24,"119m ownership apartment in Al-Rehab 2

Opportunity for ownership or investment, apartment in Al-Rehab 2
Phase Seven


Excellent location
Steps to Al-Shaheed Al-Tayar Mosque

Area: 119 m
Floor: — first


Consists of:
3 bedrooms
2
bathrooms
including a master bedroom

Reception

Terrace
Natural gas

Distinctive apartment in a quiet location
Close to services
Close to the Eastern Market
and banks

in Phase Seven

Demand: 7,150,000 million



Modern Homes for Real Estate Marketing
Maha
View Contact Detail",en,Al Rehab,,Cairo,New Cairo,Rehab City,,ready,,resale,,,,,,,,balcony,,,,,60084.033613445376,
503988370,https://www.bayut.eg/en/property/details-503988370.html,algolia,True,detail_html,sale,apartment,7150000.0,,EGP,3.0,2.0,119.0,"Egypt, Cairo, New Cairo, Rehab City",سماح عبد الحليم محمد,False,2026-08-24,"An Investment opportunity for serious buyers only in the most desirable phase of Rehab 2, Phase 7. A 119 sqm apartment for sale near all amenities. 3 bedrooms, reception, kitchen, 3 bathrooms (renovated to 2 bathrooms). Clean, brand new finishes, ready for immediate occupancy. Unobstructed view, elevator. Special price for quick completion. For inquiries, call: View Contact Detail Contract Real Estate Marketing Company, Rehab & New Cairo, Office No. 106, 1st Floor, Mall 1, Rehab, above B. Tech occ",en,Al Rehab,,Cairo,New Cairo,Rehab City,,ready,,resale,,,,,,,,elevator,1.0,,,,60084.033613445376,
503988347,https://www.bayut.eg/en/property/details-503988347.html,algolia,True,detail_html,sale,apartment,4255000.0,,EGP,3.0,2.0,116.0,"Egypt, Cairo, Madinaty",B United Now Home,False,2026-08-24,"Apartment for sale in Madinaty – Rawasi (Talaat Moustafa Group)
Garden view
True North-facing orientation
Original Talaat Moustafa finishing
Prime location directly facing the services area; very close to the Craft Zone and East Hub. . . 
_________________________________
Layout:
(3 bedrooms, 2 bathrooms, reception area, kitchen, 2 terraces)
__________________________________
• Total price: 4,255,000
/ 7-year payment plan
• Amount paid (approx. ): 2,600,000
• Premium (Over) required
Apartment is ready for handover; utility meters installed
For inquiries and viewings:
View Contact Detail
Eng. Mohamed Rizk – New Home Real Estate Marketing
Madinaty – Banks Complex – Above Banque Misr – 2nd Floor – Office No. 205",en,Madinaty,Talaat Moustafa Group (TMG),Cairo,Madinaty,Madinaty,,ready,,resale,,,,,,,,"Freehold, Furnished, Prayer Room, Laundry Room, Other Rooms, Number of Bedrooms, Reception/Waiting Room, Sauna, Steam Room, Distance From Airport (kms), Nearby Public Transport, Other Nearby Places, Completion Year, Balcony or Terrace, Built in Kitchen Appliances, Central A/C & heating, Covered parking, Maids Room, Broadband Internet, Satellite/Cable TV, Business Center, Conference Room, Intercom, ATM Facility, Jacuzzi, Kids Play Area, Land Area, Number of Bathrooms, Pets Allowed, Lawn or Garden, Security Staff, Gym or Health Club, Swimming Pool, Electricity Meter, Sea view, Centrally Air-Conditioned, Water Meter, Storage Areas, Natural Gas, Landline, Elevators in Building, Down Payment, View, Barbeque Area, Lobby in Building, Double Glazed Windows, Central Heating, Electricity Backup, Waste Disposal, First Aid Medical Center, Service Elevators, CCTV Security, Cafeteria or Canteen, Laundry Facility, Shared Kitchen, Facilities for Disabled, Parking Spaces, Study Room, 24 Hours Concierge, Cleaning Services, Total Floors, Maintenance Staff, التملك الحر, مفروشة, غرفة صلاة, غرفة غسيل, غرف أخرى, عدد الغرف, غرفة استقبال /انتظار, ساونا, غرفة بخار, المسافة من المطار (كم), مواصلات نقل عامة قريبة, أماكن قريبة أخرى, سنة البناء, شرفة أو تراس, أجهزة مطبخ مدمجة, تدفئة وتكييف مركزي, مواقف مغطاة للسيارات, غرفة خدم, انترنت واسع النطاق, كابل قنوات تلفزيونية, مركز أعمال, غرفة اجتماعات, اتصال داخلي, توفر أجهزة السحب الآلي, جاكوزي, منطقة لعب للأطفال, مساحة الأرض, عدد دورات المياه, مسموح بالحيوانات الاليفة, حديقة, أمن و حماية, صالة رياضية أو نادي صحي, مسبح, عداد كهرباء, يطل على البحر, نظام تبريد مركزي, عداد مياه, مناطق تخزين, غاز طبيعي, خط أرضي, مصاعد, المقدم, مطل, مكان مخصص للشواء, ردهة إستقبال, نوافذ زجاجية مزدوجة, تدفئة مركزية, نظام كهرباء احتياطي للطوارئ, مكبّ نفايات, مركز للإسعافات الأولية, خدمات المصاعد, نظام كاميرات مراقبة, كافيتيريا, خدمة غسيل ملابس, مطبخ مشترك, تسهيلات لأصحاب الهمم, مواقف سيارات, غرفة دراسة, حراسة 24 ساعة, خدمات تنظيف, عدد الطوابق, خدمات صيانة, garden, balcony",2.0,,,,36681.03448275862,
321887011,https://www.bayut.eg/تفاصيل-503988289/العقار.html,algolia,False,,sale,duplex,7707528.0,,EGP,3.0,4.0,255.0,"Egypt, Cairo, New Capital City, Hava",Blue Sky Real Estate,False,2026-08-24,,,,,Cairo,New Capital City,Hava,,,,primary,installments,770752.0,,10.0,,,,"First Aid Medical Center, Cafeteria or Canteen, Balcony or Terrace, Lawn or Garden, Security Staff, Gym or Health Club, Swimming Pool, Barbeque Area, Day Care Center, Business Center, Jacuzzi, Kids Play Area, Sauna, CCTV Security, مركز للإسعافات الأولية, كافيتيريا, شرفة أو تراس, حديقة, أمن و حماية, صالة رياضية أو نادي صحي, مسبح, مكان مخصص للشواء, مركز رعاية أطفال, مركز أعمال, جاكوزي, منطقة لعب للأطفال, ساونا, نظام كاميرات مراقبة, pool, balcony",,,,,30225.6,
321887040,https://www.bayut.eg/تفاصيل-503988188/العقار.html,algolia,False,,sale,penthouse,9550000.0,,EGP,4.0,3.0,217.0,"Egypt, Cairo, Mostakbal City, Sarai",Closer Real Estate,False,2026-08-24,,,Madinaty,,Cairo,Mostakbal City,Sarai,,,,primary,both,,,12.0,,,,"Covered parking, Balcony or Terrace, Pets Allowed, Security Staff, Gym or Health Club, Storage Areas, Electricity Backup, Facilities for Disabled, 24 Hours Concierge, مواقف مغطاة للسيارات, شرفة أو تراس, مسموح بالحيوانات الاليفة, أمن و حماية, صالة رياضية أو نادي صحي, مناطق تخزين, نظام كهرباء احتياطي للطوارئ, تسهيلات لأصحاب الهمم, حراسة 24 ساعة, pool",,,,,44009.21658986175,
503988094,https://www.bayut.eg/en/property/details-503988094.html,algolia,True,detail_html,sale,other,13000000.0,,EGP,4.0,4.0,279.0,"Egypt, Giza, Sheikh Zayed, Park Valley Compound",Ask Properties,False,2026-08-24,"Installments up to 14 years with equal payments and a down payment of 5%. An opportunity to own in the Park Valley compound in Sheikh Zayed. 

Own an independent villa in the Park Valley compound in New Zayed. 

Prime and strategic location, a final opportunity before it's sold out. Book an independent villa with spaces starting from 278.8m. 

Total price = 13,000,000 EGP. 

Comfortable payment plans up to 14 years. 

With a down payment starting from 5% and a 5% discount. 

Delivery within 3 years. 
Not ready for viewing. 

Enjoy comprehensive recreational services. 

Contact us to book or for details at View Contact Detail.",en,Park Valley,,Giza,Sheikh Zayed,Park Valley Compound,,ready,,primary,installments,650000.0,5.0,14.0,,,,"Swimming Pool, Electricity Meter, Water Meter, Storage Areas, Natural Gas, Barbeque Area, Day Care Center, Electricity Backup, Waste Disposal, First Aid Medical Center, Freehold, Furnished, Balcony or Terrace, Built in Kitchen Appliances, Covered parking, Lawn or Garden, Security Staff, Gym or Health Club, Laundry Room, Conference Room, Jacuzzi, Kids Play Area, Sauna, Steam Room, Distance From Airport (kms), Maintenance Staff, Cafeteria or Canteen, Laundry Facility, Shared Kitchen, Facilities for Disabled, 24 Hours Concierge, Cleaning Services, مسبح, عداد كهرباء, عداد مياه, مناطق تخزين, غاز طبيعي, مكان مخصص للشواء, مركز رعاية أطفال, نظام كهرباء احتياطي للطوارئ, مكبّ نفايات, مركز للإسعافات الأولية, التملك الحر, مفروشة, شرفة أو تراس, أجهزة مطبخ مدمجة, مواقف مغطاة للسيارات, حديقة, أمن و حماية, صالة رياضية أو نادي صحي, غرفة غسيل, غرفة اجتماعات, جاكوزي, منطقة لعب للأطفال, ساونا, غرفة بخار, المسافة من المطار (كم), خدمات صيانة, كافيتيريا, خدمة غسيل ملابس, مطبخ مشترك, تسهيلات لأصحاب الهمم, حراسة 24 ساعة, خدمات تنظيف",,,,,46594.98207885305,
503987952,https://www.bayut.eg/en/property/details-503987952.html,algolia,True,detail_html,sale,apartment,6216000.0,,EGP,3.0,3.0,155.0,"Egypt, Cairo, Madinaty",Vertex REAL ESTATE MARKTING,False,2026-08-24,"Apartment for Sale in Madinaty B8 | 155 sqm | Installment Plan | Double Garden & The Spine View
A rare opportunity to own a spacious apartment in one of the newest and most prestigious phases of Madinaty B8, with a convenient installment plan and an excellent location in the heart of Madinaty. 
Property Details
Location: B8 – Group 89
Size: 155 sqm
Second Floor
3 Bedrooms Including 1 Master Bedroom
3 Bathrooms
Large Three-Piece Reception
Kitchen
Double View Overlooking the Garden and The Spine
First Use – Never Occupied
The building is completed and currently in the finishing stage
Expected Handover: Within One Year
Prime Location
Located in the heart of Madinaty
Close to Open Air Mall
Near the Banks Complex
Close to Madinaty Gate 2
Steps Away from The Spine
Financial Details
Total Contract Value: 6,216,000 EGP
Paid: 2,052,000 EGP
Monthly Installment: 23,000 EGP
Annual Installment: 230,000 EGP
Next Installment Due: March 2027
Attractive Over Price for Immediate Transfer
A great opportunity for both living and investment, with a premium location and a long-term installment plan. 
Note: Photos are of the same apartment model and are for illustration purposes
For Inquiries & Viewing
Mahmoud Mamdouh
View Contact Detail
View Contact Detail
Vertex Homes
Real Estate Marketing & Investment",en,Madinaty,,Cairo,Madinaty,Madinaty,,ready,,resale,installments,2052000.0,,,23000.0,monthly,,"Balcony or Terrace, Security Staff, Water Meter, Landline, Double Glazed Windows, Waste Disposal, Broadband Internet, Satellite/Cable TV, Intercom, Maintenance Staff, CCTV Security, 24 Hours Concierge, Cleaning Services, شرفة أو تراس, أمن و حماية, عداد مياه, خط أرضي, نوافذ زجاجية مزدوجة, مكبّ نفايات, انترنت واسع النطاق, كابل قنوات تلفزيونية, اتصال داخلي, خدمات صيانة, نظام كاميرات مراقبة, حراسة 24 ساعة, خدمات تنظيف, garden",3.0,,,,40103.22580645161,
503987873,https://www.bayut.eg/en/property/details-503987873.html,algolia,True,detail_html,sale,villa,20000000.0,,EGP,5.0,6.0,503.0,"Egypt, Matruh, North Coast, Sidi Abdel Rahman, Hacienda Bay",4 C,False,2026-08-24,"YARA KHALIFA


Under Market Price Urgent Sale Villa Resale Hacienda Bay

Fully Furnished – Private Pool Potential

Hacienda Bay – North Coast

villa – 3 Floors

Land Area: 503 m

BUA: 323 m

5 Bedrooms

3 Master Bedrooms

Nanny’s Room with Private Bathroom

6 Bathrooms

Fully Furnished with Furniture & Appliances

Suitable for Installing a Private Swimming Pool

Asking Price: 20,000,000

Slightly Negotiable

For quick showing – Call – WhatsApp

Discover additional units for sale in prime locations such as Mountain View Hyde Park, Palm Hills New Cairo, Mivida, Fifth Square, Mountain View iCity, and Taj City at competitive prices. Don’t miss out!",en,Mountain View Hyde Park,Mountain View (DMG),Matruh,North Coast,Sidi Abdel Rahman,furnished,ready,,resale,,,,,,,,"Cafeteria or Canteen, Jacuzzi, Kids Play Area, Conference Room, Swimming Pool, Electricity Meter, Laundry Room, Business Center, CCTV Security, Laundry Facility, Shared Kitchen, 24 Hours Concierge, Balcony or Terrace, Covered parking, Pets Allowed, Lawn or Garden, Security Staff, Gym or Health Club, Sea view, Barbeque Area, Day Care Center, First Aid Medical Center, Sauna, Steam Room, كافيتيريا, جاكوزي, منطقة لعب للأطفال, غرفة اجتماعات, مسبح, عداد كهرباء, غرفة غسيل, مركز أعمال, نظام كاميرات مراقبة, خدمة غسيل ملابس, مطبخ مشترك, حراسة 24 ساعة, شرفة أو تراس, مواقف مغطاة للسيارات, مسموح بالحيوانات الاليفة, حديقة, أمن و حماية, صالة رياضية أو نادي صحي, يطل على البحر, مكان مخصص للشواء, مركز رعاية أطفال, مركز للإسعافات الأولية, ساونا, غرفة بخار, pool",,,,True,39761.431411530815,
503987840,https://www.bayut.eg/en/property/details-503987840.html,algolia,True,detail_html,sale,apartment,5000000.0,,EGP,0.0,1.0,60.0,"Egypt, Cairo, New Cairo, Rehab City",Start Homes 2,False,2026-08-24,"For Investment Seekers: Studio Apartment for Sale in Al Rehab City - New Cairo

Located in the new Phase 7, in a prime location near all amenities. 

Near the Eastern Market, East Court, and the Martyr Pilot Mosque. Finished by the company. 

Open view overlooking a wide garden. 

Area: 60 square meters

Consists of: Bedrooms + Bathroom

Easy viewings available

At a special price

Asking price: 5,000,000 EGP furnished and equipped

=========================

For more details about the unit or different sizes,

Please contact us at:

View Contact Detail

Contact us directly on WhatsApp via this link:

https://wa. me/2View Contact Detail

Agent directly from the owner

Start Homes Real Estate Marketing Company in Al Rehab City and Madinaty. Sales Executive. Start Homes Company. Agent directly from the owner. 

Gateway Mall - Office AF6 - First Floor - Al Rehab City - New Cairo",en,Madinaty,,Cairo,New Cairo,Rehab City,furnished,ready,,resale,,,,,,,,garden,,,,,83333.33333333333,
503987753,https://www.bayut.eg/en/property/details-503987753.html,algolia,True,detail_html,sale,apartment,6000000.0,,EGP,3.0,3.0,179.0,"Egypt, Cairo, New Cairo, 5th Settlement, El Lotus",Meamar Group,False,2026-08-24,"apartment for sale el lotus 5th setlement new cairo
area 179m first floor 3 bedrooms, 3 bathrooms, reception, kitchen, terrace ready to move
price 6000000EGP cash
contact View Contact Detail",en,,,Cairo,New Cairo,5th Settlement,,ready,,resale,cash,,,,,,,balcony,3.0,,,,33519.5530726257,
503987476,https://www.bayut.eg/en/property/details-503987476.html,algolia,True,detail_html,sale,apartment,15000000.0,,EGP,4.0,3.0,220.0,"Egypt, Cairo, New Cairo, 5th Settlement, District 5 Compound",Falcon Real Estate,False,2026-08-24,"Duplex for Sale in a Prime Location at District 5 – Minutes from the American University in Cairo
Open Landscape View and Close to All Amenities Within the Compound
Spacious Area: 220 sqm – Landscape View
Smart Layout: 4 Bedrooms – 2 Bathrooms – Reception with a Stunning View
North-Facing Unit with Maximum Privacy
For Viewings and More Details: View Contact Detail + WhatsApp",en,District 5,,Cairo,New Cairo,5th Settlement,,ready,,primary,,,,,,,,"Balcony or Terrace, Lawn or Garden, Security Staff, Gym or Health Club, Swimming Pool, Barbeque Area, Day Care Center, CCTV Security, شرفة أو تراس, حديقة, أمن و حماية, صالة رياضية أو نادي صحي, مسبح, مكان مخصص للشواء, مركز رعاية أطفال, نظام كاميرات مراقبة, garden",,,,,68181.81818181818,
503987467,https://www.bayut.eg/en/property/details-503987467.html,algolia,True,detail_html,sale,villa,21900000.0,,EGP,4.0,4.0,220.0,"Egypt, Cairo, Shorouk City, EL Patio 5",Property Hills One 1,False,2026-08-24,"Special discount for a villa for sale with immediate delivery from La Vista next to Madinaty and Sodic East with panoramic view on a landscape in El Patio 5 East - Al Shorouk


{ Ground floor with private garden + First + Roof }
The rooms have a full sea view with privacy. 
Immediate delivery, ready for living. 
Private garage. 
Prime location with green spaces. 
And close to most major hubs in a fully-serviced compound. 
- Price after cash discount: 21,900,000
- Available to pay a down payment and install the remaining with flexible installments without interest. 


For more details, you can contact via WhatsApp or mobile at View Contact Detail



- The main features of El Patio 5 East compound:
Clubhouse
International school and nurseries
Sports club
Swimming pools in different shapes
Gym
Restaurants and cafes area
Commercial area
Barbecue area
Kids Area
Administrative area with shared working spaces
Cinema
Covered garages
Landscape
Walking and running tracks
24/7 security and guarding",en,Madinaty,La Vista Developments,Cairo,Shorouk City,EL Patio 5,,ready,,primary,both,,,,,,,"Balcony or Terrace, Built in Kitchen Appliances, Central A/C & heating, Covered parking, Maids Room, Pets Allowed, Lawn or Garden, Security Staff, Gym or Health Club, Swimming Pool, Electricity Meter, Centrally Air-Conditioned, Storage Areas, Landline, Barbeque Area, Double Glazed Windows, Central Heating, Day Care Center, Electricity Backup, Waste Disposal, First Aid Medical Center, Shared Kitchen, Facilities for Disabled, 24 Hours Concierge, Cleaning Services, Freehold, Laundry Room, Broadband Internet, Satellite/Cable TV, Business Center, Conference Room, Intercom, Jacuzzi, Kids Play Area, Sauna, Steam Room, Maintenance Staff, CCTV Security, Cafeteria or Canteen, Laundry Facility, شرفة أو تراس, أجهزة مطبخ مدمجة, تدفئة وتكييف مركزي, مواقف مغطاة للسيارات, غرفة خدم, مسموح بالحيوانات الاليفة, حديقة, أمن و حماية, صالة رياضية أو نادي صحي, مسبح, عداد كهرباء, نظام تبريد مركزي, مناطق تخزين, خط أرضي, مكان مخصص للشواء, نوافذ زجاجية مزدوجة, تدفئة مركزية, مركز رعاية أطفال, نظام كهرباء احتياطي للطوارئ, مكبّ نفايات, مركز للإسعافات الأولية, مطبخ مشترك, تسهيلات لأصحاب الهمم, حراسة 24 ساعة, خدمات تنظيف, التملك الحر, غرفة غسيل, انترنت واسع النطاق, كابل قنوات تلفزيونية, مركز أعمال, غرفة اجتماعات, اتصال داخلي, جاكوزي, منطقة لعب للأطفال, ساونا, غرفة بخار, خدمات صيانة, نظام كاميرات مراقبة, كافيتيريا, خدمة غسيل ملابس, pool, security, garage, garden, sea view, clubhouse, gym",,,,,99545.45454545454,
321884179,https://www.bayut.eg/تفاصيل-503987466/العقار.html,algolia,False,,sale,townhouse,20900000.0,,EGP,3.0,4.0,225.0,"Egypt, Cairo, New Cairo, 5th Settlement, Palm Hills New Cairo Compound",Egypt Best Properties (EBP),False,2026-08-24,,,Palm Hills New Cairo,Palm Hills Developments,Cairo,New Cairo,5th Settlement,,ready,,primary,installments,,,,,,,"Balcony or Terrace, Built in Kitchen Appliances, Covered parking, Lawn or Garden, Gym or Health Club, Swimming Pool, Electricity Meter, Barbeque Area, Day Care Center, First Aid Medical Center, Laundry Room, Jacuzzi, Kids Play Area, Sauna, Steam Room, Cafeteria or Canteen, Laundry Facility, Shared Kitchen, شرفة أو تراس, أجهزة مطبخ مدمجة, مواقف مغطاة للسيارات, حديقة, صالة رياضية أو نادي صحي, مسبح, عداد كهرباء, مكان مخصص للشواء, مركز رعاية أطفال, مركز للإسعافات الأولية, غرفة غسيل, جاكوزي, منطقة لعب للأطفال, ساونا, غرفة بخار, كافيتيريا, خدمة غسيل ملابس, مطبخ مشترك",,,,,92888.88888888889,
503987419,https://www.bayut.eg/en/property/details-503987419.html,algolia,True,detail_html,sale,villa,27686000.0,,EGP,3.0,3.0,305.0,"Egypt, Cairo, Madinaty",AL Essamy Group,False,2026-08-24,"Old reservation with installment over 10 years on a corner passage at VG3
First installment period over 10 years

The best model of a twin villa in Madinaty E3
Land area: 305 sqm
Built area: 266 sqm
Features
Overlooking a clear garden
Facing East-West
The villa is in a very distinguished location near the services of the stage
And next to the Four Seasons resort
The unit has a comfortable installment system
Transfer and ownership transfer free at Talaat Mostafa
Located on a moderate and non-wasted land area

Divided into
Ground floor :-
3 reception rooms + kitchen + guest bathroom + storage
First floor :-
3 bedrooms, master bedroom - 2 bathrooms - living room
Roof :-
Service room with bathroom on an area of 25% of the built area

Financial details

Total price of the villa = 27,686,000
Total deposit = 1,800,000
Total payments = 8,250,000
The offer = 6,000,000
Required down payment =
14,250,000

Property code: 36502",en,Madinaty,,Cairo,Madinaty,Madinaty,,,,resale,installments,14250000.0,,10.0,,,,"Balcony or Terrace, Built in Kitchen Appliances, Lawn or Garden, Security Staff, Gym or Health Club, Barbeque Area, Kids Play Area, CCTV Security, شرفة أو تراس, أجهزة مطبخ مدمجة, حديقة, أمن و حماية, صالة رياضية أو نادي صحي, مكان مخصص للشواء, منطقة لعب للأطفال, نظام كاميرات مراقبة, garden",,,,,90773.77049180328,
503987385,https://www.bayut.eg/en/property/details-503987385.html,algolia,True,detail_html,sale,chalet,8400000.0,,EGP,3.0,2.0,150.0,"Egypt, Matruh, North Coast, Alamein, Marina 8",Falcon Real Estate,False,2026-08-24,"Own a ground-floor chalet with a private garden in the heart of New Alamein. 
Prime Location:
Just minutes away from New Alamein Towers and Hacienda Bay. 
Area: 150 sqm
Private Garden: 110 sqm
Unique Layout:
3 bedrooms + 2 bathrooms + spacious reception
View:
Panoramic views of landscapes and the lagoon
Down payment : 840 k + installment 
For more information & inquiries:
View Contact Detail (Call & WhatsApp)",en,Hacienda Bay,,Matruh,North Coast,Alamein,,ready,,primary,installments,840000.0,,,,,,"Balcony or Terrace, Built in Kitchen Appliances, Lawn or Garden, Security Staff, Gym or Health Club, Swimming Pool, Barbeque Area, First Aid Medical Center, Jacuzzi, Sauna, CCTV Security, شرفة أو تراس, أجهزة مطبخ مدمجة, حديقة, أمن و حماية, صالة رياضية أو نادي صحي, مسبح, مكان مخصص للشواء, مركز للإسعافات الأولية, جاكوزي, ساونا, نظام كاميرات مراقبة, pool, garden",,110.0,,,56000.0,
503987316,https://www.bayut.eg/en/property/details-503987316.html,algolia,True,detail_html,sale,villa,22000000.0,,EGP,4.0,3.0,294.0,"Egypt, Matruh, North Coast, Alamein, Marina 5",Falcon Real Estate,False,2026-08-24,"VIP First-Row Villa Directly on the Sea – Lesan El Wozaraa, Marina 5
Area: 294 sqm + 115 sqm Private Garden
Ultra-Modern Finishing, Fully Furnished & Equipped with Appliances
Open Sea View – Exceptional Location – Immediate Delivery
For Details & Viewing: View Contact Detail + WhatsApp
______________________________________________",en,Marina,,Matruh,North Coast,Alamein,furnished,ready,,primary,,,,,,,,"Balcony or Terrace, Built in Kitchen Appliances, Lawn or Garden, Security Staff, CCTV Security, Gym or Health Club, Swimming Pool, Barbeque Area, Day Care Center, First Aid Medical Center, شرفة أو تراس, أجهزة مطبخ مدمجة, حديقة, أمن و حماية, نظام كاميرات مراقبة, صالة رياضية أو نادي صحي, مسبح, مكان مخصص للشواء, مركز رعاية أطفال, مركز للإسعافات الأولية, garden, sea view",,,,,74829.93197278911,
321886954,https://www.bayut.eg/تفاصيل-503987285/العقار.html,algolia,False,,sale,chalet,20000000.0,,EGP,2.0,3.0,128.0,"Egypt, Matruh, North Coast, Ramla",Apart Investment,False,2026-08-24,,,,Marakez,Matruh,North Coast,Ramla,furnished,,,primary,installments,1000000.0,,8.0,8.0,,,"Central A/C & heating, Storage Areas, Natural Gas, Electricity Backup, Waste Disposal, Prayer Room, Pets Allowed, Lawn or Garden, Swimming Pool, Sea view, Centrally Air-Conditioned, Water Meter, Landline, Barbeque Area, Double Glazed Windows, Central Heating, Laundry Room, Covered parking, Maids Room, Day Care Center, Service Elevators, Business Center, Conference Room, Intercom, Sauna, Steam Room, Maintenance Staff, CCTV Security, Cafeteria or Canteen, Shared Kitchen, Cleaning Services, Built in Kitchen Appliances, Security Staff, Gym or Health Club, Electricity Meter, Lobby in Building, Freehold, Furnished, Laundry Facility, Facilities for Disabled, Study Room, 24 Hours Concierge, Balcony or Terrace, First Aid Medical Center, Broadband Internet, Satellite/Cable TV, ATM Facility, Jacuzzi, Kids Play Area, Reception/Waiting Room, تدفئة وتكييف مركزي, مناطق تخزين, غاز طبيعي, نظام كهرباء احتياطي للطوارئ, مكبّ نفايات, غرفة صلاة, مسموح بالحيوانات الاليفة, حديقة, مسبح, يطل على البحر, نظام تبريد مركزي, عداد مياه, خط أرضي, مكان مخصص للشواء, نوافذ زجاجية مزدوجة, تدفئة مركزية, غرفة غسيل, مواقف مغطاة للسيارات, غرفة خدم, مركز رعاية أطفال, خدمات المصاعد, مركز أعمال, غرفة اجتماعات, اتصال داخلي, ساونا, غرفة بخار, خدمات صيانة, نظام كاميرات مراقبة, كافيتيريا, مطبخ مشترك, خدمات تنظيف, أجهزة مطبخ مدمجة, أمن و حماية, صالة رياضية أو نادي صحي, عداد كهرباء, ردهة إستقبال, التملك الحر, مفروشة, خدمة غسيل ملابس, تسهيلات لأصحاب الهمم, غرفة دراسة, حراسة 24 ساعة, شرفة أو تراس, مركز للإسعافات الأولية, انترنت واسع النطاق, كابل قنوات تلفزيونية, توفر أجهزة السحب الآلي, جاكوزي, منطقة لعب للأطفال, غرفة استقبال /انتظار, pool",,,,,156250.0,
503987277,https://www.bayut.eg/en/property/details-503987277.html,algolia,True,detail_html,sale,villa,20000000.0,,EGP,4.0,4.0,263.0,"Egypt, Matruh, North Coast, Alamein, Marina 5",Falcon Real Estate,False,2026-08-24,"VIP First-Row Direct Beachfront Villa – Lissan El Wozaraa, Marina 5
Area: 263 sqm + Private Garden
ULTRA MODERN finishing, fully furnished & equipped with appliances
Open Sea View – Prime Location – Immediate Delivery
For Details & Viewing: View Contact Detail + WHATSAPP
____________________________________________",en,Marina 8,,Matruh,North Coast,Alamein,furnished,ready,,primary,,,,,,,,"Day Care Center, Balcony or Terrace, Swimming Pool, Barbeque Area, Lawn or Garden, Security Staff, Gym or Health Club, First Aid Medical Center, Jacuzzi, Sauna, CCTV Security, مركز رعاية أطفال, شرفة أو تراس, مسبح, مكان مخصص للشواء, حديقة, أمن و حماية, صالة رياضية أو نادي صحي, مركز للإسعافات الأولية, جاكوزي, ساونا, نظام كاميرات مراقبة, garden, sea view",,,,,76045.62737642585,
503987212,https://www.bayut.eg/en/property/details-503987212.html,algolia,True,detail_html,sale,chalet,22000000.0,,EGP,3.0,3.0,180.0,"Egypt, Matruh, North Coast, Ramla",Egypt Best Properties (EBP),False,2026-08-24,"Chalet
180 Meters
3 Bedrooms
3 Bathrooms
Fully Finished with Ac's
Price 22 Million
Dp: 5% and 8 years installments
----------------------------------------
Marakez developed the Ramla North Coast Resort in Ras El Hekma, Egypt, specifically on the 215th km of the Alexandria - Marsa Matrouh Road (International Coastal Road). Established to be a place where everyone can celebrate life, Ramla El Sahel offers a simple yet soulful experience. 

The developer implemented a broad array of amenities in the Ramla North Coast Project, from a wide beachfront with a myriad of activities to crafting a natural paradise where vacationers get to unwind, relax, and enjoy a great outdoor experience. 

#Lotfy",en,,Marakez,Matruh,North Coast,Ramla,fully finished,ready,,primary,installments,1100000.0,,8.0,,,,"Balcony or Terrace, Built in Kitchen Appliances, Covered parking, Pets Allowed, Lawn or Garden, Security Staff, Gym or Health Club, Swimming Pool, Electricity Meter, Sea view, Barbeque Area, Day Care Center, First Aid Medical Center, Laundry Room, Business Center, Conference Room, Jacuzzi, Kids Play Area, Sauna, Steam Room, CCTV Security, Cafeteria or Canteen, Laundry Facility, Shared Kitchen, 24 Hours Concierge, شرفة أو تراس, أجهزة مطبخ مدمجة, مواقف مغطاة للسيارات, مسموح بالحيوانات الاليفة, حديقة, أمن و حماية, صالة رياضية أو نادي صحي, مسبح, عداد كهرباء, يطل على البحر, مكان مخصص للشواء, مركز رعاية أطفال, مركز للإسعافات الأولية, غرفة غسيل, مركز أعمال, غرفة اجتماعات, جاكوزي, منطقة لعب للأطفال, ساونا, غرفة بخار, نظام كاميرات مراقبة, كافيتيريا, خدمة غسيل ملابس, مطبخ مشترك, حراسة 24 ساعة",,,,,122222.22222222222,
321886652,https://www.bayut.eg/تفاصيل-503986438/العقار.html,algolia,False,,sale,chalet,7000000.0,,EGP,3.0,3.0,130.0,"Egypt, Suez, Ain Sukhna, Telal Sokhna",Falcon Real Estate,False,2026-08-24,,,Telal,La Vista Developments,Suez,Ain Sukhna,Telal Sokhna,,ready,,primary,cash,,,,,,40.0,"Covered parking, Pets Allowed, Sea view, مواقف مغطاة للسيارات, مسموح بالحيوانات الاليفة, يطل على البحر, sea view",,,,,53846.153846153844,
321887013,https://www.bayut.eg/تفاصيل-503986390/العقار.html,algolia,False,,sale,chalet,2800000.0,,EGP,2.0,2.0,100.0,"Egypt, Matruh, North Coast, Hammam, Cavara Resort",First Move,False,2026-08-24,,,,,Matruh,North Coast,Hammam,fully finished,ready,,primary,installments,,0.0,8.0,,,,"Lawn or Garden, Barbeque Area, Gym or Health Club, Water Meter, First Aid Medical Center, Balcony or Terrace, Covered parking, Security Staff, Swimming Pool, Electricity Meter, Service Elevators, Kids Play Area, Maintenance Staff, CCTV Security, Cafeteria or Canteen, Cleaning Services, حديقة, مكان مخصص للشواء, صالة رياضية أو نادي صحي, عداد مياه, مركز للإسعافات الأولية, شرفة أو تراس, مواقف مغطاة للسيارات, أمن و حماية, مسبح, عداد كهرباء, خدمات المصاعد, منطقة لعب للأطفال, خدمات صيانة, نظام كاميرات مراقبة, كافيتيريا, خدمات تنظيف, pool, balcony",,,,,28000.0,
503986312,https://www.bayut.eg/en/property/details-503986312.html,algolia,True,detail_html,sale,other,17500000.0,,EGP,6.0,5.0,340.0,"Egypt, Giza, Sheikh Zayed, Alma Compound",Driven Properties,False,2026-08-24,"Largest Twin House Ready To Move for Sale in Alma Compound Sheikh Zayed Near Hyper one Arkan 1th District

Unit Details:
Location: Alma Compound – Sheikh Zayed
Twin House
Immediate Delivery

Land Area: 340 sqm
Built-up Area: 320 sqm

4 Bedrooms (Including 2 Master Bedrooms)
Master Guest Bedroom (Ground Floor)
5 Bathrooms
Reception (3 Pieces)
Kitchen
Living Room
Maid's Room
Roof
Private Garden

Price: 17,500,000




Project Features:
Prime location in Alma Compound – Sheikh Zayed
Luxury gated residential community
24/7 security and facility management
Wide green areas and landscaped surroundings
Modern architectural design
Premium lifestyle community
Easy access to Waslet Dahshur, Cairo–Alexandria Desert Road, and major roads
Close to major schools, shopping destinations, and essential services
One of the most distinguished residential communities in West Cairo",en,الما الشيخ زايد,,Giza,Sheikh Zayed,Alma Compound,furnished,ready,,resale,,,,,,,,"Natural Gas, Landline, Double Glazed Windows, Central Heating, Facilities for Disabled, Day Care Center, Electricity Backup, Waste Disposal, First Aid Medical Center, Service Elevators, Freehold, Furnished, Prayer Room, Laundry Room, Broadband Internet, Satellite/Cable TV, Business Center, Conference Room, Intercom, ATM Facility, Jacuzzi, Kids Play Area, Reception/Waiting Room, Sauna, Steam Room, Maintenance Staff, CCTV Security, Cafeteria or Canteen, Laundry Facility, Shared Kitchen, Balcony or Terrace, Built in Kitchen Appliances, Central A/C & heating, Covered parking, Maids Room, Pets Allowed, Lawn or Garden, Security Staff, Gym or Health Club, Swimming Pool, Electricity Meter, Sea view, Centrally Air-Conditioned, Water Meter, Storage Areas, Study Room, 24 Hours Concierge, Cleaning Services, غاز طبيعي, خط أرضي, نوافذ زجاجية مزدوجة, تدفئة مركزية, تسهيلات لأصحاب الهمم, مركز رعاية أطفال, نظام كهرباء احتياطي للطوارئ, مكبّ نفايات, مركز للإسعافات الأولية, خدمات المصاعد, التملك الحر, مفروشة, غرفة صلاة, غرفة غسيل, انترنت واسع النطاق, كابل قنوات تلفزيونية, مركز أعمال, غرفة اجتماعات, اتصال داخلي, توفر أجهزة السحب الآلي, جاكوزي, منطقة لعب للأطفال, غرفة استقبال /انتظار, ساونا, غرفة بخار, خدمات صيانة, نظام كاميرات مراقبة, كافيتيريا, خدمة غسيل ملابس, مطبخ مشترك, شرفة أو تراس, أجهزة مطبخ مدمجة, تدفئة وتكييف مركزي, مواقف مغطاة للسيارات, غرفة خدم, مسموح بالحيوانات الاليفة, حديقة, أمن و حماية, صالة رياضية أو نادي صحي, مسبح, عداد كهرباء, يطل على البحر, نظام تبريد مركزي, عداد مياه, مناطق تخزين, غرفة دراسة, حراسة 24 ساعة, خدمات تنظيف, security, garden, maids room",,,,,51470.58823529412,
503985804,https://www.bayut.eg/en/property/details-503985804.html,algolia,True,detail_html,sale,chalet,7940000.0,,EGP,2.0,2.0,85.0,"Egypt, Matruh, North Coast, Ras Al Hekma, Mountain View Ras Al Hekma",Gate Real Estate,False,2026-08-24,"Chalet for Sale | Resale with the Lowest Down Payment
Fully Finished 2-Bedroom Chalet – EVIYA Phase
Located in Mountain View Ras El Hikma
4th Floor – Elevator Building

Phase: Evia
BUA: 85 m

Floor 4
2 Bedrooms
2 Bathrooms
Fully Finished
Delivery Date / June 2028
Asking Price 7940000
Payment method : cash \ installment
• Down Payment: 2,950,000
• Remaining:4,988,000 (installments until 2031)
• Maintenance Fees: 585,146",en,Mountain View Ras El Hikma,Mountain View (DMG),Matruh,North Coast,Ras Al Hekma,fully finished,off-plan,2028,resale,installments,2950000.0,,,,,,elevator,4.0,,,,93411.76470588235,
503985800,https://www.bayut.eg/en/property/details-503985800.html,algolia,True,detail_html,sale,apartment,6100000.0,,EGP,2.0,2.0,96.0,"Egypt, Cairo, Madinaty",Yousef Mohamed,False,2026-08-24,"For Sale in Madinaty B15 – Group 151
A great opportunity to own a well-located ground-floor apartment in Madinaty, offering 96 sqm of practical living space in a prime location close to essential services. 
The apartment has a convenient layout and an open view over the parking area between the buildings. It is also located right next to the services, making everyday access to shops and amenities easy and convenient. 
Property Details:
Area: 96 sqmFloor: Ground Floor2 Bedrooms2 BathroomsReception AreaKitchenOpen View over the parking area between the buildingsLocated next to the servicesB15Group 151The apartment is an excellent choice for a small family looking for a convenient location in Madinaty, and it can also be a good investment opportunity thanks to its location and proximity to services. 
Asking Price: EGP 6,100,000
For more details or to schedule a viewing, please contact us.",en,Madinaty,,Cairo,Madinaty,Madinaty,,ready,,resale,,,,,,,,"Balcony or Terrace, Built in Kitchen Appliances, ATM Facility, Number of Bedrooms, Reception/Waiting Room, Pets Allowed, Lawn or Garden, Natural Gas, Landline, Double Glazed Windows, Day Care Center, Electricity Backup, Waste Disposal, First Aid Medical Center, Central A/C & heating, Covered parking, Maids Room, Security Staff, Gym or Health Club, Electricity Meter, Centrally Air-Conditioned, Broadband Internet, Satellite/Cable TV, Business Center, Intercom, Nearby Shopping Malls, Distance From Airport (kms), Maintenance Staff, CCTV Security, Facilities for Disabled, 24 Hours Concierge, Cleaning Services, Water Meter, Storage Areas, Service Elevators, Freehold, Other Nearby Places, شرفة أو تراس, أجهزة مطبخ مدمجة, توفر أجهزة السحب الآلي, عدد الغرف, غرفة استقبال /انتظار, مسموح بالحيوانات الاليفة, حديقة, غاز طبيعي, خط أرضي, نوافذ زجاجية مزدوجة, مركز رعاية أطفال, نظام كهرباء احتياطي للطوارئ, مكبّ نفايات, مركز للإسعافات الأولية, تدفئة وتكييف مركزي, مواقف مغطاة للسيارات, غرفة خدم, أمن و حماية, صالة رياضية أو نادي صحي, عداد كهرباء, نظام تبريد مركزي, انترنت واسع النطاق, كابل قنوات تلفزيونية, مركز أعمال, اتصال داخلي, مراكز تسوق قريبة, المسافة من المطار (كم), خدمات صيانة, نظام كاميرات مراقبة, تسهيلات لأصحاب الهمم, حراسة 24 ساعة, خدمات تنظيف, عداد مياه, مناطق تخزين, خدمات المصاعد, التملك الحر, أماكن قريبة أخرى, garage",2.0,,,,63541.666666666664,
321886679,https://www.bayut.eg/تفاصيل-503985702/العقار.html,algolia,False,,sale,villa,52000000.0,,EGP,4.0,4.0,305.0,"Egypt, Cairo, Mokattam, Celesta Uptown",Egypt Best Properties (EBP),False,2026-08-24,,,,Emaar Misr,Cairo,Mokattam,Celesta Uptown,furnished,ready,,resale,,,,,,,,"Pets Allowed, 24 Hours Concierge, Centrally Air-Conditioned, CCTV Security, Maids Room, Electricity Meter, Water Meter, Balcony or Terrace, Built in Kitchen Appliances, Covered parking, Security Staff, Swimming Pool, Barbeque Area, مسموح بالحيوانات الاليفة, حراسة 24 ساعة, نظام تبريد مركزي, نظام كاميرات مراقبة, غرفة خدم, عداد كهرباء, عداد مياه, شرفة أو تراس, أجهزة مطبخ مدمجة, مواقف مغطاة للسيارات, أمن و حماية, مسبح, مكان مخصص للشواء",,,,,170491.80327868852,
503985575,https://www.bayut.eg/en/property/details-503985575.html,algolia,True,detail_html,sale,apartment,11300000.0,,EGP,3.0,2.0,139.0,"Egypt, Cairo, New Cairo, 6th Settlement, Zed East Compound",Egypt Best Properties (EBP),False,2026-08-24,"Very Prime Location
Compound Name: Zed East
Unit Type: Apartment
Built-up Area: 139m²
Bedrooms: 3
Bathrooms: 2
Finishing: Fully Finished with ACs
Double View Z Club & Landscape
Down Payment: 8,300,000
Remaining Installments: 3,000,000 (Semi Annual)
Price: 11,300,000
---------------------------------
ZED East New Cairo Compound is a prestigious project by Ora Developers. It covers 360 acres of land in the heart of New Cairo, one of the most prestigious areas in the East. 

Ora delivered the ZED East Compound to offer its clients a sustainable living experience within an elite community in the city. It designed a unique master plan for the project, including a wide range of high-end facilities and luxurious houses. It also implemented various premium services in the ZED 5th Settlement Compound to ensure a comfortable living environment. 

Ora placed the Z East Compound in a strategic location in New Cairo, amid many high-end projects, popular destinations, and major roads. 


#Hedaya",en,Zed East,Ora Developers,Cairo,New Cairo,6th Settlement,super lux,ready,,primary,installments,8300000.0,,,,,,"Steam Room, Cafeteria or Canteen, Laundry Facility, Balcony or Terrace, Jacuzzi, Kids Play Area, Sauna, Shared Kitchen, Built in Kitchen Appliances, Covered parking, Lawn or Garden, Gym or Health Club, Swimming Pool, Electricity Meter, Barbeque Area, Day Care Center, First Aid Medical Center, Laundry Room, غرفة بخار, كافيتيريا, خدمة غسيل ملابس, شرفة أو تراس, جاكوزي, منطقة لعب للأطفال, ساونا, مطبخ مشترك, أجهزة مطبخ مدمجة, مواقف مغطاة للسيارات, حديقة, صالة رياضية أو نادي صحي, مسبح, عداد كهرباء, مكان مخصص للشواء, مركز رعاية أطفال, مركز للإسعافات الأولية, غرفة غسيل, garden",,,,,81294.96402877697,
503985444,https://www.bayut.eg/en/property/details-503985444.html,algolia,True,detail_html,sale,chalet,14500000.0,,EGP,2.0,3.0,110.0,"Egypt, Matruh, North Coast, Ras Al Hekma, El Masyaf",Egypt Best Properties (EBP),False,2026-08-24,"Chalet in Ras El Hekma Resort with Sea View, 10-Year Installments

Property Details: Two bedrooms in Ras El Hekma Resort, a prime location with a direct lagoon view and close to the sea. Delivery in one year. 

- Unit Type: Chalet
- Bedrooms: 2
- Bathrooms: 3
- Finishing: Fully finished with air conditioning

----------------------------------- Location: Ras El Hekma
- 900 meters of beachfront - 1.1 km depth
- 280 acres

- Phase 1 delivered
- 45 swimming pools, 2 lakes
- Mixed-use commercial strip, conference center

Chalet for sale with sea view, near delivery, lowest price, 5% down payment, 10-year installments. Two bedrooms at the lowest price in Ras El Hekma North Coast Resort!",en,,,Matruh,North Coast,Ras Al Hekma,fully finished,ready,,primary,installments,725000.0,5.0,,10.0,,,"Barbeque Area, Cafeteria or Canteen, مكان مخصص للشواء, كافيتيريا, pool, sea view",,,,,131818.18181818182,
503985216,https://www.bayut.eg/en/property/details-503985216.html,algolia,True,detail_html,sale,chalet,17000000.0,,EGP,2.0,2.0,150.0,"Egypt, Matruh, North Coast, Ras Al Hekma, Ogami",Egypt Best Properties (EBP),False,2026-08-24,"Chalet for sale with 8-year installments and a stunning lagoon view
- Built-up area: 150 sq m
- 2 bedrooms
- 2 bathrooms
- Kitchen
- Terrace
- Reception
- 5% down payment and installments up to 8 years

Inspired by Japanese design, this chalet integrates elements of nature and water into its overall design. 

The project features Egypt's first Nobu Hotel and Restaurant, in addition to residential units. 

Spreading across approximately 440 acres, the project boasts a long sandy beach, lagoons, and recreational and sports facilities. 

Units range from chalets and beachfront townhouses to twin houses and standalone villas. 

Payment plans include down payments starting from 5% and installments up to 8 years in several current offers. 

Location:

In Ras El Hekma, near the Dabaa Road and the Coastal Road. 

The project is approximately 30-50 minutes from New Alamein City, depending on the starting point.",en,,SODIC,Matruh,North Coast,Ras Al Hekma,,,,primary,installments,850000.0,5.0,8.0,8.0,,,"Storage Areas, Barbeque Area, Lobby in Building, First Aid Medical Center, Furnished, Prayer Room, Study Room, Cleaning Services, Maids Room, Lawn or Garden, Day Care Center, Electricity Backup, Waste Disposal, Kids Play Area, Reception/Waiting Room, Maintenance Staff, Cafeteria or Canteen, Facilities for Disabled, Balcony or Terrace, Covered parking, Gym or Health Club, Swimming Pool, Electricity Meter, Centrally Air-Conditioned, مناطق تخزين, مكان مخصص للشواء, ردهة إستقبال, مركز للإسعافات الأولية, مفروشة, غرفة صلاة, غرفة دراسة, خدمات تنظيف, غرفة خدم, حديقة, مركز رعاية أطفال, نظام كهرباء احتياطي للطوارئ, مكبّ نفايات, منطقة لعب للأطفال, غرفة استقبال /انتظار, خدمات صيانة, كافيتيريا, تسهيلات لأصحاب الهمم, شرفة أو تراس, مواقف مغطاة للسيارات, صالة رياضية أو نادي صحي, مسبح, عداد كهرباء, نظام تبريد مركزي, pool, balcony",,,,,113333.33333333333,
503985123,https://www.bayut.eg/en/property/details-503985123.html,algolia,True,detail_html,sale,chalet,15000000.0,,EGP,1.0,2.0,100.0,"Egypt, Matruh, North Coast, Ras Al Hekma, Modon",Egypt Best Properties (EBP),False,2026-08-24,"MODON Ras El Hekma | With only 5% down payment

If you're looking for a unit that combines living, investment, and a vacation, MODON Ras El Hekma is completely different from the traditional coastal project concept. 

Own a spacious one-bedroom apartment within a fully integrated city built to international standards, in one of the most important new destinations on the Mediterranean coast. 

The unit is fully finished and equipped with air conditioning and kitchen units. , with an attractive payment plan starting from a 5% down payment and installments up to eight years. 

MODON is not just a project… You're buying within a complete city. 

A city designed to combine living, tourism, investment, business, and entertainment, featuring:

• International Airport
• International Marina for yachts and water sports
• Free Zone to support business and investment
• International hotels and resorts
• Commercial and entertainment areas
• Restaurants, cafes, and integrated services
• Green spaces and water features
• Advanced infrastructure and a network of roads and main thoroughfares",en,Marina,,Matruh,North Coast,Ras Al Hekma,fully finished,,,primary,installments,750000.0,5.0,8.0,8.0,,,"First Aid Medical Center, Reception/Waiting Room, Maintenance Staff, Lawn or Garden, Gym or Health Club, Kids Play Area, Cleaning Services, Furnished, Laundry Room, Cafeteria or Canteen, Shared Kitchen, Facilities for Disabled, Study Room, Built in Kitchen Appliances, Swimming Pool, Electricity Meter, Storage Areas, Natural Gas, Barbeque Area, Central Heating, Electricity Backup, Waste Disposal, مركز للإسعافات الأولية, غرفة استقبال /انتظار, خدمات صيانة, حديقة, صالة رياضية أو نادي صحي, منطقة لعب للأطفال, خدمات تنظيف, مفروشة, غرفة غسيل, كافيتيريا, مطبخ مشترك, تسهيلات لأصحاب الهمم, غرفة دراسة, أجهزة مطبخ مدمجة, مسبح, عداد كهرباء, مناطق تخزين, غاز طبيعي, مكان مخصص للشواء, تدفئة مركزية, نظام كهرباء احتياطي للطوارئ, مكبّ نفايات",,,,,150000.0,
503985086,https://www.bayut.eg/en/property/details-503985086.html,algolia,True,detail_html,sale,apartment,10000000.0,,EGP,3.0,3.0,131.0,"Egypt, Giza, Sheikh Zayed, Dejoya",Egypt Best Properties (EBP),False,2026-08-24,"apartment for sale in DeJoya Residence, New Zayed City

apartment | Dejoya New Zayed

Own a spacious apartment in Dejoya New Zayed, ideally located next to Sphinx Airport and Sodic Estates. 

Unit Details :pool view

- 3 Bedrooms
- 3 Bathrooms
- Spacious Area
-- Longest Payment Plan

Project Amenities:

- Lowest Built-up Load Ratio
- All Villas Floating Over Lagoons
- Lagoons & Artificial Lakes
- Landscaped Green Areas
- Swimming Pools
- Clubhouse
- 24/7 Security & Guarding
- Integrated Services
- Distinctive Designs",en,,SODIC,Giza,Sheikh Zayed,Dejoya,,ready,,primary,installments,500000.0,,15.0,,,,"pool, security, garden, clubhouse",,,,,76335.87786259541,
503984999,https://www.bayut.eg/en/property/details-503984999.html,algolia,True,detail_html,sale,chalet,14000000.0,,EGP,1.0,1.0,60.0,"Egypt, Matruh, North Coast, Ras Al Hekma, Azha",Egypt Best Properties (EBP),False,2026-08-24,"Unit Details:
• Type: Branded Chalet
• Bedroom: 1
• Modern and luxurious design
• Prime location within the project
• Open views
• Suitable for vacation use or investment
The unit features a practical layout with comfortable living spaces, natural lighting, and excellent ventilation, offering a premium stay with privacy and comfort. 
Project Features:
• Private beach
• Multiple swimming pools
• Lagoons and water features
• Clubhouse
• Restaurants & Cafés
• Entertainment areas
• Landscaped areas
• 24/7 Security
• Integrated services
For more details & viewing:
View Contact Detail",en,Azha,,Matruh,North Coast,Ras Al Hekma,,,,primary,installments,350000.0,,,,,,"pool, security, garden, clubhouse",,,,,233333.33333333334,
503984975,https://www.bayut.eg/en/property/details-503984975.html,algolia,True,detail_html,sale,chalet,16000000.0,,EGP,4.0,3.0,200.0,"Egypt, Cairo, New Cairo, 5th Settlement, Hyde Park New Cairo Compound",Egypt Best Properties (EBP),False,2026-08-24,"Duplex for sale in Hyde Park with a 5% down payment and 8-year installments
Duplex for sale in Garden Residence, Hyde Park
4 bedrooms
3 bathrooms
Garden
Rooftop
Own a luxurious duplex in Hyde Park, New Cairo, one of the most prestigious residential compounds in East Cairo, offering a sophisticated lifestyle and exceptional investment opportunities. 

Prime location within the compound
Ideal for family living, investment, or rental
High rental demand and significant capital appreciation potential

================
About Hyde Park:

Hyde Park is a leading residential destination in New Cairo, featuring expansive green spaces, a sports club, commercial areas, schools, and medical facilities. 

One of the strongest residential compounds for investment in East Cairo, characterized by a high standard of living and high demand. 

Contact us now for the best offers and flexible payment options. Limited units available.",en,Hyde Park,,Cairo,New Cairo,5th Settlement,super lux,,,primary,installments,800000.0,5.0,8.0,,,,"Electricity Meter, Sea view, Natural Gas, Shared Kitchen, Facilities for Disabled, Cleaning Services, Balcony or Terrace, Built in Kitchen Appliances, Pets Allowed, First Aid Medical Center, Service Elevators, Prayer Room, Laundry Room, Kids Play Area, Lawn or Garden, Swimming Pool, Barbeque Area, Lobby in Building, Day Care Center, Electricity Backup, Waste Disposal, Cafeteria or Canteen, عداد كهرباء, يطل على البحر, غاز طبيعي, مطبخ مشترك, تسهيلات لأصحاب الهمم, خدمات تنظيف, شرفة أو تراس, أجهزة مطبخ مدمجة, مسموح بالحيوانات الاليفة, مركز للإسعافات الأولية, خدمات المصاعد, غرفة صلاة, غرفة غسيل, منطقة لعب للأطفال, حديقة, مسبح, مكان مخصص للشواء, ردهة إستقبال, مركز رعاية أطفال, نظام كهرباء احتياطي للطوارئ, مكبّ نفايات, كافيتيريا, garden, gym",,,,,80000.0,
503984695,https://www.bayut.eg/en/property/details-503984695.html,algolia,True,detail_html,sale,villa,21200000.0,,EGP,3.0,3.0,234.0,"Egypt, Red Sea, Soma Bay, Mesca",Egypt Best Properties (EBP),False,2026-08-24,"EXCLUSIVE 30% DISCOUNT !! FULLY FINISHED SEA VIEW VILLA FOR SALE . 
SOMA BAY - OLYAN Group Developments

FOR MORE DETAILS CONTACT ME: View Contact Detail
Unit Details: 3 Bedrooms - 3 Bathrooms -Garden - Pool - Security- Spa- Sea View - Clubhouse - Jacuzzi
----------------------------
Founded in 1947, The Olayan Group is a private, multinational enterprise with diverse commercial and industrial operations in the Middle East and an actively managed portfolio of international investments. 

The commercial side of the Group comprises more than 40 companies and is centered in Saudi Arabia, where the Group originated. They are engaged in distribution, manufacturing, and services. Many of these companies operate in partnership with leading multinational or regional firms. Some have operations in other Gulf countries and the wider Middle East. With offices in Saudi Arabia, Europe, and the US, the Group’s global investment team focuses on public and private equities, real estate, fixed income securities, and other specialized assets. Situated on the eastern shores of Egypt along the captivating Red Sea coast, Somabay offers an ideal location just a convenient 20-minute drive from Hurghada International Airport. Accessible with a mere 4-hour flight from Central Europe, this expansive, self-contained community spans an impressive ten million square meters, enveloped by the sea on three sides. Boasting some of the region’s most stunning sandy beaches and breathtaking panoramic vistas of desert mountains, Somabay promises a picturesque resort experience. Nestled within 10 million square meters of verdant landscapes, life at Somabay transports you into a world where fantasy-scapes seamlessly blend with reality, and sun-drenched activities offer endless possibilities for elevation and enjoyment. 



------------------------------

For more informations Contact Me:View Contact Detail",en,Somabay,,Red Sea,Soma Bay,Mesca,super lux,,,primary,installments,1060000.0,,,,,,"24 Hours Concierge, Cleaning Services, Conference Room, Intercom, Reception/Waiting Room, CCTV Security, Shared Kitchen, Steam Room, Maintenance Staff, Cafeteria or Canteen, Laundry Facility, Facilities for Disabled, Study Room, Balcony or Terrace, Built in Kitchen Appliances, Central A/C & heating, Covered parking, Maids Room, Lawn or Garden, Security Staff, Gym or Health Club, Swimming Pool, Electricity Meter, Centrally Air-Conditioned, Water Meter, Storage Areas, Natural Gas, Landline, Barbeque Area, Lobby in Building, Double Glazed Windows, Central Heating, Day Care Center, Waste Disposal, First Aid Medical Center, Service Elevators, Freehold, Furnished, Laundry Room, Broadband Internet, Satellite/Cable TV, Business Center, Jacuzzi, Kids Play Area, Sauna, حراسة 24 ساعة, خدمات تنظيف, غرفة اجتماعات, اتصال داخلي, غرفة استقبال /انتظار, نظام كاميرات مراقبة, مطبخ مشترك, غرفة بخار, خدمات صيانة, كافيتيريا, خدمة غسيل ملابس, تسهيلات لأصحاب الهمم, غرفة دراسة, شرفة أو تراس, أجهزة مطبخ مدمجة, تدفئة وتكييف مركزي, مواقف مغطاة للسيارات, غرفة خدم, حديقة, أمن و حماية, صالة رياضية أو نادي صحي, مسبح, عداد كهرباء, نظام تبريد مركزي, عداد مياه, مناطق تخزين, غاز طبيعي, خط أرضي, مكان مخصص للشواء, ردهة إستقبال, نوافذ زجاجية مزدوجة, تدفئة مركزية, مركز رعاية أطفال, مكبّ نفايات, مركز للإسعافات الأولية, خدمات المصاعد, التملك الحر, مفروشة, غرفة غسيل, انترنت واسع النطاق, كابل قنوات تلفزيونية, مركز أعمال, جاكوزي, منطقة لعب للأطفال, ساونا, pool, security, garden, sea view, clubhouse",,,,,90598.2905982906,
503984061,https://www.bayut.eg/en/property/details-503984061.html,algolia,True,detail_html,sale,duplex,15200000.0,,EGP,4.0,4.0,276.0,"Egypt, Cairo, Shorouk City, Al Burouj",Property Hills One,False,2026-08-24,Duplex For Sale Fully Finished Ready To Move In Al-Burouj,en,Al Burouj,,Cairo,Shorouk City,Al Burouj,fully finished,ready,,primary,,,,,,,,"Cafeteria or Canteen, Electricity Meter, Barbeque Area, Laundry Room, Jacuzzi, Steam Room, Laundry Facility, Shared Kitchen, Balcony or Terrace, Kids Play Area, Sauna, Built in Kitchen Appliances, Gym or Health Club, Swimming Pool, Day Care Center, Covered parking, Lawn or Garden, First Aid Medical Center, كافيتيريا, عداد كهرباء, مكان مخصص للشواء, غرفة غسيل, جاكوزي, غرفة بخار, خدمة غسيل ملابس, مطبخ مشترك, شرفة أو تراس, منطقة لعب للأطفال, ساونا, أجهزة مطبخ مدمجة, صالة رياضية أو نادي صحي, مسبح, مركز رعاية أطفال, مواقف مغطاة للسيارات, حديقة, مركز للإسعافات الأولية",,,,,55072.463768115944,
503984055,https://www.bayut.eg/en/property/details-503984055.html,algolia,True,detail_html,sale,apartment,9500000.0,,EGP,3.0,3.0,180.0,"Egypt, Giza, Sheikh Zayed, Zayed Dunes Compound",Property hills star,False,2026-08-24,"Prime Location Fully Finished Apartment | Ready To Move | For Sale with Installments in Sheikh Zayed
______________________________________________________

Prime Location
Located directly opposite ZED Towers and Al Rabwa, in one of the most sought-after areas of Sheikh Zayed. 
______________________________________________________

Apartment Details:
3 Bedrooms3 BathroomsBuilt-up Area: 180 sqmFully FinishedReady for Immediate Delivery______________________________________________________

Project Features:
Spanning 4 FeddansUnderground ParkingOutdoor GymOutdoor Swimming PoolsRunning TrackKids’ AreaA wide range of premium facilities and services",en,Zed Towers,,Giza,Sheikh Zayed,Zayed Dunes Compound,fully finished,ready,,primary,installments,,,,,,,"Lawn or Garden, Security Staff, CCTV Security, Cafeteria or Canteen, Laundry Facility, Gym or Health Club, Swimming Pool, Landline, First Aid Medical Center, Shared Kitchen, 24 Hours Concierge, Built in Kitchen Appliances, Laundry Room, Kids Play Area, Sauna, Barbeque Area, Satellite/Cable TV, Business Center, Conference Room, Intercom, Day Care Center, Jacuzzi, Steam Room, Broadband Internet, حديقة, أمن و حماية, نظام كاميرات مراقبة, كافيتيريا, خدمة غسيل ملابس, صالة رياضية أو نادي صحي, مسبح, خط أرضي, مركز للإسعافات الأولية, مطبخ مشترك, حراسة 24 ساعة, أجهزة مطبخ مدمجة, غرفة غسيل, منطقة لعب للأطفال, ساونا, مكان مخصص للشواء, كابل قنوات تلفزيونية, مركز أعمال, غرفة اجتماعات, اتصال داخلي, مركز رعاية أطفال, جاكوزي, غرفة بخار, انترنت واسع النطاق, pool, garage, gym",,,,,52777.77777777778,
503983973,https://www.bayut.eg/en/property/details-503983973.html,algolia,True,detail_html,sale,apartment,8000000.0,,EGP,3.0,2.0,131.0,"Egypt, Cairo, New Cairo, Rehab City",Start Homes 2,False,2026-08-24,"For Sale in Al Rehab City, Phase 8, in a very prime location. A distinguished location combining services and tranquility, next to the Rehab 2 services area. Steps from the Eastern Market and close to the Othman Ibn Affan Mosque. Special, distinctive finishes. 

For first-time occupancy. View of a park and small garden. Completely unobstructed view. Apartment area: 131 square meters. Consists of 3 bedrooms, 2 bathrooms, and a kitchen. At a very special price for a quick sale: 8,000,000 EGP. Sale includes all furnishings and appliances. 
=================================
For more details about the unit or different sizes, please contact:

Islam Ahmed

View Contact Detail

To contact directly via WhatsApp, use this link:

https://wa. me/2View Contact Detail

Islam Ahmed

Executive Sales Manager, Start Homes Company
Agent from the owner Directly
Start Homes Real Estate Marketing and Investment Company, Gateway Commercial Center - First Floor - Office No. AF6 - Al Rehab City - New Cairo",en,Al Rehab,,Cairo,New Cairo,Rehab City,furnished,ready,,resale,,,,,,monthly,,"Furnished, CCTV Security, 24 Hours Concierge, Natural Gas, Balcony or Terrace, Covered parking, Security Staff, Electricity Meter, Water Meter, مفروشة, نظام كاميرات مراقبة, حراسة 24 ساعة, غاز طبيعي, شرفة أو تراس, مواقف مغطاة للسيارات, أمن و حماية, عداد كهرباء, عداد مياه, garden",,,,,61068.70229007633,
503983926,https://www.bayut.eg/en/property/details-503983926.html,algolia,True,detail_html,sale,villa,82000000.0,,EGP,3.0,4.0,250.0,"Egypt, Red Sea, Gouna, Fanadir Bay 2",Egypt Best Properties (EBP),False,2026-08-24,"El Gouna is Strategically located on the Red Sea Coast just 20 Minutes to the Hurghada International Airport
======
The Unit is Fully Finished with Air Conditioning, Heaters, Kitchen Cabinets, and Bedroom Wardrobes. 
======
El Gouna is a year-round coastal town on Egypt's Red Sea, offering a unique environment where you can embrace infinite waterfront experiences. It’s more than just a place to live; it's a community that fosters personal growth and well-being. Whether you're seeking a temporary escape or a new home, El Gouna provides the freedom to choose your lifestyle, from connecting with nature to enjoying vibrant social scenes. With picturesque views and endless sunshine, it's an ideal investment at any time of year, allowing you to live the sea, love the life, and embrace its magic in a town like no other. 
======",en,El Gouna,,Red Sea,Gouna,Fanadir Bay 2,fully finished,ready,,primary,installments,24600000.0,,,,,,"Pets Allowed, Lawn or Garden, Security Staff, Gym or Health Club, Swimming Pool, Sea view, Centrally Air-Conditioned, Water Meter, Storage Areas, Natural Gas, Landline, Barbeque Area, First Aid Medical Center, Service Elevators, Freehold, Furnished, Broadband Internet, Satellite/Cable TV, Business Center, Conference Room, Jacuzzi, Sauna, Steam Room, Maintenance Staff, Study Room, 24 Hours Concierge, Cleaning Services, Lobby in Building, Double Glazed Windows, Central Heating, Day Care Center, Waste Disposal, Intercom, ATM Facility, CCTV Security, Cafeteria or Canteen, Laundry Facility, Shared Kitchen, Facilities for Disabled, Balcony or Terrace, Built in Kitchen Appliances, Central A/C & heating, Covered parking, Kids Play Area, Reception/Waiting Room, Maids Room, Electricity Meter, Electricity Backup, Prayer Room, Laundry Room, مسموح بالحيوانات الاليفة, حديقة, أمن و حماية, صالة رياضية أو نادي صحي, مسبح, يطل على البحر, نظام تبريد مركزي, عداد مياه, مناطق تخزين, غاز طبيعي, خط أرضي, مكان مخصص للشواء, مركز للإسعافات الأولية, خدمات المصاعد, التملك الحر, مفروشة, انترنت واسع النطاق, كابل قنوات تلفزيونية, مركز أعمال, غرفة اجتماعات, جاكوزي, ساونا, غرفة بخار, خدمات صيانة, غرفة دراسة, حراسة 24 ساعة, خدمات تنظيف, ردهة إستقبال, نوافذ زجاجية مزدوجة, تدفئة مركزية, مركز رعاية أطفال, مكبّ نفايات, اتصال داخلي, توفر أجهزة السحب الآلي, نظام كاميرات مراقبة, كافيتيريا, خدمة غسيل ملابس, مطبخ مشترك, تسهيلات لأصحاب الهمم, شرفة أو تراس, أجهزة مطبخ مدمجة, تدفئة وتكييف مركزي, مواقف مغطاة للسيارات, منطقة لعب للأطفال, غرفة استقبال /انتظار, غرفة خدم, عداد كهرباء, نظام كهرباء احتياطي للطوارئ, غرفة صلاة, غرفة غسيل, pool, sea view",,,,,328000.0,
503983561,https://www.bayut.eg/en/property/details-503983561.html,algolia,True,detail_html,sale,chalet,6750000.0,,EGP,2.0,2.0,86.0,"Egypt, Matruh, North Coast, Ras Al Hekma, Cali Coast",URZ Property,False,2026-08-23,"Own your own private garden on the lagoon in Cali Coast. This ground-floor chalet with a garden offers the luxury of a Californian atmosphere, the joy of a relaxing start to a new life, and a private green space that opens up breathtaking views and endless opportunities for family gatherings. 

View and Space: A private garden that amplifies summer enjoyment and gives you freedom of movement. 
Exceptional Location: In the heart of Ras El Hekma, where turquoise waters and white sands abound. 
Golden Investment: A real opportunity in one of the most desirable areas of the North Coast. 

Area: 86 square meters (2 bedrooms + 2 bathrooms)
Private Garden: 46 square meters
(Fully finished to an ultra-modern standard) with air conditioning

For reservations and details:

Call now: View Contact Detail

Down payment: 1,050,000 EGP, and the rest in equal installments with no interest or commissions. 

Photos are from a sample.",en,Cali Coast,Mountain View (DMG),Matruh,North Coast,Ras Al Hekma,super lux,ready,,primary,installments,1050000.0,,,,,,"pool, garden",,46.0,,,78488.37209302325,
321886670,https://www.bayut.eg/تفاصيل-503983017/العقار.html,algolia,False,,sale,other,44500000.0,,EGP,4.0,4.0,310.0,"Egypt, Cairo, Mokattam, Uptown Cairo",Egypt Best Properties (EBP),False,2026-08-23,,,,Emaar Misr,Cairo,Mokattam,Uptown Cairo,,off-plan,2027,resale,installments,20000000.0,,,,,,"Barbeque Area, CCTV Security, Balcony or Terrace, Pets Allowed, Security Staff, Swimming Pool, Covered parking, Maids Room, Electricity Meter, Water Meter, مكان مخصص للشواء, نظام كاميرات مراقبة, شرفة أو تراس, مسموح بالحيوانات الاليفة, أمن و حماية, مسبح, مواقف مغطاة للسيارات, غرفة خدم, عداد كهرباء, عداد مياه",,,,,143548.38709677418,
321886669,https://www.bayut.eg/تفاصيل-503982954/العقار.html,algolia,False,,sale,other,34800000.0,,EGP,3.0,4.0,227.0,"Egypt, Cairo, Mokattam, Uptown Cairo",Egypt Best Properties (EBP),False,2026-08-23,,,,,Cairo,Mokattam,Uptown Cairo,super lux,ready,,resale,cash,,,,,,,"Balcony or Terrace, Covered parking, Swimming Pool, Electricity Meter, Barbeque Area, CCTV Security, Maids Room, Security Staff, Pets Allowed, Water Meter, شرفة أو تراس, مواقف مغطاة للسيارات, مسبح, عداد كهرباء, مكان مخصص للشواء, نظام كاميرات مراقبة, غرفة خدم, أمن و حماية, مسموح بالحيوانات الاليفة, عداد مياه",,,,,153303.96475770924,
321886666,https://www.bayut.eg/تفاصيل-503982864/العقار.html,algolia,False,,sale,other,36920000.0,,EGP,4.0,4.0,320.0,"Egypt, Cairo, Mokattam, Uptown Cairo",Egypt Best Properties (EBP),False,2026-08-23,,,,,Cairo,Mokattam,Uptown Cairo,fully finished,ready,,resale,,,,,,,,"Pets Allowed, CCTV Security, Balcony or Terrace, Covered parking, Maids Room, Security Staff, View, Swimming Pool, Electricity Meter, Water Meter, Barbeque Area, مسموح بالحيوانات الاليفة, نظام كاميرات مراقبة, شرفة أو تراس, مواقف مغطاة للسيارات, غرفة خدم, أمن و حماية, مطل, مسبح, عداد كهرباء, عداد مياه, مكان مخصص للشواء, pool",,,,,115375.0,
208791229,https://www.bayut.eg/en/property/details-208791229.html,algolia,True,detail_html,sale,duplex,10000000.0,,EGP,3.0,4.0,320.0,"Egypt, Cairo, New Cairo, 5th Settlement, Moray",,False,2026-08-23,"دوبلكس للبيع بالياسمين ٨ التجمع الخامس أمام نادي بتروسبورت مكان مميز على نصيتين بحري في مدخل المجموعة
٣ غرف نوم ٤ حمامات
ريسبشن كبير ٣ قطع
ليفينج كبير ٣ قطع
٣ بلاكونات
متشطبة تشطيب راقي بالتكيفات
مع مدخل خاص و جراج خاص
أنا مالك الوحدة
الرجاء التواصل للجادين فقط
تم تنزيل السعر لظروف خاصة من ١١ مليون إلى ١٠ مليون",ar,,,Cairo,New Cairo,5th Settlement,fully finished,ready,,primary,,,,,,,,"Completion Year, Balcony or Terrace, Built in Kitchen Appliances, Central A/C & heating, Covered parking, Pets Allowed, Lawn or Garden, Security Staff, Electricity Meter, Water Meter, Natural Gas, Landline, سنة البناء, شرفة أو تراس, أجهزة مطبخ مدمجة, تدفئة وتكييف مركزي, مواقف مغطاة للسيارات, مسموح بالحيوانات الاليفة, حديقة, أمن و حماية, عداد كهرباء, عداد مياه, غاز طبيعي, خط أرضي, garage",,,,,31250.0,
503978601,https://www.bayut.eg/en/property/details-503978601.html,algolia,True,detail_html,sale,chalet,22000000.0,,EGP,4.0,3.0,155.0,"Egypt, Matruh, North Coast, Sidi Abdel Rahman, Marassi",conquer-properties,False,2026-08-23,"Luxury High Ceiling Chalet For Sale At Blanca Marassi Second Row Golf
BUA: 155 sqm
3 Bedrooms + Nanny Room
3 Bathrooms

Huge Terrace
Luxury Furniture
Open View
Facing North
Price: 22,000,000

About the Developer:
Developer: Emaar Misr Project: The Sierras – Uptown Cairo History: Mivida – Marassi – Soul – Uptown Cairo

Conquer Properties
Professional Real Estate Consultants in Egypt
We provide professional consultancy to help you buy, sell, or invest in Egypt’s real estate market. Our team offers data-driven insights and market analysis across both residential and commercial properties. Our goal is to empower you to achieve the best possible return on investment with minimal risk.",en,Marassi,Emaar Misr,Matruh,North Coast,Sidi Abdel Rahman,furnished,ready,,resale,,,,,,,,"24 Hours Concierge, Balcony or Terrace, Laundry Facility, Shared Kitchen, Built in Kitchen Appliances, Covered parking, Lawn or Garden, Security Staff, Gym or Health Club, Swimming Pool, Electricity Meter, Barbeque Area, Day Care Center, First Aid Medical Center, Laundry Room, Business Center, Conference Room, Jacuzzi, Kids Play Area, Sauna, Steam Room, CCTV Security, Cafeteria or Canteen, حراسة 24 ساعة, شرفة أو تراس, خدمة غسيل ملابس, مطبخ مشترك, أجهزة مطبخ مدمجة, مواقف مغطاة للسيارات, حديقة, أمن و حماية, صالة رياضية أو نادي صحي, مسبح, عداد كهرباء, مكان مخصص للشواء, مركز رعاية أطفال, مركز للإسعافات الأولية, غرفة غسيل, مركز أعمال, غرفة اجتماعات, جاكوزي, منطقة لعب للأطفال, ساونا, غرفة بخار, نظام كاميرات مراقبة, كافيتيريا, balcony",,,,,141935.48387096773,
208184298,https://www.bayut.eg/en/property/details-208184298.html,algolia,True,detail_html,sale,apartment,4200000.0,,EGP,3.0,2.0,145.0,"Egypt, Cairo, Nasr City, 8th District",,False,2026-08-22,"للبيع شقة

مدينة نصر

مصطفى النحاس
خلف عمارات التوفيقية

شقة ١٤٥ متر صافي
٣ غرف نوم
٢ حمام
مطبخ كبير
ريسيبشن واسع
٢ بلكون

تشطيب كامل

الريسبشن بورسلين مستورد
الغرف خشب مسمار
الحمامات و المطبخ الجوهرة

البلكونات كلها متقفلة
شيش الرسيبشن بالكهرباء
الشبابيك زجاج دبل عازل للصوت و للتراب

دور خامس
اسانسير خاص

عداد كهرباء قديم
عداد غاز طبيعي
ملكيه مكان في الجراج

مطلوب 4,200,000",ar,نصر مصطفي النحاس,,Cairo,Nasr City,8th District,furnished,ready,,primary,,,,,,,,"Completion Year, Balcony or Terrace, Built in Kitchen Appliances, Landline, Elevators in Building, Covered parking, Electricity Meter, Water Meter, Natural Gas, سنة البناء, شرفة أو تراس, أجهزة مطبخ مدمجة, خط أرضي, مصاعد, مواقف مغطاة للسيارات, عداد كهرباء, عداد مياه, غاز طبيعي, garage, elevator",,,,,28965.51724137931,
208780656,https://www.bayut.eg/en/property/details-208780656.html,algolia,True,detail_html,sale,apartment,4500000.0,,EGP,4.0,2.0,157.0,"Egypt, Cairo, Maadi, New Maadi",,False,2026-08-22,"شقة للبيع من المالك مباشرتا
شقه فاخره بارقى مناطق المعادى الجديده بجوار القمر الصناعي
المساحه 157 م تشطيب سوبر لوكس
3 غرف وريسيبشن 2 حمام
فيو شارع ( غرفتين وريسيبشن تطل علي الشارع)
الدور الثانى
يوجد اسانسير
انتركوم للعماره
3 غرف شبابيك الوميتال زجاج مذدوج مانع للصوت
ريسبشن ارضيه بورسلين
2 بلكونه تطل على الشارع
جراج 2 سياره اسفل العقار
السعر 4500000 كاش
عفوا الوسطاء يمتنعون
للاستفسار والمعاينة برجاء التواصل على

View Contact Detail#(View Contact Detail",mixed,,,Cairo,Maadi,New Maadi,super lux,ready,,primary,cash,,,,,,,"Completion Year, سنة البناء, garage, elevator",2.0,,,,28662.420382165605,
208767548,https://www.bayut.eg/en/property/details-208767548.html,algolia,True,detail_html,sale,apartment,1150000.0,,EGP,5.0,1.0,132.0,"Egypt, Qalyubia, Shubra al-Khaimah",,False,2026-08-22,"*مواصفات الموقع،*

*حى شبرا الخيمة ثان*
*الشارع الجديد*
*قريب من قسم شرطة شبرا الخيمة ثان والسنترال*

*مواصفات المنزل،:*
*متفرع من الشارع الجديد المدخل الثانى مباشرة من الشارع الرئيسي*
*والمنزل ناصية و الشقه بكامل الدور الرابع بمساحة ١٣٢ م و ملحق بها السطح العلوي بنفس المساحة بسلم من داخل الشقة

* الشقة كاملة التشطيب وجاهزة للسكن*
*يوجدعداد كهرباء قديم*
*ويوجد عداد الغاز قديم*
* موتور مياة مستقل*
*وتشطيب الحمام والمطبخ سوبر لوكس *
*بلاط الشقة ليس بلاط عادي ولكنه كسر رخام*
*والسطح مبلط ومعزول بالكامل مع وجود مخارج المياه*

*السعر الإجمالي،،*
*[١. ١٥٠جم]*
الوسطاء يمتنعون",ar,,,Qalyubia,Shubra al-Khaimah,Shubra al-Khaimah,super lux,ready,,primary,,,,,,,,"Completion Year, Electricity Meter, Water Meter, Natural Gas, Landline, سنة البناء, عداد كهرباء, عداد مياه, غاز طبيعي, خط أرضي",4.0,,,,8712.121212121212,
208774999,https://www.bayut.eg/en/property/details-208774999.html,algolia,True,detail_html,sale,apartment,3400000.0,,EGP,4.0,2.0,160.0,"Egypt, Giza, Hadayek October, Degla Gardens",,False,2026-08-21,"شقه في ( 6 أكتوبر) كمبوند دجله جاردنز
الدور (3)
الشقه الواحده 80 م
شقتين مفتوحين على بعض
. . 4 غرف
منهم 2 مفتوحين على بعض غرفه نوم رئيسيه
وغرفه معيشه وغرفه اطفال
وينفع يبقو غرفتين اطفال
الصاله مفتوحين على بعض
. . المطبخ مفتوحين على بعض
. . معمول حساب التكيفات فى جميع الشقه
مع صرف مياه التكيف داخل مواسير داخليه ف الشقه
الشقه كلها شبابيك الومتال
. . . . . 
مطلوب 3 مليون و400 الف قابل للتفاوض البسيط
متاح فيديو للشقه
أ / عبدالله
View Contact Detail#View Contact Detail#(View Contact Detail#(View Contact Detail))",mixed,,,Giza,Hadayek October,Degla Gardens,,ready,,primary,,,,,,,,"Completion Year, Balcony or Terrace, Covered parking, Pets Allowed, Security Staff, سنة البناء, شرفة أو تراس, مواقف مغطاة للسيارات, مسموح بالحيوانات الاليفة, أمن و حماية, garden",,,,True,21250.0,
321886702,https://www.bayut.eg/تفاصيل-503970247/العقار.html,algolia,False,,sale,apartment,4825000.0,,EGP,3.0,2.0,170.0,"Egypt, Cairo, Zahraa Al Maadi",Benchmark Arabia,False,2026-08-20,,,,,Cairo,Zahraa Al Maadi,,,,,primary,installments,1206250.0,,,,,,"Security Staff, Distance From Airport (kms), Nearby Public Transport, CCTV Security, Elevators in Building, 24 Hours Concierge, أمن و حماية, المسافة من المطار (كم), مواصلات نقل عامة قريبة, نظام كاميرات مراقبة, مصاعد, حراسة 24 ساعة",,,,,28382.352941176472,
208764912,https://www.bayut.eg/en/property/details-208764912.html,algolia,True,detail_html,sale,apartment,6300000.0,,EGP,3.0,2.0,116.0,"Egypt, Cairo, Madinaty",,False,2026-08-20,"للبيع من المالك مباشرة – شقة مميزة جدًا في مدينتي

مدينتي – مجموعة 111 – عمارة 27

المساحة: 116 متر
الدور الأول
3 غرف نوم
2 حمام
ريسبشن كبير
فيو مفتوح ومميز جدًا – الشقة غير مجروحة
تقاطع 3 نواصي

موقع مميز جدًا

* أمام المسجد مباشرة
* أمام منطقة الخدمات
* موقع هادئ ومميز وقريب من الخدمات

تشطيب خاص
عداد كهرباء
عداد غاز
لا توجد أي مديونيات على الشقة

البيع من المالك مباشرة – بدون وسطاء",ar,Madinaty,,Cairo,Madinaty,Madinaty,,ready,,resale,,,,,,,,"Completion Year, Balcony or Terrace, Security Staff, Swimming Pool, Electricity Meter, Water Meter, Natural Gas, Landline, Elevators in Building, سنة البناء, شرفة أو تراس, أمن و حماية, مسبح, عداد كهرباء, عداد مياه, غاز طبيعي, خط أرضي, مصاعد",1.0,,,,54310.34482758621,
503968834,https://www.bayut.eg/en/property/details-503968834.html,algolia,True,detail_html,sale,chalet,12750000.0,,EGP,1.0,1.0,80.0,"Egypt, Matruh, North Coast, Alamein, Marina 5",Falcon Real Estate,False,2026-08-20,"Chalet area: 80 sq m
1 bedrooms - 1 bathrooms - reception - kitchen
(Finished + furnished + appliances)

Immediate occupancy - Sea view and private marina

For chalet details and installment options, please contact us via mobile or WhatsApp: View Contact Detail

Not just a unit on the North Coast…
This is a genuine hotel experience, fully managed by a hotel chain. 
The first hotel units with a private marina. 
All units are first row, overlooking the sea and lagoon.",en,Marina,,Matruh,North Coast,Alamein,furnished,ready,,primary,installments,,,,,,,"Security Staff, Sea view, Waste Disposal, Freehold, Furnished, Business Center, Conference Room, Maintenance Staff, CCTV Security, 24 Hours Concierge, Balcony or Terrace, Cleaning Services, أمن و حماية, يطل على البحر, مكبّ نفايات, التملك الحر, مفروشة, مركز أعمال, غرفة اجتماعات, خدمات صيانة, نظام كاميرات مراقبة, حراسة 24 ساعة, شرفة أو تراس, خدمات تنظيف, pool, sea view",,,,,159375.0,
208764117,https://www.bayut.eg/en/property/details-208764117.html,algolia,True,detail_html,sale,apartment,3000000.0,,EGP,3.0,2.0,140.0,"Egypt, Giza, Hadayek October, Mosalsal 3",,False,2026-08-20,"استلم وشطّب وحدتك الآن… واسكن خلال 6 شهور!

خليك في المضمون… واشتري وأنت مطمّن!

ارضي بحديقة 140م
السعر: 3,000,000 جنيه
جراج: 200,000 جنيه

مقدم يبدأ من 60%
تقسيط على سنة ونصف
استلام فوري

خليك في المضمون:
الأرض مسجلة
جميع أقساط الأرض مدفوعة بالكامل
تمت المطابقة
تركيب الأسانسير
تشطيب المداخل والجراج

كل خطوة محسوبة… وكل ما يهمك موجود بالفعل، علشان تشتري وأنت مطمّن. 


احجز وحدتك الآن قبل نفاد الوحدات!",ar,,,Giza,Hadayek October,Mosalsal 3,,ready,,primary,installments,,60.0,,,,,"Completion Year, Covered parking, Lawn or Garden, Security Staff, Electricity Meter, Water Meter, Natural Gas, Elevators in Building, Down Payment, سنة البناء, مواقف مغطاة للسيارات, حديقة, أمن و حماية, عداد كهرباء, عداد مياه, غاز طبيعي, مصاعد, المقدم, garage, elevator, garden",,140.0,,,21428.571428571428,
208763973,https://www.bayut.eg/en/property/details-208763973.html,algolia,True,detail_html,sale,apartment,2600000.0,,EGP,3.0,2.0,155.0,"Egypt, Giza, Hadayek October, Mosalsal 3",,False,2026-08-20,"استلم وشطّب وحدتك الآن… واسكن خلال 6 شهور!

خليك في المضمون… واشتري وأنت مطمّن!

شقة سكنية 155م
السعر: 2,600,000 جنيه
جراج: 200,000 جنيه

مقدم يبدأ من 60%
تقسيط على سنة ونصف
استلام فوري

خليك في المضمون:
الأرض مسجلة
جميع أقساط الأرض مدفوعة بالكامل
تمت المطابقة
تركيب الأسانسير
تشطيب المداخل والجراج

كل خطوة محسوبة… وكل ما يهمك موجود بالفعل، علشان تشتري وأنت مطمّن. 

احجز وحدتك الآن قبل نفاد الوحدات!",ar,,,Giza,Hadayek October,Mosalsal 3,,ready,,primary,installments,,60.0,,,,,"Completion Year, Balcony or Terrace, Elevators in Building, Down Payment, سنة البناء, شرفة أو تراس, مصاعد, المقدم, garage, elevator",,,,,16774.1935483871,
206202268,https://www.bayut.eg/en/property/details-206202268.html,algolia,True,detail_html,sale,apartment,3800000.0,,EGP,2.0,2.0,143.0,"Egypt, Cairo, Katameya, Sarayat El Katameya",,False,2026-08-20,"**شقة للبيع في كمبوند سرايات القطامية – 143م – تشطيب الترا سوبر لوكس جديد لم تُسكن من قبل**

شقة مميزة بمساحة **143 متر – الدور الأول**، تشطيب تم تنفيذه بالكامل تحت إشراف **مصمم ديكور** . 

**تفاصيل الشقة:**

* 2 غرفة نوم
* ريسيبشن كبير قطعتين
* **حمام رئيسي** مصمم ببانيو وكابينة شاور
* **حمام ضيوف** منفصل
* **مطبخ مفتوح** على مساحة معيشة إضافية أمام المطبخ،
* **منطقة الغسيل منفصلة** خارج الحمام الرئيسي ومخصصة للغسالة ومستلزمات الغسيل
* أرضيات بورسلين
* أسقف جبس بورد بتصميم وتجهيزات للإضاءة
* بلكونة
* كهرباء ومياه
* **موقف سيارة خاص**

الشقة **تشطيب جديد ولم تُسكن من قبل**، وتم تنفيذ التشطيبات وفق تصميم داخلي متكامل وتحت إشراف مصمم داخلي. 

**الأبواب الداخلية من خشب الزان** ومُصنعة بالفعل ، ومتوفرة وجاهزة للتركيب بعد تنفيذ لون الدهان النهائي. 

جميع **رسومات ومستندات التصميم والتنفيذ متاحة عند الطلب**، مما يتيح
استكمال أي تفاصيل ديكورية إضافية بنفس التصميم الأصلي. 

**السعر المطلوب: 3,800,000 جنيه**
من المالك مباشره",ar,,,Cairo,Katameya,Sarayat El Katameya,super lux,ready,,resale,,,,,,,,"Completion Year, سنة البناء, garage, balcony",1.0,,,,26573.426573426572,
208762790,https://www.bayut.eg/en/property/details-208762790.html,algolia,True,detail_html,sale,other,550000.0,,EGP,,,20.0,"Egypt, Alexandria, Waboor Elmayah",,False,2026-08-20,"فرصة مميزة لامتلاك باكية جراج في موقع متميز بمنطقة بوابور المياه – الإسكندرية. 

باكية جراج مستقلة داخل جراج عمارات شركة المعمورة، بموقع مميز على الممر الرئيسي، مما يوفر سهولة كبيرة في الدخول والخروج. 

تفاصيل الباكية:

مساحة 20 متر
مستقلة
واسعة وتستوعب مختلف أحجام السيارات
موقع مميز على الممر الرئيسي
جراج مغطى ومؤمن
أمن وحراسة
مجهز بوسائل الحماية المدنية

مناسبة للاستخدام الشخصي أو كاستثمار
موقع مميز داخل الجراج
سهولة الدخول والخروج

السعر المطلوب: 550,000 جنيه

للتواصل والاستعلام والمعاينة للجادين.",ar,,,Alexandria,Waboor Elmayah,Waboor Elmayah,,ready,,,,,,,,,,"Covered parking, Security Staff, مواقف مغطاة للسيارات, أمن و حماية, security, garage",,,,,27500.0,
208740786,https://www.bayut.eg/en/property/details-208740786.html,algolia,True,detail_html,sale,duplex,6000000.0,,EGP,3.0,3.0,600.0,"Egypt, Giza, Hadayek al-Ahram, Gate 1 - Khofo",,False,2026-08-18,"للتمليك في حدائق الاهرام– البوابة الاولى
لو بتدور على شقة دوبلكس واسعة بموقع ممتاز وبسعر لقطة ، وتشطيب الترا سوبر لوكس ، ومن المالك مباشرة يبقى الإعلان ده ليك
الموقع: حدائق الاهرام– البوابة الاولى - أ
المساحة: 600 متر الدور السادس . الدور السابع
السعر : ٦ مليون قابل للتفاوض
3 غرف نوم ريسبشن كبير ومريح 3 قطع مطبخ واسع 3 حمام كبير عداد كهرباء خاص اسانسير موقع قريب من الخدمات والمواصلات شقة مميزة تجمع بين المساحة الكبيرة والموقع الحيوي فيو الاهرامات ، مناسبة للسكن الراقي أو الاستثمار. يوجد نموذج 7 وفى انتظاراستلام نموذج 8 و جواب المرافق و تم دفع جميع المبالغ الخاصة بالتصالح الاستفسار والمعاينة View Contact Detail#View Contact Detail
واتس View Contact Detail#View Contact Detail",mixed,,,Giza,Hadayek al-Ahram,Gate 1 - Khofo,super lux,ready,,primary,,,,,,,,"Completion Year, سنة البناء, elevator",6.0,,,True,10000.0,
207362337,https://www.bayut.eg/en/property/details-207362337.html,algolia,True,detail_html,sale,apartment,9000000.0,,EGP,3.0,3.0,200.0,"Egypt, Cairo, Maadi, Corniche El Maadi",,False,2026-08-18,"شقة صف أول نيل للبيع بالمعادي – فيو بانوراما مباشر – 200م – دور أخير – موقع مميز

---
من المالك مباشر بدون و
سيط
فرصة نادرة لعشاق الفيو المفتوح والتميز
شقة للبيع **صف أول مباشرة على كورنيش النيل – المعادي (أبراج النيل جاردن)** بإطلالة بانورامية ساحرة على النيل والأهرامات وجزيرة الدهب

فيو يعتبر ""لوحة فنية"" من كل الاتجاهات

**المساحة:** 200 متر
**الدور:** 19 (الأخير) – معزول وخصوصية تامة
**التقسيم (مستويين):**
المستوى الأول: ريسبشن كبير مفتوح + مطبخ + حمام
المستوى الثاني:

* 3 غرف نوم (جميعها بإطلالة جانبية على النيل والمقطم)
* 2 حمام

**مميزات الشقة:**
موقع استراتيجي في أول المعادي
قريب جدًا من الطريق الدائري ونزلة المعادي
خطوات من فندق هيلتون المعادي
مدخل راقي + أمن وحراسة
2 أسانسير + جراج خاص بالبرج
بيئة سكنية راقية وهادئة

السعر: 9,000,000 جنيه (قابل للتفاوض البسيط)


للتواصل: View Contact Detail#View Contact Detail#(View Contact Detail#(View Contact Detail))
البيع من المالك مباشرة – للجادين فقط

شقة مميزة جدًا للباحثين عن الفخامة والموقع الفريد على النيل",mixed,,,Cairo,Maadi,Corniche El Maadi,,ready,,primary,,,,,,,,"Completion Year, Electricity Meter, Water Meter, Elevators in Building, Security Staff, سنة البناء, عداد كهرباء, عداد مياه, مصاعد, أمن و حماية, security, garage, elevator, garden",,,,True,45000.0,
208459589,https://www.bayut.eg/en/property/details-208459589.html,algolia,True,detail_html,sale,apartment,3100000.0,,EGP,3.0,3.0,205.0,"Egypt, Giza, Hadayek al-Ahram, Gate 3 old - Khafre",,False,2026-08-16,"فرصة مميزة لامتلاك شقة واسعة بتشطيب راقٍ جدًا في حدائق الأهرام – بوابة منقرع (بوابة 3 القديمة)، بموقع استراتيجي أمام محطة Shell Out وثاني شارع من البوابة. 

تفاصيل الشقة:

مساحة 205م
واجهة أمامية على شارع واسع
تحميل قديم 20%
الدور الخامس مرخص
تشطيب هاي سوبر لوكس خاص وليس تشطيبًا تجاريًا
ريسبشن 3 قطع
3 غرف نوم، منهم غرفة ماستر بحمام
3 حمامات
مطبخ كبير
2 بلكونة بإطلالة مفتوحة على شارع واسع
جراج بالعمارة بنظام الإيجار

مواصفات التشطيب:

ريسبشن بورسلين حراري كليوباترا
الغرف والحمامات والمطبخ سيراميك كليوباترا
أطقم صحية Ideal Standard
خلاطات Grohe
مطبخ خشب بتشطيب خاص
عدادات كهرباء ومياه وغاز مستقلة
أسانسير

موقع ممتاز جدًا:
ثاني شارع من بوابة منقرع، أمام محطة Shell Out، وقريب من جميع الخدمات والمواصلات، مع سهولة الدخول والخروج من حدائق الأهرام. 

السعر المطلوب: 3,100,000 جنيه
قابل للتفاوض للجادين. 

للتواصل والمعاينة: View Contact Detail#View Contact Detail",mixed,,,Giza,Hadayek al-Ahram,Gate 3 old - Khafre,super lux,ready,,primary,,,,,,,,"Completion Year, Balcony or Terrace, Built in Kitchen Appliances, Electricity Meter, Water Meter, Natural Gas, Elevators in Building, سنة البناء, شرفة أو تراس, أجهزة مطبخ مدمجة, عداد كهرباء, عداد مياه, غاز طبيعي, مصاعد, garage, elevator, balcony",5.0,,,True,15121.951219512195,
208549605,https://www.bayut.eg/en/property/details-208549605.html,algolia,True,detail_html,sale,other,7500000.0,,EGP,,,104.0,"Egypt, Cairo, Maadi, Sarayat El Maadi",,False,2026-08-14,"عيادة للبيع شارع 9 المعادي فرصة للاستثمار بعائد ممتاز في سرايات المعادي شارع 9 الرئيسي قريبة من محطه مترو المعادي وسط المطاعم و البراندات العالمية

CIB الموقع كله فيلات و مطاعم و براندات وبنوك - بنك مصر وبنك

مبنى تجاري إداري - العيادة تطل على شارع 9 الرئيسي

Pizza Hut / Costa Coffee عمارة

المبني مرخص وحصة في الارض و موجود ٢ اسانسير و امن و كاميرات

والعمارة بها عيادات لاستشاريين ومعمل ألفا ومكاتب أخرى متنوعة

(104 متر مربع) 14.15% العيادة لها حصة في ملكية الارض والاجزاء المشتركة سهم

مسجلة في الشهر العقاري - عداد كهرباء تجاري

و2 حمام / واوفيس / 3 غرف

السعر تنافسي لسرعة البيع",mixed,,,Cairo,Maadi,Sarayat El Maadi,,ready,,,,,,,,,,"Security Staff, أمن و حماية, elevator",,,,,72115.38461538461,
208706035,https://www.bayut.eg/en/property/details-208706035.html,algolia,True,detail_html,sale,villa,18000000.0,,EGP,5.0,3.0,680.0,"Egypt, Giza, 6th of October, West Somid",,False,2026-08-13,"# فيلا دوبلكس للبيع في غرب سوميد من المالك مباشرة | 680م

للبيع من المالك مباشرة فيلا دوبلكس أرضي وأول في **غرب سوميد**، موقع مميز جدًا بالقرب من **مول دولفين ومحور 11** ومقابل مسجد السيدة خديجة بنت خويلد. 

**تفاصيل العقار:**

* مساحة الأرض: **680 م²**
* مساحة المباني: **340 م² للدور**
* دوبلكس أرضي وأول
* تشطيب مميز
* أرضيات رخام
* استلام فوري
* الدور الأرضي: ريسبشن مفتوح + سفرة + مطبخ + 3 حمامات
* الدور الأول: **5 غرف نوم، جميعها ماستر**
* موقع مميز وقريب من المحاور والخدمات

**السعر: 18,000,000 جنيه**

**من المالك مباشرة**
**يمتنع الوسطاء نهائيًا**",ar,,,Giza,6th of October,West Somid,,ready,,resale,,,,,,,,"Balcony or Terrace, Central A/C & heating, Lawn or Garden, Security Staff, Electricity Meter, Water Meter, Natural Gas, Landline, شرفة أو تراس, تدفئة وتكييف مركزي, حديقة, أمن و حماية, عداد كهرباء, عداد مياه, غاز طبيعي, خط أرضي",0.0,,,,26470.58823529412,
321886683,https://www.bayut.eg/تفاصيل-503868521/العقار.html,algolia,False,,sale,apartment,4282750.0,,EGP,3.0,2.0,169.0,"Egypt, Cairo, Mokattam, Al Hadaba Al Wosta",Benchmark Arabia,False,2026-08-01,,,,,Cairo,Mokattam,Al Hadaba Al Wosta,,ready,,primary,installments,642412.0,,,,,,"View, Other Main Features, Other Facilities, Number of Bathrooms, Number of Bedrooms, Nearby Schools, Distance From Airport (kms), Parking Spaces, Completion Year, Security Staff, Down Payment, CCTV Security, Balcony or Terrace, Elevators in Building, Service Elevators, Nearby Public Transport, 24 Hours Concierge, Total Floors, مطل, ميزات رئيسية أخرى, تسهيلات أخرى, عدد دورات المياه, عدد الغرف, مدارس قريبة, المسافة من المطار (كم), مواقف سيارات, سنة البناء, أمن و حماية, المقدم, نظام كاميرات مراقبة, شرفة أو تراس, مصاعد, خدمات المصاعد, مواصلات نقل عامة قريبة, حراسة 24 ساعة, عدد الطوابق, garage, elevator, balcony",,,,,25341.71597633136,
503851231,https://www.bayut.eg/en/property/details-503851231.html,algolia,True,detail_html,sale,other,33000000.0,,EGP,4.0,4.0,245.0,"Egypt, Matruh, North Coast, Sidi Abdel Rahman, Masaya",New Avenue,False,2026-07-28,"Fully finished Twin house Fully sea view Second row in Masaya Sidi Abdelrahman
Egy Gab
BUA 245m
4 Bedrooms - 4 Bathrooms - Maid room - Driver room

Down Payment : 20,000,000
Total Price: 33,000,000
MO-SQ
------------------------------------------------------------------------------------------------------------",en,,,Matruh,North Coast,Sidi Abdel Rahman,fully finished,,,resale,installments,20000000.0,,,,,,"Balcony or Terrace, Gym or Health Club, Swimming Pool, Covered parking, شرفة أو تراس, صالة رياضية أو نادي صحي, مسبح, مواقف مغطاة للسيارات, sea view, maids room",,,,,134693.8775510204,
321494769,https://www.bayut.eg/تفاصيل-503835462/العقار.html,algolia,False,,sale,townhouse,14000000.0,,EGP,3.0,3.0,175.0,"Egypt, Matruh, North Coast, Sidi Abdel Rahman, Marseilia Beach 4",Egypt Best Properties (EBP),False,2026-07-24,,,,Mountain View (DMG),Matruh,North Coast,Sidi Abdel Rahman,fully finished,ready,,primary,both,,,10.0,,,,"pool, sea view",,,,,80000.0,
321492041,https://www.bayut.eg/تفاصيل-503833939/العقار.html,algolia,False,,sale,chalet,9000000.0,,EGP,3.0,2.0,400.0,"Egypt, Matruh, North Coast, El Rawda",Ihab Bakri,False,2026-07-23,,,,,Matruh,North Coast,El Rawda,,ready,,resale,installments,4500000.0,,,,,,"Cafeteria or Canteen, 24 Hours Concierge, Kids Play Area, Balcony or Terrace, Lawn or Garden, Security Staff, Swimming Pool, Electricity Meter, Barbeque Area, Cleaning Services, كافيتيريا, حراسة 24 ساعة, منطقة لعب للأطفال, شرفة أو تراس, حديقة, أمن و حماية, مسبح, عداد كهرباء, مكان مخصص للشواء, خدمات تنظيف, pool, garden, balcony",,,,,22500.0,
321473079,https://www.bayut.eg/تفاصيل-503814476/العقار.html,algolia,False,,sale,apartment,6800000.0,,EGP,1.0,1.0,74.0,"Egypt, Red Sea, Sahl Hasheesh, Veranda Resort",Relax Real estate,False,2026-07-20,,,,,Red Sea,Sahl Hasheesh,Veranda Resort,super lux,ready,,resale,installments,4607000.0,,,,,,"First Aid Medical Center, Sauna, Water Meter, Land Area, Gym or Health Club, View, Broadband Internet, Balcony or Terrace, CCTV Security, Completion Year, Furnished, Maintenance Staff, Facilities for Disabled, Covered parking, Electricity Meter, Waste Disposal, Satellite/Cable TV, Business Center, Jacuzzi, Kids Play Area, Number of Bathrooms, Distance From Airport (kms), Nearby Public Transport, Cafeteria or Canteen, Swimming Pool, Security Staff, Down Payment, Freehold, Cleaning Services, Total Floors, Lawn or Garden, Pets Allowed, Lobby in Building, Day Care Center, Number of Bedrooms, Barbeque Area, مركز للإسعافات الأولية, ساونا, عداد مياه, مساحة الأرض, صالة رياضية أو نادي صحي, مطل, انترنت واسع النطاق, شرفة أو تراس, نظام كاميرات مراقبة, سنة البناء, مفروشة, خدمات صيانة, تسهيلات لأصحاب الهمم, مواقف مغطاة للسيارات, عداد كهرباء, مكبّ نفايات, كابل قنوات تلفزيونية, مركز أعمال, جاكوزي, منطقة لعب للأطفال, عدد دورات المياه, المسافة من المطار (كم), مواصلات نقل عامة قريبة, كافيتيريا, مسبح, أمن و حماية, المقدم, التملك الحر, خدمات تنظيف, عدد الطوابق, حديقة, مسموح بالحيوانات الاليفة, ردهة إستقبال, مركز رعاية أطفال, عدد الغرف, مكان مخصص للشواء, pool, garage, garden, gym",,,,,91891.8918918919,
503800981,https://www.bayut.eg/en/property/details-503800981.html,algolia,True,detail_html,sale,other,37800000.0,,EGP,5.0,4.0,237.0,"Egypt, Matruh, North Coast, Ras Al Hekma, June Sodic",Property Hills One 1,False,2026-07-17,"A fully finished, high-quality 5-bedroom villa from Sodic, complete with air conditioning and ready for immediate occupancy. Viewings available starting today. 

5% down payment and installments over 10 years. A significant discount is available for cash payment. 

Unit Type: twinhouse

Area: 237 sq m

Price: EGP 37,800,000

For more details, please call View Contact Detail

John Sodic (June Sodic) is a luxury coastal project developed by Sodic in Ras El Hekma, North Coast, and is considered one of the most prominent projects in the area. The project spans 300 acres with a long sandy beach, water features, and extensive green spaces. 

Features:

Located in the heart of Ras El Hekma, one of the most promising investment areas on the North Coast. 

Turquoise waters and white sand beach. 

Low-rise design offering stunning views. 

Amenities include: Clubhouse, restaurants and cafes, swimming pools, sports facilities, and walking and cycling paths. 

Location:

In Ras El Hekma area. 

Close to the new Fouka Road, Sidi Abdel Rahman, and New Alamein, providing easy access. 

Unit Types:

Chalets. 

Standalone Villas. 

Townhouses. 

Twin Houses.",en,,SODIC,Matruh,North Coast,Ras Al Hekma,super lux,ready,,primary,installments,1890000.0,5.0,10.0,,,,"pool, clubhouse",,,,,159493.67088607594,
503797131,https://www.bayut.eg/en/property/details-503797131.html,algolia,True,detail_html,sale,apartment,7930000.0,,EGP,2.0,2.0,145.0,"Egypt, Cairo, Katameya, Stone Residence Compound",Falcon Real Estate,False,2026-07-16,"Apartment for sale in a prime location in New Cairo (Tagamoa)
Close to Maadi and next to Katameya Heights

Stunning views of the landscape and water features

Ready to delivery

Area: 145 sqm (2 bedrooms—including one master suite—2 bathrooms, reception area, and 2 terraces with distinctive views)

Best payment plan available:

Pay 2 million and pay the remainder in installments

Or pay cash with a 25% discount

For details and to schedule a viewing, call View Contact Detail (WhatsApp available)

Or simply send a message saying ""Interested,"" and I will send you the details, photos, and a full PDF brochure of the unit.",en,Katameya Heights,,Cairo,Katameya,Stone Residence Compound,,ready,,primary,installments,2000000.0,,,,,,"Double Glazed Windows, Sauna, Gym or Health Club, Business Center, Security Staff, First Aid Medical Center, Pets Allowed, Lawn or Garden, Electricity Meter, Balcony or Terrace, Steam Room, Built in Kitchen Appliances, Central A/C & heating, Covered parking, Storage Areas, Waste Disposal, Broadband Internet, Conference Room, Jacuzzi, CCTV Security, Landline, Satellite/Cable TV, Day Care Center, Electricity Backup, Water Meter, Barbeque Area, Central Heating, Service Elevators, Freehold, Intercom, ATM Facility, Maintenance Staff, 24 Hours Concierge, Swimming Pool, Natural Gas, Cafeteria or Canteen, Kids Play Area, Reception/Waiting Room, Study Room, نوافذ زجاجية مزدوجة, ساونا, صالة رياضية أو نادي صحي, مركز أعمال, أمن و حماية, مركز للإسعافات الأولية, مسموح بالحيوانات الاليفة, حديقة, عداد كهرباء, شرفة أو تراس, غرفة بخار, أجهزة مطبخ مدمجة, تدفئة وتكييف مركزي, مواقف مغطاة للسيارات, مناطق تخزين, مكبّ نفايات, انترنت واسع النطاق, غرفة اجتماعات, جاكوزي, نظام كاميرات مراقبة, خط أرضي, كابل قنوات تلفزيونية, مركز رعاية أطفال, نظام كهرباء احتياطي للطوارئ, عداد مياه, مكان مخصص للشواء, تدفئة مركزية, خدمات المصاعد, التملك الحر, اتصال داخلي, توفر أجهزة السحب الآلي, خدمات صيانة, حراسة 24 ساعة, مسبح, غاز طبيعي, كافيتيريا, منطقة لعب للأطفال, غرفة استقبال /انتظار, غرفة دراسة, garden, balcony",,,,,54689.65517241379,
321442129,https://www.bayut.eg/تفاصيل-503779229/العقار.html,algolia,False,,sale,townhouse,27000000.0,,EGP,5.0,4.0,340.0,"Egypt, Cairo, New Cairo, 5th Settlement, Les Rois Compound",New Avenue,False,2026-07-13,,,,,Cairo,New Cairo,5th Settlement,fully finished,ready,,resale,,,,,,monthly,,"ATM Facility, Electricity Meter, Centrally Air-Conditioned, Cleaning Services, Waste Disposal, Laundry Facility, Balcony or Terrace, Maids Room, Security Staff, Maintenance Staff, Water Meter, Barbeque Area, Lawn or Garden, Electricity Backup, Built in Kitchen Appliances, Shared Kitchen, توفر أجهزة السحب الآلي, عداد كهرباء, نظام تبريد مركزي, خدمات تنظيف, مكبّ نفايات, خدمة غسيل ملابس, شرفة أو تراس, غرفة خدم, أمن و حماية, خدمات صيانة, عداد مياه, مكان مخصص للشواء, حديقة, نظام كهرباء احتياطي للطوارئ, أجهزة مطبخ مدمجة, مطبخ مشترك, clubhouse, central ac",,,,,79411.76470588235,
321398572,https://www.bayut.eg/تفاصيل-503738647/العقار.html,algolia,False,,sale,apartment,6500000.0,,EGP,3.0,2.0,116.0,"Egypt, Cairo, Madinaty",Wealthiest Real Estate management,False,2026-07-04,,,Madinaty,,Cairo,Madinaty,,,ready,,resale,cash,,,,,,,"Landline, 24 Hours Concierge, Cleaning Services, Security Staff, Natural Gas, Satellite/Cable TV, CCTV Security, Water Meter, Waste Disposal, Broadband Internet, Maintenance Staff, خط أرضي, حراسة 24 ساعة, خدمات تنظيف, أمن و حماية, غاز طبيعي, كابل قنوات تلفزيونية, نظام كاميرات مراقبة, عداد مياه, مكبّ نفايات, انترنت واسع النطاق, خدمات صيانة",,,,,56034.48275862069,
503688742,https://www.bayut.eg/en/property/details-503688742.html,algolia,True,detail_html,sale,townhouse,10966000.0,,EGP,3.0,4.0,205.0,"Egypt, Giza, 6th of October, Mountain View Chillout Park Compound",Abrag Two,False,2026-06-24,"Middle Townhouse for Sale – Mountain View Chill Out Park (Lakeside Phase)

Location:
* Northern Expansions – 6 October
* On Boulevard Axis
* Lakeside Phase

Areas:
* Built-up Area: 205 sqm
* Land Area: 185 sqm

Specifications:
* Core & Shell
* Ground Floor + First Floor + Roof
* Delivery: 03/2027

Ground Floor:
* Reception
* Kitchen
* Guest Bathroom

First Floor:
* 3 Bedrooms (Master Bedroom with Bathroom & Dressing Room)
* Shared Bathroom

Roof Floor:
* Bathroom
* Open Roof Area

Financial Details:
* Down Payment: 8,800,000 EGP (Including Maintenance)
* Remaining Balance: 2,166,000 EGP

Payment Plan:
* Quarterly Installments Until 03/2031

Total Price:
* 10,966,000 EGP

Contact:
View Contact Detail",en,Mountain View Chillout Park,Mountain View (DMG),Giza,6th of October,Mountain View Chillout Park Compound,,off-plan,2027,resale,installments,8800000.0,,,,quarterly,,"Electricity Backup, Pets Allowed, Lawn or Garden, Broadband Internet, 24 Hours Concierge, Number of Bathrooms, Number of Bedrooms, Kids Play Area, Maintenance Staff, Gym or Health Club, Barbeque Area, Centrally Air-Conditioned, Water Meter, Storage Areas, Natural Gas, Double Glazed Windows, Satellite/Cable TV, Balcony or Terrace, Central A/C & heating, Covered parking, Electricity Meter, Sea view, Steam Room, Security Staff, Landline, Intercom, ATM Facility, CCTV Security, Cafeteria or Canteen, Laundry Facility, Maids Room, Lobby in Building, Waste Disposal, First Aid Medical Center, Freehold, Business Center, Facilities for Disabled, Study Room, Cleaning Services, Jacuzzi, Day Care Center, Prayer Room, Sauna, Swimming Pool, Reception/Waiting Room, Conference Room, نظام كهرباء احتياطي للطوارئ, مسموح بالحيوانات الاليفة, حديقة, انترنت واسع النطاق, حراسة 24 ساعة, عدد دورات المياه, عدد الغرف, منطقة لعب للأطفال, خدمات صيانة, صالة رياضية أو نادي صحي, مكان مخصص للشواء, نظام تبريد مركزي, عداد مياه, مناطق تخزين, غاز طبيعي, نوافذ زجاجية مزدوجة, كابل قنوات تلفزيونية, شرفة أو تراس, تدفئة وتكييف مركزي, مواقف مغطاة للسيارات, عداد كهرباء, يطل على البحر, غرفة بخار, أمن و حماية, خط أرضي, اتصال داخلي, توفر أجهزة السحب الآلي, نظام كاميرات مراقبة, كافيتيريا, خدمة غسيل ملابس, غرفة خدم, ردهة إستقبال, مكبّ نفايات, مركز للإسعافات الأولية, التملك الحر, مركز أعمال, تسهيلات لأصحاب الهمم, غرفة دراسة, خدمات تنظيف, جاكوزي, مركز رعاية أطفال, غرفة صلاة, ساونا, مسبح, غرفة استقبال /انتظار, غرفة اجتماعات",,,,,53492.68292682927,
503681683,https://www.bayut.eg/en/property/details-503681683.html,algolia,True,detail_html,sale,apartment,10248000.0,,EGP,3.0,3.0,160.0,"Egypt, Cairo, New Cairo, 5th Settlement, Mountain View iCity Compound",Property Hills One 1,False,2026-06-23,"اقل سعر شقة بجاردن بخصم 40% للبيع فوري من ماونتن فيو واجهات بحرية غرف ماستر في كمبوند ماونتن فيو اي سيتي- التجمع الخامس 

شقة ارضي ببرايڤت جاردن إطلالات بحرية بالكامل
3 غرف نوم
3 حمام
جاردن خاصة كبيرة
ريسبشن كبير
مطبخ
2 تراس وااسع
للبيع المباشر للمالك بدون الفرش

ممنوع البروكرز
متاح فيديو كامل للفيلا على واتساب View Contact Detail والمعاينة متاحة في أي وقت

خدمات الكمبوند:
أمن وحراسة 24/7 - كلوب هاوس - مساحات خضراء - مناطق للأطفال
- مسارات للمشي والجري - خدمات تجارية ومطاعم وكافيهات - بوابات
إلكترونية - جراجات ومناطق مفتوحة",mixed,Mountain View iCity,Mountain View (DMG),Cairo,New Cairo,5th Settlement,,ready,,primary,,,,,,,40.0,"Lawn or Garden, Sauna, Waste Disposal, Broadband Internet, Conference Room, Maintenance Staff, Laundry Facility, Shared Kitchen, Cleaning Services, Security Staff, Barbeque Area, Steam Room, Built in Kitchen Appliances, Satellite/Cable TV, Laundry Room, CCTV Security, Cafeteria or Canteen, 24 Hours Concierge, Gym or Health Club, Swimming Pool, Landline, Day Care Center, First Aid Medical Center, Business Center, Intercom, Jacuzzi, Kids Play Area, Balcony or Terrace, Central A/C & heating, Covered parking, Maids Room, Pets Allowed, Electricity Meter, Centrally Air-Conditioned, Storage Areas, Double Glazed Windows, Central Heating, Electricity Backup, Freehold, Facilities for Disabled, حديقة, ساونا, مكبّ نفايات, انترنت واسع النطاق, غرفة اجتماعات, خدمات صيانة, خدمة غسيل ملابس, مطبخ مشترك, خدمات تنظيف, أمن و حماية, مكان مخصص للشواء, غرفة بخار, أجهزة مطبخ مدمجة, كابل قنوات تلفزيونية, غرفة غسيل, نظام كاميرات مراقبة, كافيتيريا, حراسة 24 ساعة, صالة رياضية أو نادي صحي, مسبح, خط أرضي, مركز رعاية أطفال, مركز للإسعافات الأولية, مركز أعمال, اتصال داخلي, جاكوزي, منطقة لعب للأطفال, شرفة أو تراس, تدفئة وتكييف مركزي, مواقف مغطاة للسيارات, غرفة خدم, مسموح بالحيوانات الاليفة, عداد كهرباء, نظام تبريد مركزي, مناطق تخزين, نوافذ زجاجية مزدوجة, تدفئة مركزية, نظام كهرباء احتياطي للطوارئ, التملك الحر, تسهيلات لأصحاب الهمم, security, garage, garden, sea view, clubhouse, balcony",,,,,64050.0,
503654258,https://www.bayut.eg/en/property/details-503654258.html,algolia,True,detail_html,sale,apartment,6200000.0,,EGP,2.0,1.0,120.0,"Egypt, Giza, Sheikh Zayed, Zayed Dunes Compound",Abrag Two,False,2026-06-17,"For sale: 120 sq m ground floor apartment with a 30 sq m garden in Dunes Compound, Sheikh Zayed. Super deluxe finishing with marble floors, shutters, and natural gas. Consists of 2 bedrooms and 1 bathroom. Asking price: EGP 6,200,000 cash. Nearby roads: Cairo-Alexandria Desert Road, 26th of July Corridor, and Dahshur Link Road. 

The compound spans 55 acres, meticulously and professionally designed.",en,Zayed Dunes,,Giza,Sheikh Zayed,Zayed Dunes Compound,super lux,ready,,resale,cash,,,,,,,garden,,,,,51666.666666666664,
321286422,https://www.bayut.eg/تفاصيل-503625179/العقار.html,algolia,False,,sale,apartment,5805000.0,,EGP,3.0,3.0,215.0,"Egypt, Cairo, New Cairo, 5th Settlement, Beit Al Watan",Gohara el Shiek Real Estate,False,2026-06-11,,,,,Cairo,New Cairo,5th Settlement,super lux,ready,,primary,installments,2902500.0,,,,,,"Total Floors, Completion Year, Number of Bedrooms, Number of Bathrooms, Down Payment, Elevators in Building, Service Elevators, Parking Spaces, Balcony or Terrace, عدد الطوابق, سنة البناء, عدد الغرف, عدد دورات المياه, المقدم, مصاعد, خدمات المصاعد, مواقف سيارات, شرفة أو تراس",3.0,,,,27000.0,
503494879,https://www.bayut.eg/en/property/details-503494879.html,algolia,True,detail_html,sale,villa,16500000.0,,EGP,5.0,4.0,320.0,"Egypt, Matruh, North Coast, La Vista Bay North Coast",Property Hills One 1,False,2026-05-10,"A fully finished villa in La Vista, first row on the sea, with a large garden and a spacious 320 sq m area, is available for less than the original price with a cash down payment and the rest in installments. 

Asking Price: 16,500,000 EGP

Area: 320 sq m + 160 sq m Garden

For inquiries, please contact us via WhatsApp: View Contact Detail

La Vista Bay, a luxury resort on the North Coast, is located in Ras El Hekma (Km 205 Alexandria-Matrouh Road). It features terraced designs offering panoramic sea views, expansive green spaces, and artificial lakes. It is a prime destination for those seeking tranquility and luxury, and is close to the new Fouka exit and Caesar Sodic Village. 

Key details and services of La Vista Bay:

Strategic Location: Situated at Km 205 Alexandria-Matrouh Road, it is close to Ras El Hekma and its famous bay. 

Nearby Areas: Located approximately 15 kilometers from the new Fouka Road, and close to Caesar Sodic Village, Hacienda Sidi Heneish, Katameya Coast, and Safia. 

Services and Features:
Beaches: Featuring white sandy beaches and a terraced design that ensures sea views from all units. 
Landscapes: Green spaces and artificial lakes occupy approximately 80% of the area. 
Leisure Activities: Various swimming pools (including a covered pool for women), an aqua park, children's play areas, and a health and sports club. 
Security and Services: 24-hour security and guarding, a hotel, restaurants and cafes, and a commercial area. 
Residential Units: Includes chalets, twin houses, and standalone villas with varying sizes ranging from 110 square meters to 600 square meters. 

Prominent Neighboring Villages:
Caesar Sodic
Hacienda Sidi Heneish
Katameya Coast
Safia Ras El Hekma",en,,La Vista Developments,Matruh,North Coast,La Vista Bay North Coast,super lux,ready,,primary,both,,,,,,,"pool, security, garden, sea view, balcony",,,,,51562.5,
503484777,https://www.bayut.eg/en/property/details-503484777.html,algolia,True,detail_html,sale,townhouse,13600000.0,,EGP,4.0,3.0,376.0,"Egypt, Cairo, Shorouk City",Property Hills One 1,False,2026-05-08,"Urgently selling the last villa available for immediate delivery in Al-Shorouk with a private pool ready for delivery on a green area. 
80% of the compound is landscaped with green spaces. 

Unit type: Town Villa. 
Area: 376 meters. 
Price: 13,600,000. 
Large private garden in the front and back + private parking. 
Full open view of the largest Central Park. 

To send pictures and videos of the entire villa: View Contact Detail. 

Compound services. 
The latest sports equipment. 
A commercial area with many shops to meet all residents' needs easily. 
Parking garages near all units in the compound. 
Swimming pools suitable for all residents to enjoy. 
Also contains large green spaces and artificial lakes. 
Many playgrounds within the compound.",en,,,Cairo,Shorouk City,Shorouk City,,ready,,primary,installments,3000000.0,,,,,,"Cleaning Services, 24 Hours Concierge, Cafeteria or Canteen, Conference Room, Kids Play Area, Waste Disposal, Maintenance Staff, CCTV Security, Laundry Room, خدمات تنظيف, حراسة 24 ساعة, كافيتيريا, غرفة اجتماعات, منطقة لعب للأطفال, مكبّ نفايات, خدمات صيانة, نظام كاميرات مراقبة, غرفة غسيل, pool, garage, garden",,,,,36170.21276595745,
503461946,https://www.bayut.eg/en/property/details-503461946.html,algolia,True,detail_html,sale,villa,53000000.0,,EGP,5.0,5.0,405.0,"Egypt, Cairo, Madinaty",Wealthiest Real Estate management,False,2026-05-04,"Standalone Hotel-Style Villa for Sale – Private Pool & Garden in the Most Prestigious Phase of Madinaty (VG2)
Unit Type: E Model
Land Area: 840 sqm
Built-Up Area: 405 sqm
Classic Exterior Design
Designed for Comfortable Everyday Living
Wide Open Garden View
Private Swimming Pool
Prime Location – Minutes Away from:
Central Park – Four Seasons Area
Highest Distinction in Specifications
View – Location – Lifestyle – Price
Where comfort meets refined living in the heart of Madinaty
A home designed for real living
Immediate Delivery
Fully Paid to Talaat Moustafa Group
Asking Price: 53,000,000 EGP Cash
Unit Code: 15089

For inquiries, please contact:
Property Consultant: Eng. Abdelrhman Gharib
Phone & WhatsApp: View Contact Detail

WEALTHIEST PROPERTIES MANAGEMENT
Professional Real Estate Consultations & Property Management
Madinaty – East Hub – Block 18
Buy or sell your home with a company you can trust",en,Madinaty,Talaat Moustafa Group (TMG),Cairo,Madinaty,Madinaty,furnished,ready,,resale,cash,,,,,,,"Lawn or Garden, Balcony or Terrace, Natural Gas, Distance From Airport (kms), Kids Play Area, Land Area, Barbeque Area, Parking Spaces, 24 Hours Concierge, Steam Room, Swimming Pool, Electricity Meter, Completion Year, Maids Room, Centrally Air-Conditioned, Water Meter, View, Lobby in Building, Double Glazed Windows, Covered parking, Security Staff, Number of Bathrooms, Laundry Facility, Shared Kitchen, Cleaning Services, Total Floors, Built in Kitchen Appliances, Gym or Health Club, Storage Areas, Landline, Day Care Center, Electricity Backup, Waste Disposal, First Aid Medical Center, Freehold, Furnished, Laundry Room, Broadband Internet, Satellite/Cable TV, Business Center, Conference Room, Intercom, Jacuzzi, Number of Bedrooms, Sauna, Maintenance Staff, CCTV Security, Cafeteria or Canteen, حديقة, شرفة أو تراس, غاز طبيعي, المسافة من المطار (كم), منطقة لعب للأطفال, مساحة الأرض, مكان مخصص للشواء, مواقف سيارات, حراسة 24 ساعة, غرفة بخار, مسبح, عداد كهرباء, سنة البناء, غرفة خدم, نظام تبريد مركزي, عداد مياه, مطل, ردهة إستقبال, نوافذ زجاجية مزدوجة, مواقف مغطاة للسيارات, أمن و حماية, عدد دورات المياه, خدمة غسيل ملابس, مطبخ مشترك, خدمات تنظيف, عدد الطوابق, أجهزة مطبخ مدمجة, صالة رياضية أو نادي صحي, مناطق تخزين, خط أرضي, مركز رعاية أطفال, نظام كهرباء احتياطي للطوارئ, مكبّ نفايات, مركز للإسعافات الأولية, التملك الحر, مفروشة, غرفة غسيل, انترنت واسع النطاق, كابل قنوات تلفزيونية, مركز أعمال, غرفة اجتماعات, اتصال داخلي, جاكوزي, عدد الغرف, ساونا, خدمات صيانة, نظام كاميرات مراقبة, كافيتيريا, pool, garden",,,,,130864.1975308642,
503422295,https://www.bayut.eg/en/property/details-503422295.html,algolia,True,detail_html,sale,other,34500000.0,,EGP,7.0,8.0,550.0,"Egypt, Cairo, New Cairo, 5th Settlement, EL Patio 2",New Avenue,False,2026-04-26,"Twin House Ready to Move Fully finished in Patio 2
Built-up Area: 422 sqm - Land Area: 550 sqm
7 Bedrooms - 8 Bathrooms
Living Area
Layout: Basement – Ground – First – Second

Asking Price: 34,500,000
MS-HA
-------------------------------------------------------------------------------------------------------------",en,,La Vista Developments,Cairo,New Cairo,5th Settlement,fully finished,ready,,resale,,,,,,,,"Balcony or Terrace, Built in Kitchen Appliances, Gym or Health Club, Reception/Waiting Room, Lawn or Garden, Electricity Meter, Natural Gas, Security Staff, Kids Play Area, Covered parking, شرفة أو تراس, أجهزة مطبخ مدمجة, صالة رياضية أو نادي صحي, غرفة استقبال /انتظار, حديقة, عداد كهرباء, غاز طبيعي, أمن و حماية, منطقة لعب للأطفال, مواقف مغطاة للسيارات",,,,,62727.27272727273,
503339559,https://www.bayut.eg/en/property/details-503339559.html,algolia,True,detail_html,sale,townhouse,17300000.0,,EGP,3.0,3.0,261.0,"Egypt, Cairo, New Cairo, 5th Settlement, Hyde Park New Cairo Compound",4 C,False,2026-04-07,"Villa Townhouse for Sale 215m Dp & installments Prime Location Landscape View in Hyde Park Fifth Settlement New Cairo Near Mivida

Hyde Park

Fifth Settlement New Cairo

Townhouse Villa for Sale

Prime Location with Landscape View

Built-up Area 261 sqm

3 Bedrooms
3 Bathrooms
Reception

Down payment 14,800,000
______________________________
Project Overview

Hyde Park is a fully integrated residential compound located in the heart of the Fifth Settlement near 90 Street and Mivida offering wide green spaces comprehensive services and strong long term investment value suitable for immediate living

Nearby Projects

Mivida
Mountain View iCity
Zed East
Villette Sodic",en,Mountain View iCity,Mountain View (DMG),Cairo,New Cairo,5th Settlement,,,,resale,installments,14800000.0,,,,,,"Lawn or Garden, Day Care Center, Cafeteria or Canteen, Pets Allowed, Covered parking, Kids Play Area, حديقة, مركز رعاية أطفال, كافيتيريا, مسموح بالحيوانات الاليفة, مواقف مغطاة للسيارات, منطقة لعب للأطفال, garden",,,,,66283.52490421456,
503150812,https://www.bayut.eg/en/property/details-503150812.html,algolia,True,detail_html,sale,apartment,4450000.0,,EGP,3.0,3.0,138.0,"Egypt, Giza, 6th of October, Badya Palm Hills Compound",Property Hills Elite,False,2026-02-11,"Own an apartment in a prime location in Badya Palm Hills
Area 144 square meters
3 rooms
3 bathrooms
Large reception

The compound is located in one of the most important areas of Cairo, the Creative City on Al-Wahat Road, which will become a connecting point between East and West Cairo. The compound is only 10 minutes away from the center of 6th of October City, 15 minutes from the Giza Pyramids, and 30 kilometers from downtown Cairo. 

The compound also features proximity to modern transportation, such as the fourth metro line. 


Services available in Badya 6 October

- Green spaces and stunning landscapes providing unparalleled comfort and relaxation
- Private pools for enjoyable times and stress relief
- Water features and artificial lakes with pure, clear water
- Walking, sports, and running pathways away from car traffic
- Parking spaces for vehicle maintenance and cleaning
- Safe areas designated for children
- A security team on duty 24/7 to secure the compound
- Multiple gates and various entrances to facilitate entry and exit from the compound
- Numerous surveillance cameras at all entrances and exits
- A health and sports club, fitness club, and gym
- An integrated commercial area comprising a large number of retail shops, upscale restaurants, and cafes
For inquiries: View Contact Detail",en,Palm Hills,Palm Hills Developments,Giza,6th of October,Badya Palm Hills Compound,fully finished,ready,,primary,,,,,,,,"Natural Gas, Barbeque Area, Water Meter, Intercom, Swimming Pool, Gym or Health Club, Broadband Internet, Cafeteria or Canteen, Kids Play Area, Balcony or Terrace, Security Staff, Electricity Meter, 24 Hours Concierge, Covered parking, Day Care Center, Jacuzzi, CCTV Security, Cleaning Services, Landline, Waste Disposal, First Aid Medical Center, Satellite/Cable TV, Maintenance Staff, غاز طبيعي, مكان مخصص للشواء, عداد مياه, اتصال داخلي, مسبح, صالة رياضية أو نادي صحي, انترنت واسع النطاق, كافيتيريا, منطقة لعب للأطفال, شرفة أو تراس, أمن و حماية, عداد كهرباء, حراسة 24 ساعة, مواقف مغطاة للسيارات, مركز رعاية أطفال, جاكوزي, نظام كاميرات مراقبة, خدمات تنظيف, خط أرضي, مكبّ نفايات, مركز للإسعافات الأولية, كابل قنوات تلفزيونية, خدمات صيانة, pool, security, garage, garden, gym",,,,,32246.376811594204,
503024250,https://www.bayut.eg/en/property/details-503024250.html,algolia,True,detail_html,sale,apartment,3625000.0,,EGP,3.0,3.0,196.0,"Egypt, Cairo, Shorouk City",بيتي للمقاولات,False,2026-01-10,"Own Your Apartment in El Shorouk City – Fourth District
Prime location close to all services
Steps away from Aisha Umm Al-Mu’minin Mosque
Only 2 minutes from the new Carrefour
Near Royal Hospital and the bus station
196 sqm apartment (side view) with an excellent layout
3 bedrooms, 3 reception areas, 3 bathroom, kitchen, and 2 terraces
Lowest price per meter with installment plans up to 24 interest-free
Direct sale from the developer – Beity Real Estate Development
For booking and inquiries:
Ahmed El-Sayed
Phone: View Contact Detail
WhatsApp: View Contact Detail",en,,,Cairo,Shorouk City,Shorouk City,,ready,,primary,installments,1812500.0,,,,,,"Elevators in Building, Total Floors, مصاعد, عدد الطوابق, balcony",,,,,18494.897959183672,
502844194,https://www.bayut.eg/en/property/details-502844194.html,algolia,True,detail_html,sale,townhouse,15280000.0,,EGP,4.0,4.0,180.0,"Egypt, Matruh, North Coast, Mountain View LVLS",Gate Real Estate,False,2025-11-19,"Middle Townhouse – Third Row 
Prime location close to the sea
Sea view – Overlooking landscape and swimming pool
Unit Type: Townhouse
Project: Mountain View Levels
Phase: Third Row
BUA: 180 sqm
Land Area: 120 sqm
Layout:
3 Bedrooms (2 Masters) – Living Room – 4 Bathrooms + Nanny Room with Bathroom
Floors: Ground + First + Roof
Finishing: Super Lux

Down Payment: 7,500,000
Remaining: 7,780,000
Total: 15,280,000",en,,Mountain View (DMG),Matruh,North Coast,Mountain View LVLS,super lux,,,resale,installments,7500000.0,,,,,,"Lawn or Garden, Sea view, حديقة, يطل على البحر, pool, garden, sea view",,,,,84888.88888888889,
502706165,https://www.bayut.eg/en/property/details-502706165.html,algolia,True,detail_html,sale,apartment,6100000.0,,EGP,4.0,3.0,210.0,"Egypt, Cairo, New Cairo, 5th Settlement, Beit Al Watan",بيتي للمقاولات,False,2025-10-17,"Live in Front of Al Ahly Club – New Cairo
Luxury 210 sqm apartment in the 4th District, steps from the Police Club & North 90 Street. 
4 Bedrooms | 3 Bathrooms | 3 Receptions | Kitchen
Only 2 units per floor – total 8 residents
Delivery in 6 months – Easy payment up to 48 months
Security door | Elevator from basement to roof
Natural imported marble entrances | Aluminum façade
Direct from developer – No commission

Beity Real Estate Development
View Contact Detail | WhatsApp View Contact Detail",en,,,Cairo,New Cairo,5th Settlement,super lux,,,primary,installments,2135000.0,,,,,,"Lawn or Garden, Elevators in Building, Total Floors, حديقة, مصاعد, عدد الطوابق, security, elevator",,,,,29047.619047619046,
311411893,https://www.bayut.eg/تفاصيل-502342933/العقار.html,algolia,False,,sale,apartment,3755000.0,,EGP,1.0,2.0,137.0,"Egypt, Matruh, North Coast, Alamein, Latin District",Sales spot Real Estate,False,2025-08-11,,,,,Matruh,North Coast,Alamein,fully finished,ready,,primary,both,,,,,monthly,,"Sea view, Balcony or Terrace, Lawn or Garden, Cleaning Services, Facilities for Disabled, Freehold, Security Staff, Gym or Health Club, Waste Disposal, Maintenance Staff, CCTV Security, First Aid Medical Center, يطل على البحر, شرفة أو تراس, حديقة, خدمات تنظيف, تسهيلات لأصحاب الهمم, التملك الحر, أمن و حماية, صالة رياضية أو نادي صحي, مكبّ نفايات, خدمات صيانة, نظام كاميرات مراقبة, مركز للإسعافات الأولية",,,,,27408.75912408759,
308972981,https://www.bayut.eg/تفاصيل-501878904/العقار.html,algolia,False,,sale,apartment,6880000.0,,EGP,3.0,3.0,175.0,"Egypt, Cairo, New Cairo, 5th Settlement, Mountain View iCity Compound",Insider,False,2025-03-19,,,Mountain View iCity,Mountain View (DMG),Cairo,New Cairo,5th Settlement,,ready,,resale,cash,,,,,,,"Kids Play Area, Built in Kitchen Appliances, Electricity Meter, Laundry Room, Facilities for Disabled, Gym or Health Club, Natural Gas, Barbeque Area, Landline, Maintenance Staff, Jacuzzi, Balcony or Terrace, Lawn or Garden, Covered parking, Pets Allowed, منطقة لعب للأطفال, أجهزة مطبخ مدمجة, عداد كهرباء, غرفة غسيل, تسهيلات لأصحاب الهمم, صالة رياضية أو نادي صحي, غاز طبيعي, مكان مخصص للشواء, خط أرضي, خدمات صيانة, جاكوزي, شرفة أو تراس, حديقة, مواقف مغطاة للسيارات, مسموح بالحيوانات الاليفة, pool, garage, garden, gym",,3.0,,,39314.28571428572,
321886768,https://www.bayut.eg/تفاصيل-503989007/العقار.html,algolia,False,,sale,villa,19000000.0,,EGP,5.0,4.0,264.0,"Egypt, Matruh, North Coast, Alamein, Marina 5",Falcon Real Estate,False,2026-08-24,,,Marassi,,Matruh,North Coast,Alamein,furnished,ready,,primary,,,,,,,,"Central A/C & heating, Covered parking, Maids Room, Barbeque Area, Conference Room, Maintenance Staff, CCTV Security, Balcony or Terrace, Storage Areas, Natural Gas, Lobby in Building, Double Glazed Windows, Prayer Room, Day Care Center, Jacuzzi, Kids Play Area, 24 Hours Concierge, Built in Kitchen Appliances, Pets Allowed, Centrally Air-Conditioned, Central Heating, Laundry Room, Broadband Internet, Satellite/Cable TV, Business Center, Sauna, Facilities for Disabled, Study Room, Cleaning Services, Gym or Health Club, Landline, Service Elevators, Intercom, Shared Kitchen, Lawn or Garden, Security Staff, Swimming Pool, Electricity Meter, Sea view, Water Meter, Electricity Backup, Waste Disposal, First Aid Medical Center, Freehold, Furnished, Reception/Waiting Room, Steam Room, Cafeteria or Canteen, Laundry Facility, تدفئة وتكييف مركزي, مواقف مغطاة للسيارات, غرفة خدم, مكان مخصص للشواء, غرفة اجتماعات, خدمات صيانة, نظام كاميرات مراقبة, شرفة أو تراس, مناطق تخزين, غاز طبيعي, ردهة إستقبال, نوافذ زجاجية مزدوجة, غرفة صلاة, مركز رعاية أطفال, جاكوزي, منطقة لعب للأطفال, حراسة 24 ساعة, أجهزة مطبخ مدمجة, مسموح بالحيوانات الاليفة, نظام تبريد مركزي, تدفئة مركزية, غرفة غسيل, انترنت واسع النطاق, كابل قنوات تلفزيونية, مركز أعمال, ساونا, تسهيلات لأصحاب الهمم, غرفة دراسة, خدمات تنظيف, صالة رياضية أو نادي صحي, خط أرضي, خدمات المصاعد, اتصال داخلي, مطبخ مشترك, حديقة, أمن و حماية, مسبح, عداد كهرباء, يطل على البحر, عداد مياه, نظام كهرباء احتياطي للطوارئ, مكبّ نفايات, مركز للإسعافات الأولية, التملك الحر, مفروشة, غرفة استقبال /انتظار, غرفة بخار, كافيتيريا, خدمة غسيل ملابس, sea view",,,,,71969.69696969698,
321886799,https://www.bayut.eg/تفاصيل-503988999/العقار.html,algolia,False,,sale,apartment,4550000.0,,EGP,3.0,2.0,126.0,"Egypt, Cairo, Shorouk City, Mayan",First Move,False,2026-08-24,,,مايان الشروق شقة 126 متر متشطبة,,Cairo,Shorouk City,Mayan,fully finished,ready,,primary,both,,,10.0,,,,"Day Care Center, Waste Disposal, First Aid Medical Center, Service Elevators, Broadband Internet, Satellite/Cable TV, Business Center, Intercom, ATM Facility, Cafeteria or Canteen, Balcony or Terrace, Lawn or Garden, Security Staff, Gym or Health Club, Barbeque Area, Shared Kitchen, Swimming Pool, Landline, Covered parking, Maids Room, Pets Allowed, Electricity Meter, Water Meter, Electricity Backup, Jacuzzi, Built in Kitchen Appliances, Central A/C & heating, Natural Gas, Double Glazed Windows, Laundry Room, Prayer Room, Conference Room, Storage Areas, Lobby in Building, Central Heating, Reception/Waiting Room, Sauna, Maintenance Staff, CCTV Security, Laundry Facility, Facilities for Disabled, Study Room, Sea view, Centrally Air-Conditioned, Freehold, Furnished, Kids Play Area, Steam Room, 24 Hours Concierge, Cleaning Services, مركز رعاية أطفال, مكبّ نفايات, مركز للإسعافات الأولية, خدمات المصاعد, انترنت واسع النطاق, كابل قنوات تلفزيونية, مركز أعمال, اتصال داخلي, توفر أجهزة السحب الآلي, كافيتيريا, شرفة أو تراس, حديقة, أمن و حماية, صالة رياضية أو نادي صحي, مكان مخصص للشواء, مطبخ مشترك, مسبح, خط أرضي, مواقف مغطاة للسيارات, غرفة خدم, مسموح بالحيوانات الاليفة, عداد كهرباء, عداد مياه, نظام كهرباء احتياطي للطوارئ, جاكوزي, أجهزة مطبخ مدمجة, تدفئة وتكييف مركزي, غاز طبيعي, نوافذ زجاجية مزدوجة, غرفة غسيل, غرفة صلاة, غرفة اجتماعات, مناطق تخزين, ردهة إستقبال, تدفئة مركزية, غرفة استقبال /انتظار, ساونا, خدمات صيانة, نظام كاميرات مراقبة, خدمة غسيل ملابس, تسهيلات لأصحاب الهمم, غرفة دراسة, يطل على البحر, نظام تبريد مركزي, التملك الحر, مفروشة, منطقة لعب للأطفال, غرفة بخار, حراسة 24 ساعة, خدمات تنظيف, balcony",,,,,36111.11111111111,
321886672,https://www.bayut.eg/تفاصيل-503988898/العقار.html,algolia,False,,sale,chalet,18000000.0,,EGP,2.0,2.0,123.0,"Egypt, Matruh, North Coast, Sidi Heneish, Beit Al Bahr",Egypt Best Properties (EBP),False,2026-08-24,,,,,Matruh,North Coast,Sidi Heneish,super lux,ready,,primary,installments,9000000.0,,2.0,,,,"Built in Kitchen Appliances, Swimming Pool, Barbeque Area, Laundry Room, First Aid Medical Center, Lawn or Garden, Jacuzzi, Kids Play Area, Cafeteria or Canteen, Laundry Facility, Gym or Health Club, Day Care Center, Sauna, Steam Room, أجهزة مطبخ مدمجة, مسبح, مكان مخصص للشواء, غرفة غسيل, مركز للإسعافات الأولية, حديقة, جاكوزي, منطقة لعب للأطفال, كافيتيريا, خدمة غسيل ملابس, صالة رياضية أو نادي صحي, مركز رعاية أطفال, ساونا, غرفة بخار, pool, sea view, balcony",,,,,146341.46341463414,
321886685,https://www.bayut.eg/تفاصيل-503988896/العقار.html,algolia,False,,sale,duplex,20000000.0,,EGP,2.0,2.0,163.0,"Egypt, Matruh, North Coast, Sidi Heneish, Beit Al Bahr",Egypt Best Properties (EBP),False,2026-08-24,,,,,Matruh,North Coast,Sidi Heneish,super lux,,,primary,installments,2000000.0,,8.0,,,,"Barbeque Area, Day Care Center, Balcony or Terrace, Lawn or Garden, Gym or Health Club, Sauna, Built in Kitchen Appliances, First Aid Medical Center, Laundry Room, Jacuzzi, Covered parking, Swimming Pool, Kids Play Area, Steam Room, Cafeteria or Canteen, Shared Kitchen, مكان مخصص للشواء, مركز رعاية أطفال, شرفة أو تراس, حديقة, صالة رياضية أو نادي صحي, ساونا, أجهزة مطبخ مدمجة, مركز للإسعافات الأولية, غرفة غسيل, جاكوزي, مواقف مغطاة للسيارات, مسبح, منطقة لعب للأطفال, غرفة بخار, كافيتيريا, مطبخ مشترك, pool, sea view, balcony",,,,,122699.38650306748,
503988451,https://www.bayut.eg/en/property/details-503988451.html,algolia,True,detail_html,sale,chalet,15000000.0,,EGP,2.0,2.0,145.0,"Egypt, Matruh, North Coast, Ras Al Hekma, Modon",Property Hills One 1,False,2026-08-24,"A chalet withexceptional cash price in one of the most prestigious destinations on Egypt’s North Coast. 
Modon Ras El Hekma by Modon, one of the region’s leading real estate developers. 
Video: View Contact Detail
Stunning panoramic sea view
Property Type: Chalet for Sale
Built-up Area: 145 sqm
Layout:
Excellent layout with maximum space utilization. 2 spacious north-facing bedrooms. Finishing:
Fully finished to the highest standards, including:
Air conditioning unitsFully equipped kitchenWater heaterCommunity Amenities:
One of the largest international marinas with approximately 3,000 yacht berths. 7 world-class hotels with over 1,000 rooms. 2 championship golf courses. Fully equipped sports club. Equestrian club. International amphitheater with a capacity of around 10,000 guests. Community Center. Vibrant retail district featuring international restaurants, cafés, and international brands. Multiple swimming pools. Spa, gym, and wellness centers. Dedicated Kids’ Area and family entertainment zones. Expansive landscaped gardens, lagoons, and scenic outdoor spaces. 24/7 security, maintenance, and property management services.",en,,,Matruh,North Coast,Ras Al Hekma,fully finished,ready,,primary,cash,,,,,,,"Built in Kitchen Appliances, Lawn or Garden, Gym or Health Club, Swimming Pool, Barbeque Area, Day Care Center, First Aid Medical Center, Laundry Room, Jacuzzi, Kids Play Area, Sauna, Steam Room, Cafeteria or Canteen, أجهزة مطبخ مدمجة, حديقة, صالة رياضية أو نادي صحي, مسبح, مكان مخصص للشواء, مركز رعاية أطفال, مركز للإسعافات الأولية, غرفة غسيل, جاكوزي, منطقة لعب للأطفال, ساونا, غرفة بخار, كافيتيريا, pool, security, garden, sea view, gym",,,,,103448.27586206897,
503988447,https://www.bayut.eg/en/property/details-503988447.html,algolia,True,detail_html,sale,townhouse,22000000.0,,EGP,4.0,4.0,242.0,"Egypt, Cairo, New Cairo, 5th Settlement, Palm Hills New Cairo Compound",Property Hills One 1,False,2026-08-24,"Developed by one of the largest and most reputable real estate developers, a prestigious and well-known compound: Palm Hills. 

Offered with flexible payment plans and zero interest. 

Unit type: Townhouse villa
Area: 242 sqm + 56 sqm roof
Layout: Excellent design with efficiently utilized spaces
Floors: Ground floor / First floor / Roof
Featuring an open north-facing view overlooking landscaped greenery. 

For viewing and photos: View Contact Detail

Compound amenities:
24/7 security and electronic gatesClubhouseSwimming poolsExtensive green spaces and landscapingWalking, jogging, and cycling tracksKids’ play areasSports courts and gymCafés and restaurantsFully integrated commercial areaMedical services and pharmaciesMaintenance and property management servicesGarages and parking areas",en,Palm Hills New Cairo,Palm Hills Developments,Cairo,New Cairo,5th Settlement,,ready,,primary,installments,1100000.0,,,,,,"Cafeteria or Canteen, Pets Allowed, Lawn or Garden, Sea view, Water Meter, Natural Gas, Landline, Day Care Center, Built in Kitchen Appliances, Covered parking, كافيتيريا, مسموح بالحيوانات الاليفة, حديقة, يطل على البحر, عداد مياه, غاز طبيعي, خط أرضي, مركز رعاية أطفال, أجهزة مطبخ مدمجة, مواقف مغطاة للسيارات, pool, security, garage, garden, clubhouse, gym",,,,,90909.09090909091,
503988322,https://www.bayut.eg/en/property/details-503988322.html,algolia,True,detail_html,sale,other,22000000.0,,EGP,4.0,4.0,270.0,"Egypt, Cairo, New Cairo, 5th Settlement, City Gate Compound",Egypt Best Properties (EBP),False,2026-08-24,"City Gate - qatari diar
Villa for sale
Bua : 270 m
Land : 434 m
Ground floor + First floor + Roof
Total price: 22 million
---------------------------------------
. City Gate New Cairo is a world-class residential project developed by the leading real estate developer, Qatar Diar Developments, between New Cairo and the New Administrative Capital. 

The compound isn't just a place for living; it's a place where you can thrive and live a modern and luxurious life. The Gate New Cairo Project is filled with endless advantages, from the ideal location to the endless facilities and luxurious properties for sale that come with different layouts and prices. 

The City Gate New Cairo Compound is a self-sustained city with various sizes of villas and apartments viewing the golf course, green spaces, and parks, making living here the perfect decision you can make.",en,سيتي جيت ديار القطرية,,Cairo,New Cairo,5th Settlement,super lux,ready,,primary,installments,1100000.0,,,,,,"Balcony or Terrace, Built in Kitchen Appliances, Covered parking, Lawn or Garden, Gym or Health Club, Swimming Pool, Electricity Meter, Barbeque Area, Day Care Center, First Aid Medical Center, Laundry Room, Jacuzzi, Kids Play Area, Sauna, Steam Room, Cafeteria or Canteen, Laundry Facility, Shared Kitchen, شرفة أو تراس, أجهزة مطبخ مدمجة, مواقف مغطاة للسيارات, حديقة, صالة رياضية أو نادي صحي, مسبح, عداد كهرباء, مكان مخصص للشواء, مركز رعاية أطفال, مركز للإسعافات الأولية, غرفة غسيل, جاكوزي, منطقة لعب للأطفال, ساونا, غرفة بخار, كافيتيريا, خدمة غسيل ملابس, مطبخ مشترك",,,,,81481.48148148147,
503988222,https://www.bayut.eg/en/property/details-503988222.html,algolia,True,detail_html,sale,penthouse,11650000.0,,EGP,3.0,3.0,208.0,"Egypt, Cairo, New Cairo, 6th Settlement, EL Patio Riva",Egypt Best Properties (EBP),False,2026-08-24,"Project : Patio Riva
Developer : La vista
----------------------------------------------------
Penthouse 208 SQM
3 Bedrooms +3 Bathrooms + Largest Terrace
Overlooking Swiming Pool
Bahri
deliver 3 Years
----------------------------------------------------
Patio Riva – Facilities
Clubhouse
Swimming pools & water features
Landscaped gardens & green areas
Kids’ play area
Dog park
Sports courts
Padel courts
Jogging & walking tracks
Outdoor yoga & meditation area
Gym & fitness facilities
Spa, sauna & jacuzzi

Also, El Patio Riva is within close proximity to the following destinations:



South Teseen


Mohammed Naguib Axis


New Cairo Golden Square


American University in Cairo’s (AUC) New Cairo Campus",en,,La Vista Developments,Cairo,New Cairo,6th Settlement,furnished,,,primary,installments,582500.0,,,,,,"Reception/Waiting Room, Sauna, Steam Room, Maintenance Staff, Gym or Health Club, Swimming Pool, Electricity Meter, Sea view, Study Room, 24 Hours Concierge, Cleaning Services, Balcony or Terrace, Built in Kitchen Appliances, Central A/C & heating, Covered parking, Maids Room, Centrally Air-Conditioned, Water Meter, Storage Areas, Natural Gas, Landline, Barbeque Area, Lobby in Building, Double Glazed Windows, Central Heating, First Aid Medical Center, Service Elevators, Freehold, CCTV Security, Cafeteria or Canteen, Laundry Facility, Shared Kitchen, Facilities for Disabled, Pets Allowed, Lawn or Garden, Security Staff, Day Care Center, Electricity Backup, Waste Disposal, Furnished, Prayer Room, Laundry Room, Broadband Internet, Satellite/Cable TV, Business Center, Conference Room, Intercom, ATM Facility, Jacuzzi, Kids Play Area, غرفة استقبال /انتظار, ساونا, غرفة بخار, خدمات صيانة, صالة رياضية أو نادي صحي, مسبح, عداد كهرباء, يطل على البحر, غرفة دراسة, حراسة 24 ساعة, خدمات تنظيف, شرفة أو تراس, أجهزة مطبخ مدمجة, تدفئة وتكييف مركزي, مواقف مغطاة للسيارات, غرفة خدم, نظام تبريد مركزي, عداد مياه, مناطق تخزين, غاز طبيعي, خط أرضي, مكان مخصص للشواء, ردهة إستقبال, نوافذ زجاجية مزدوجة, تدفئة مركزية, مركز للإسعافات الأولية, خدمات المصاعد, التملك الحر, نظام كاميرات مراقبة, كافيتيريا, خدمة غسيل ملابس, مطبخ مشترك, تسهيلات لأصحاب الهمم, مسموح بالحيوانات الاليفة, حديقة, أمن و حماية, مركز رعاية أطفال, نظام كهرباء احتياطي للطوارئ, مكبّ نفايات, مفروشة, غرفة صلاة, غرفة غسيل, انترنت واسع النطاق, كابل قنوات تلفزيونية, مركز أعمال, غرفة اجتماعات, اتصال داخلي, توفر أجهزة السحب الآلي, جاكوزي, منطقة لعب للأطفال, pool, garden, clubhouse, gym, balcony",,,,,56009.61538461538,
503988176,https://www.bayut.eg/en/property/details-503988176.html,algolia,True,detail_html,sale,villa,28000000.0,,EGP,5.0,5.0,334.0,"Egypt, Cairo, New Cairo, 5th Settlement, City Gate Compound",Egypt Best Properties (EBP),False,2026-08-24,"City Gate - qatari diar
Villa for sale
Bua : 334 m
Land : 460 m
Ground floor + First floor + Roof
Total price: 28 million
------------------------------------
. City Gate New Cairo is a world-class residential project developed by the leading real estate developer, Qatar Diar Developments, between New Cairo and the New Administrative Capital. 

The compound isn't just a place for living; it's a place where you can thrive and live a modern and luxurious life. The Gate New Cairo Project is filled with endless advantages, from the ideal location to the endless facilities and luxurious properties for sale that come with different layouts and prices. 

The City Gate New Cairo Compound is a self-sustained city with various sizes of villas and apartments viewing the golf course, green spaces, and parks, making living here the perfect decision you can make. 

#Lotfy",en,سيتي جيت ديار القطرية,,Cairo,New Cairo,5th Settlement,super lux,ready,,primary,installments,1400000.0,,,,,,"Built in Kitchen Appliances, Lawn or Garden, Gym or Health Club, Swimming Pool, Barbeque Area, Day Care Center, First Aid Medical Center, Jacuzzi, Kids Play Area, Sauna, Steam Room, Shared Kitchen, أجهزة مطبخ مدمجة, حديقة, صالة رياضية أو نادي صحي, مسبح, مكان مخصص للشواء, مركز رعاية أطفال, مركز للإسعافات الأولية, جاكوزي, منطقة لعب للأطفال, ساونا, غرفة بخار, مطبخ مشترك",,,,,83832.33532934132,
503988047,https://www.bayut.eg/en/property/details-503988047.html,algolia,True,detail_html,sale,other,8000000.0,,EGP,2.0,2.0,260.0,"Egypt, Giza, Sheikh Zayed, Park Valley Compound",Ask Properties,False,2026-08-24,"A long installment period of up to 14 years and more comfort in your independent villa in Park Valley compound in New Sheikh Zayed. 

The longest payment period in the Park Valley compound in Sheikh Zayed reaches up to 14 years. 
With a special discount of 5%. 

An opportunity to own a twin villa with an area of 260m in a strategic location. 

Total price = 8 million EGP. 

Pay 10% upfront and the rest in equal installments. 

Delivery within 3 years. 
Not ready for viewing. 

Enjoy comprehensive recreational services. 

For detailed information, contact us now at View Contact Detail.",en,Park Valley,,Giza,Sheikh Zayed,Park Valley Compound,,ready,,primary,installments,800000.0,,14.0,,,5.0,"Balcony or Terrace, Built in Kitchen Appliances, Covered parking, Lawn or Garden, Security Staff, Cleaning Services, Gym or Health Club, Swimming Pool, Electricity Meter, Water Meter, Storage Areas, Natural Gas, Barbeque Area, Day Care Center, Electricity Backup, Waste Disposal, First Aid Medical Center, Freehold, Furnished, Laundry Room, Conference Room, Sauna, Steam Room, Distance From Airport (kms), Maintenance Staff, Cafeteria or Canteen, Laundry Facility, Shared Kitchen, Facilities for Disabled, 24 Hours Concierge, Jacuzzi, Kids Play Area, شرفة أو تراس, أجهزة مطبخ مدمجة, مواقف مغطاة للسيارات, حديقة, أمن و حماية, خدمات تنظيف, صالة رياضية أو نادي صحي, مسبح, عداد كهرباء, عداد مياه, مناطق تخزين, غاز طبيعي, مكان مخصص للشواء, مركز رعاية أطفال, نظام كهرباء احتياطي للطوارئ, مكبّ نفايات, مركز للإسعافات الأولية, التملك الحر, مفروشة, غرفة غسيل, غرفة اجتماعات, ساونا, غرفة بخار, المسافة من المطار (كم), خدمات صيانة, كافيتيريا, خدمة غسيل ملابس, مطبخ مشترك, تسهيلات لأصحاب الهمم, حراسة 24 ساعة, جاكوزي, منطقة لعب للأطفال",,,,,30769.23076923077,
503988015,https://www.bayut.eg/en/property/details-503988015.html,algolia,True,detail_html,sale,apartment,7150000.0,,EGP,3.0,2.0,119.0,"Egypt, Cairo, New Cairo, Rehab City",Hazem Mostafa,False,2026-08-24,"For sale, an apartment in AlRehab 2
The area of the apartment is 119 m²
The apartment is in the seventh phase
Finishes by the company and the apartment is in very good condition
Empty and ready for immediate occupancy
It consists of a reception area with two sections and 3 bedrooms, including a master bedroom, 2 bathrooms, a large kitchen, and 2 terraces
It has natural gas in the kitchen
Its location is distinctive, next to the Eastern Market
And close to the club
The apartment is Talaat Mostafa
Electricity meter with a card",en,Al Rehab,,Cairo,New Cairo,Rehab City,,ready,,resale,,,,,,,,"Gym or Health Club, Swimming Pool, Balcony or Terrace, Pets Allowed, Lawn or Garden, Security Staff, Electricity Meter, Water Meter, Natural Gas, Sauna, Steam Room, Maintenance Staff, Landline, Elevators in Building, Double Glazed Windows, Waste Disposal, First Aid Medical Center, Freehold, Broadband Internet, Satellite/Cable TV, Business Center, Conference Room, Intercom, Jacuzzi, Kids Play Area, Number of Bathrooms, Number of Bedrooms, CCTV Security, Cafeteria or Canteen, Facilities for Disabled, Parking Spaces, 24 Hours Concierge, Cleaning Services, Total Floors, Nearby Public Transport, صالة رياضية أو نادي صحي, مسبح, شرفة أو تراس, مسموح بالحيوانات الاليفة, حديقة, أمن و حماية, عداد كهرباء, عداد مياه, غاز طبيعي, ساونا, غرفة بخار, خدمات صيانة, خط أرضي, مصاعد, نوافذ زجاجية مزدوجة, مكبّ نفايات, مركز للإسعافات الأولية, التملك الحر, انترنت واسع النطاق, كابل قنوات تلفزيونية, مركز أعمال, غرفة اجتماعات, اتصال داخلي, جاكوزي, منطقة لعب للأطفال, عدد دورات المياه, عدد الغرف, نظام كاميرات مراقبة, كافيتيريا, تسهيلات لأصحاب الهمم, مواقف سيارات, حراسة 24 ساعة, خدمات تنظيف, عدد الطوابق, مواصلات نقل عامة قريبة, balcony",,,,,60084.033613445376,
503988001,https://www.bayut.eg/en/property/details-503988001.html,algolia,True,detail_html,sale,apartment,15000000.0,,EGP,3.0,3.0,193.0,"Egypt, Cairo, New Cairo, 5th Settlement, Hyde Park New Cairo Compound",Egypt Best Properties (EBP),False,2026-08-24,"HPR - apartment
Delivery : Immediate
Finishing : fully finished
•BUA : 193 sqm
•Bedrooms : 3
•floor : 5
•To Owner : 15,000,000
-------------------------------
The excellence of Hyde Park New Cairo is not coiled in its facilities but also, in the services it offers. The services you can find at Hyde Park New Cairo:

 Community Management services are delivered through a community services team responsible for assisting homeowners in whatever they need.  Cluster management services are allocated for serving each residential area separately to ensure the effectiveness of the service. Community Centre services to receive queries, answer questions, and get all your needs met. Community mobile app services allow homeowners to connect with their circle, know the upcoming events, and receive updates. 360 Works services offer internal finishing works, swimming pool implementations, and landscape services at flexible payment plans. Security services through secured fencing, CCTV surveillance system, a network of cameras, and highly-trained security personnel. Housekeeping services are offered by housekeeping professionals. Landscape maintenance services are offered to homeowners who want to have their private gardens maintained all year. Further Services such as provision of electricity, carpentry, plumbing, and agricultural services. Triple Play services offer high-speed technology and landline services ‘IP feature’ relying on fiber-optic cables. New Smart Service and Duster Car Wash services. Seoudi Market and 7mart for shopping and grocery services. Dr. Clean dry clean services. Vodafone and Etisalat communications services. Pharmacies for all the medical services. Mohamed el Sagheer and Havana barber shop hairdresser services. GoodsMart Online shopping services. Location of Hyde Park New Cairo
Hyde Park New Cairo is strategically located in the central district of New Cairo. This location enables Hyde Park New Cairo to be overlooking both, Road 90 and the New Ring Road. 
Also, the American University Cairo (AUC)New Cairo Campus is a very short drive from Hyde Park. Finally, Hyde Park New Cairo is just 20 minutes away from Cairo International Airport and the New Administrative Capital. 

#Omar",en,Hyde Park,,Cairo,New Cairo,5th Settlement,fully finished,ready,,primary,,,,,,,,"Steam Room, Cafeteria or Canteen, Laundry Facility, Swimming Pool, Electricity Meter, Barbeque Area, Day Care Center, Jacuzzi, Kids Play Area, Sauna, Balcony or Terrace, Built in Kitchen Appliances, Covered parking, Lawn or Garden, Gym or Health Club, First Aid Medical Center, Laundry Room, Shared Kitchen, غرفة بخار, كافيتيريا, خدمة غسيل ملابس, مسبح, عداد كهرباء, مكان مخصص للشواء, مركز رعاية أطفال, جاكوزي, منطقة لعب للأطفال, ساونا, شرفة أو تراس, أجهزة مطبخ مدمجة, مواقف مغطاة للسيارات, حديقة, صالة رياضية أو نادي صحي, مركز للإسعافات الأولية, غرفة غسيل, مطبخ مشترك, pool, security, garden",,,,,77720.20725388601,
503987920,https://www.bayut.eg/en/property/details-503987920.html,algolia,True,detail_html,sale,apartment,4250000.0,,EGP,3.0,2.0,130.0,"Egypt, Cairo, New Cairo, 1st Settlement, El Koronfel, Dar Misr",Platinum Eagle,False,2026-08-24,"Apartment for sale (with kitchen or fully furnished) in Dar Misr Al-Qaranful, First Settlement—near Al-Rehab and Al-Tesaeen Street. 
Ultra-super-lux finish. 

Area: 130 m² + 70 m² garden. 
Elevated ground floor. 

- 3 bedrooms (including a master bedroom)
- 2 bathrooms
- Reception area
- Kitchen

Code: A02180

Price details:
EGP 4,250,000 – Includes kitchen
EGP 4,350,000 – Includes kitchen, dining room, 2 blue salon chairs, and children's room
EGP 4,550,000 – Includes all furniture (excluding appliances)
EGP 4,750,000 – Includes all furniture and appliances


We offer apartments and duplexes across all areas of New Cairo, including the Fifth Settlement and the First Settlement. Platinum Eagle Real Estate is always here to help you choose the best property. You can contact us via phone or WhatsApp. 

For inquiries:
View Contact Detail
View Contact Detail",en,Al Rehab,,Cairo,New Cairo,1st Settlement,furnished,ready,,resale,,,,,,,,"CCTV Security, Shared Kitchen, 24 Hours Concierge, Lawn or Garden, Security Staff, Electricity Meter, Centrally Air-Conditioned, Water Meter, Natural Gas, Landline, Barbeque Area, Double Glazed Windows, Service Elevators, Furnished, Broadband Internet, Satellite/Cable TV, Number of Bathrooms, Number of Bedrooms, Completion Year, Balcony or Terrace, Built in Kitchen Appliances, نظام كاميرات مراقبة, مطبخ مشترك, حراسة 24 ساعة, حديقة, أمن و حماية, عداد كهرباء, نظام تبريد مركزي, عداد مياه, غاز طبيعي, خط أرضي, مكان مخصص للشواء, نوافذ زجاجية مزدوجة, خدمات المصاعد, مفروشة, انترنت واسع النطاق, كابل قنوات تلفزيونية, عدد دورات المياه, عدد الغرف, سنة البناء, شرفة أو تراس, أجهزة مطبخ مدمجة, garden",,,,,32692.30769230769,
503987807,https://www.bayut.eg/en/property/details-503987807.html,algolia,True,detail_html,sale,apartment,7400000.0,,EGP,3.0,3.0,150.0,"Egypt, Giza, Sheikh Zayed, El Khamayel Compound",Detailed Design,False,2026-08-24,"Great Opportunity for Sale – El Khamayel Compound | Phase 3 | Ground Floor with Garden  Beautiful ground-floor apartment with a private garden for sale in Phase 3 of El Khamayel Compound. 
Apartment Area: 150 sqm
Garden Area: 140 sqm
Layout:
• 3 Bedrooms
• 3 Bathrooms
• Reception
• Kitchen
Property Features:
• Ground floor with a private garden
• Prime location in Phase 3
• Ideal for both living and investment
Asking Price: EGP 7,400,000
For inquiries: View Contact Detail.",en,,,Giza,Sheikh Zayed,El Khamayel Compound,,ready,,primary,,,,,,,,garden,,140.0,,,49333.333333333336,
503987546,https://www.bayut.eg/en/property/details-503987546.html,algolia,True,detail_html,sale,apartment,4810000.0,,EGP,2.0,2.0,110.0,"Egypt, Cairo, Shorouk City, Mayan",Coldwell Banker Hills,False,2026-08-24,"Apartment for sale in Mayan Compound – Shorouk City

In a prime location in Shorouk City, close to major roads, services, and vital areas. 

Unit Details:

Area: 110 sq m

Two bedrooms

Fully finished

Immediate delivery

35% cash discount

Location Advantages:

Prime location in the heart of Shorouk City

Close to the Suez Road

Close to Madinaty and the New Administrative Capital

Close to universities, schools, and services

Easy access to New Cairo and surrounding areas

Compound Features:

Modern designs and green spaces

Integrated services and facilities

A tranquil and livable atmosphere

Recreational areas and diverse services

--------------------------------------------------

For inquiries, further details, and viewing: View Contact Detail",en,Madinaty,,Cairo,Shorouk City,Mayan,fully finished,ready,,primary,cash,,,,,,35.0,"Balcony or Terrace, Covered parking, Pets Allowed, Lawn or Garden, Security Staff, Gym or Health Club, Swimming Pool, Electricity Meter, Water Meter, Sauna, Steam Room, Maintenance Staff, CCTV Security, Cafeteria or Canteen, Laundry Facility, Facilities for Disabled, 24 Hours Concierge, Cleaning Services, Storage Areas, Natural Gas, Landline, Barbeque Area, Lobby in Building, Double Glazed Windows, Central Heating, Day Care Center, Electricity Backup, Waste Disposal, First Aid Medical Center, Service Elevators, Freehold, Prayer Room, Laundry Room, Broadband Internet, Satellite/Cable TV, Business Center, Conference Room, Intercom, ATM Facility, Jacuzzi, Kids Play Area, Reception/Waiting Room, شرفة أو تراس, مواقف مغطاة للسيارات, مسموح بالحيوانات الاليفة, حديقة, أمن و حماية, صالة رياضية أو نادي صحي, مسبح, عداد كهرباء, عداد مياه, ساونا, غرفة بخار, خدمات صيانة, نظام كاميرات مراقبة, كافيتيريا, خدمة غسيل ملابس, تسهيلات لأصحاب الهمم, حراسة 24 ساعة, خدمات تنظيف, مناطق تخزين, غاز طبيعي, خط أرضي, مكان مخصص للشواء, ردهة إستقبال, نوافذ زجاجية مزدوجة, تدفئة مركزية, مركز رعاية أطفال, نظام كهرباء احتياطي للطوارئ, مكبّ نفايات, مركز للإسعافات الأولية, خدمات المصاعد, التملك الحر, غرفة صلاة, غرفة غسيل, انترنت واسع النطاق, كابل قنوات تلفزيونية, مركز أعمال, غرفة اجتماعات, اتصال داخلي, توفر أجهزة السحب الآلي, جاكوزي, منطقة لعب للأطفال, غرفة استقبال /انتظار",,,,,43727.27272727273,
503987469,https://www.bayut.eg/en/property/details-503987469.html,algolia,True,detail_html,sale,apartment,4000000.0,,EGP,1.0,1.0,76.0,"Egypt, Giza, Sheikh Zayed, ZED West Compound",Property Hills,False,2026-08-24,"For sale in Zed Towers, a finished studio, an investment opportunity with Samih Sawiris. 

In the heart of Sheikh Zayed – minutes from Dandy Mall, Smart Village, and Al Ahly Club – close to the Desert Road and Dahshour Link and New Zayed. 

Area: 76 square meters
Fully finished with luxury finishing
Includes air conditioning
Practical and comfortable layout
Ideal for upscale living or strong investment return


For details and viewing:
View Contact Detail",en,Zed Towers,,Giza,Sheikh Zayed,ZED West Compound,super lux,,,primary,,,,,,,,"Balcony or Terrace, Built in Kitchen Appliances, Central A/C & heating, Covered parking, Maids Room, Pets Allowed, Lawn or Garden, Security Staff, Gym or Health Club, Swimming Pool, Centrally Air-Conditioned, Water Meter, Storage Areas, Natural Gas, Landline, Barbeque Area, Lobby in Building, Jacuzzi, Kids Play Area, Reception/Waiting Room, Sauna, Steam Room, Maintenance Staff, CCTV Security, Cafeteria or Canteen, Laundry Facility, Shared Kitchen, 24 Hours Concierge, Cleaning Services, Double Glazed Windows, Central Heating, Day Care Center, Electricity Backup, Waste Disposal, First Aid Medical Center, Service Elevators, Prayer Room, Laundry Room, Broadband Internet, Satellite/Cable TV, Business Center, Conference Room, Intercom, ATM Facility, شرفة أو تراس, أجهزة مطبخ مدمجة, تدفئة وتكييف مركزي, مواقف مغطاة للسيارات, غرفة خدم, مسموح بالحيوانات الاليفة, حديقة, أمن و حماية, صالة رياضية أو نادي صحي, مسبح, نظام تبريد مركزي, عداد مياه, مناطق تخزين, غاز طبيعي, خط أرضي, مكان مخصص للشواء, ردهة إستقبال, جاكوزي, منطقة لعب للأطفال, غرفة استقبال /انتظار, ساونا, غرفة بخار, خدمات صيانة, نظام كاميرات مراقبة, كافيتيريا, خدمة غسيل ملابس, مطبخ مشترك, حراسة 24 ساعة, خدمات تنظيف, نوافذ زجاجية مزدوجة, تدفئة مركزية, مركز رعاية أطفال, نظام كهرباء احتياطي للطوارئ, مكبّ نفايات, مركز للإسعافات الأولية, خدمات المصاعد, غرفة صلاة, غرفة غسيل, انترنت واسع النطاق, كابل قنوات تلفزيونية, مركز أعمال, غرفة اجتماعات, اتصال داخلي, توفر أجهزة السحب الآلي",,,,,52631.57894736842,
503987448,https://www.bayut.eg/en/property/details-503987448.html,algolia,True,detail_html,sale,apartment,9200000.0,,EGP,3.0,3.0,181.0,"Egypt, Giza, 6th of October, October Plaza Sodic Compound",Property Hills Plus,False,2026-08-24,"Ready-to-move-in apartment for sale in October Plaza Compound - Sodic, in a prime location next to Mountain View iCity and near Beverly Hills, Al Rabwa, and Al Ahly Club - Sheikh Zayed Branch. 

Compounds, Sheikh Zayed, October, Giza

Semi-finished
Immediate delivery

Area: 181 sq m

3 bedrooms, including a master bedroom
3 bathrooms
Large kitchen and reception area

Location:
Next to Sodic West and Dahshur Link Road, near Shooting Club, Arkan, and the entrance to Sheikh Zayed City. 

Near Al Ahly Club, Sphinx International Airport, and Cairo University - Sheikh Zayed Branch. 

Services and Features:

A fully-fledged residential compound with all amenities

24/7 security and surveillance

Camera monitoring

Children's play areas

Green spaces

Water features

Medical and commercial center

Playgrounds and running track

Gym, spa, and jacuzzi

Clubhouse

Designated barbecue areas

For immediate occupancy and site visits, contact us via WhatsApp: View Contact Detail

#Villas #Immediate Occupancy #SheikhZayed #October #Apartments #SheikhZayedRealEstate #RealEstate #Clinics #Commercial #Shops #Shops #Restaurants #Restaurants #ForSale #Chalets #NorthCoast #RasElHikma #SidiHeneish #SidiAbdelRahman",en,Mountain View iCity,Mountain View (DMG),Giza,6th of October,October Plaza Sodic Compound,semi-finished,ready,,primary,,,,,,,,"Waste Disposal, First Aid Medical Center, Freehold, Broadband Internet, Satellite/Cable TV, Business Center, Conference Room, Intercom, ATM Facility, Jacuzzi, Kids Play Area, Sauna, Balcony or Terrace, Covered parking, Pets Allowed, Lawn or Garden, Security Staff, Gym or Health Club, Swimming Pool, Electricity Meter, Centrally Air-Conditioned, Water Meter, Natural Gas, Landline, Barbeque Area, Day Care Center, Electricity Backup, Steam Room, Maintenance Staff, CCTV Security, Cafeteria or Canteen, Facilities for Disabled, 24 Hours Concierge, Cleaning Services, مكبّ نفايات, مركز للإسعافات الأولية, التملك الحر, انترنت واسع النطاق, كابل قنوات تلفزيونية, مركز أعمال, غرفة اجتماعات, اتصال داخلي, توفر أجهزة السحب الآلي, جاكوزي, منطقة لعب للأطفال, ساونا, شرفة أو تراس, مواقف مغطاة للسيارات, مسموح بالحيوانات الاليفة, حديقة, أمن و حماية, صالة رياضية أو نادي صحي, مسبح, عداد كهرباء, نظام تبريد مركزي, عداد مياه, غاز طبيعي, خط أرضي, مكان مخصص للشواء, مركز رعاية أطفال, نظام كهرباء احتياطي للطوارئ, غرفة بخار, خدمات صيانة, نظام كاميرات مراقبة, كافيتيريا, تسهيلات لأصحاب الهمم, حراسة 24 ساعة, خدمات تنظيف, security, clubhouse, gym",,,,,50828.729281767955,
503987333,https://www.bayut.eg/en/property/details-503987333.html,algolia,True,detail_html,sale,villa,17953905.0,,EGP,4.0,3.0,212.0,"Egypt, Cairo, Mostakbal City",GRAVITY,False,2026-08-24,"A truly exceptional opportunity — Low down payment + First installment after one year + Longest payment plan

Mostakbal City

S-Villa 212 m²

Own a distinctive villa in Mostakbal City with the most attractive payment plans 

Area: 212 m²

⏳ Delivery: Within a maximum of 36 months

Only 6% down payment: EGP 1,218,842

First installment after one year: EGP 880,793 

Installments every 6 months for 10 years

14% discount

Total price: EGP 17,953,905

Book your villa now before the offer ends! For details and to schedule a viewing, contact us now at https://iwtsp. com/View Contact Detail

And Your chances of rest and investment will increase",en,,,Cairo,Mostakbal City,Mostakbal City,,,,primary,installments,1077234.0,6.0,10.0,,,,"Balcony or Terrace, Built in Kitchen Appliances, Central A/C & heating, Covered parking, Maids Room, Pets Allowed, Lawn or Garden, Security Staff, Gym or Health Club, Electricity Backup, Waste Disposal, Business Center, Conference Room, Intercom, Shared Kitchen, Facilities for Disabled, Study Room, 24 Hours Concierge, Cleaning Services, Swimming Pool, Electricity Meter, Landline, Barbeque Area, Laundry Facility, Centrally Air-Conditioned, Water Meter, Storage Areas, Natural Gas, Lobby in Building, Double Glazed Windows, Central Heating, Day Care Center, First Aid Medical Center, Service Elevators, Freehold, Furnished, Laundry Room, Broadband Internet, Satellite/Cable TV, Jacuzzi, Kids Play Area, Reception/Waiting Room, Sauna, Steam Room, Maintenance Staff, CCTV Security, Cafeteria or Canteen, Prayer Room, شرفة أو تراس, أجهزة مطبخ مدمجة, تدفئة وتكييف مركزي, مواقف مغطاة للسيارات, غرفة خدم, مسموح بالحيوانات الاليفة, حديقة, أمن و حماية, صالة رياضية أو نادي صحي, نظام كهرباء احتياطي للطوارئ, مكبّ نفايات, مركز أعمال, غرفة اجتماعات, اتصال داخلي, مطبخ مشترك, تسهيلات لأصحاب الهمم, غرفة دراسة, حراسة 24 ساعة, خدمات تنظيف, مسبح, عداد كهرباء, خط أرضي, مكان مخصص للشواء, خدمة غسيل ملابس, نظام تبريد مركزي, عداد مياه, مناطق تخزين, غاز طبيعي, ردهة إستقبال, نوافذ زجاجية مزدوجة, تدفئة مركزية, مركز رعاية أطفال, مركز للإسعافات الأولية, خدمات المصاعد, التملك الحر, مفروشة, غرفة غسيل, انترنت واسع النطاق, كابل قنوات تلفزيونية, جاكوزي, منطقة لعب للأطفال, غرفة استقبال /انتظار, ساونا, غرفة بخار, خدمات صيانة, نظام كاميرات مراقبة, كافيتيريا, غرفة صلاة",,,,,84688.23113207547,
503987250,https://www.bayut.eg/en/property/details-503987250.html,algolia,True,detail_html,sale,apartment,7250000.0,,EGP,3.0,2.0,140.0,"Egypt, Cairo, Madinaty",B United Now Home,False,2026-08-24,"140m² unit for sale in Madinaty, B12
Group 122
Prime location: centrally situated near amenities, East Hub, and the Craft Zone
Second floor
North-facing (Bahri)
Views of the park and the street
Priced at the market's lowest rate for a quick sale—only 7,250 [per meter]—and fully paid off!
Layout: 3 bedrooms (including a master suite), 2 bathrooms, kitchen, reception area, and terrace. 

For inquiries:

View Contact Detail
View Contact Detail

Mr. Ali El-Sharkawy – New Home Real Estate Marketing (Madinaty)

Banks Complex – Above Banque Misr – 2nd Floor – Office 205b",en,Madinaty,,Cairo,Madinaty,Madinaty,,ready,,primary,,,,,,,,"Completion Year, Balcony or Terrace, Covered parking, Security Staff, Electricity Meter, Water Meter, Elevators in Building, Down Payment, View, Double Glazed Windows, Electricity Backup, Waste Disposal, Freehold, Broadband Internet, Satellite/Cable TV, Kids Play Area, Other Facilities, Number of Bedrooms, Reception/Waiting Room, Nearby Schools, Nearby Hospitals, Nearby Shopping Malls, Other Nearby Places, Maintenance Staff, CCTV Security, Shared Kitchen, Facilities for Disabled, Parking Spaces, 24 Hours Concierge, Cleaning Services, Intercom, سنة البناء, شرفة أو تراس, مواقف مغطاة للسيارات, أمن و حماية, عداد كهرباء, عداد مياه, مصاعد, المقدم, مطل, نوافذ زجاجية مزدوجة, نظام كهرباء احتياطي للطوارئ, مكبّ نفايات, التملك الحر, انترنت واسع النطاق, كابل قنوات تلفزيونية, منطقة لعب للأطفال, تسهيلات أخرى, عدد الغرف, غرفة استقبال /انتظار, مدارس قريبة, مستشفيات قريبة, مراكز تسوق قريبة, أماكن قريبة أخرى, خدمات صيانة, نظام كاميرات مراقبة, مطبخ مشترك, تسهيلات لأصحاب الهمم, مواقف سيارات, حراسة 24 ساعة, خدمات تنظيف, اتصال داخلي, balcony",2.0,,,,51785.71428571428,
503987239,https://www.bayut.eg/en/property/details-503987239.html,algolia,True,detail_html,sale,chalet,20960000.0,,EGP,0.0,1.0,79.0,"Egypt, Matruh, North Coast, South Med",Addreic,False,2026-08-24,"A rare resale opportunity in SouthMed, North Coast’s premier destination. Located in the highly sought-after Santorini zone (L10), this 79 sqm studio on the 4th/5th floor (Building 20E) features uninterrupted, panoramic views of the open sea and crystal waterfalls. Designed for high capital appreciation and rental yield, the property includes a dedicated private parking space. 
Size: 79 sqmLocation: SouthMed Marina, Santorini (L10), Building 20EFloor: Upper level with open rooftop and sea/waterfall viewsIncludes: Private parking spotTotal Price: EGP 20,960,000Paid to Date: EGP 3,970,000Asking Premium (Over): EGP 450,000",en,Marina,,Matruh,North Coast,South Med,,,,resale,installments,4420000.0,,,,,,"Distance From Airport (kms), Nearby Public Transport, المسافة من المطار (كم), مواصلات نقل عامة قريبة, garage",5.0,,,,265316.4556962025,
503987049,https://www.bayut.eg/en/property/details-503987049.html,algolia,True,detail_html,sale,chalet,22000000.0,,EGP,3.0,3.0,155.0,"Egypt, Matruh, North Coast, Sidi Abdel Rahman, Marassi",Egypt Best Properties (EBP),False,2026-08-24,"Phase: Blanca
Delivery: Ready to Move
Unit Type: chalet with garden
Layout: 3 Bedrooms
Built-Up Area: 155 sqm
Finishing: Fully Finished
Financial Details:22.000. 000
--------------------------------
Emaar Misr chose the ideal location of Marassi North Coast wisely, exactly on the 126th km of Alexandria - Marsa Matrouh Road. It is amid a wide range of elite coastal towns, including:

Stella HeightsLa Vista CascadaShamasi North Coast
Moreover, the Marassi North Coast location is:
2 hours away from Alexandria1.5 hours away from Borg El Arab International Airport30 minutes away from Al Alamein Airport

#Neama",en,Marassi,Emaar Misr,Matruh,North Coast,Sidi Abdel Rahman,fully finished,ready,,primary,,,,,,,,"Gym or Health Club, Day Care Center, First Aid Medical Center, Laundry Room, Balcony or Terrace, Built in Kitchen Appliances, Covered parking, Pets Allowed, Lawn or Garden, Security Staff, Swimming Pool, Electricity Meter, Sea view, Barbeque Area, Business Center, Conference Room, Jacuzzi, Kids Play Area, Sauna, Shared Kitchen, 24 Hours Concierge, Steam Room, CCTV Security, Cafeteria or Canteen, Laundry Facility, صالة رياضية أو نادي صحي, مركز رعاية أطفال, مركز للإسعافات الأولية, غرفة غسيل, شرفة أو تراس, أجهزة مطبخ مدمجة, مواقف مغطاة للسيارات, مسموح بالحيوانات الاليفة, حديقة, أمن و حماية, مسبح, عداد كهرباء, يطل على البحر, مكان مخصص للشواء, مركز أعمال, غرفة اجتماعات, جاكوزي, منطقة لعب للأطفال, ساونا, مطبخ مشترك, حراسة 24 ساعة, غرفة بخار, نظام كاميرات مراقبة, كافيتيريا, خدمة غسيل ملابس, garden",,3.0,,,141935.48387096773,
503987038,https://www.bayut.eg/en/property/details-503987038.html,algolia,True,detail_html,sale,apartment,12600000.0,,EGP,3.0,3.0,156.0,"Egypt, Cairo, New Cairo, 5th Settlement, Hyde Park New Cairo Compound",Coldwell Banker Hills,False,2026-08-24,"Apartment for sale in Hyde Park – Fifth Settlement

Located in the New Center Ville area, in a prime location within the compound, with immediate occupancy. 

Unit Details:

Area: 156 sq m

3 bedrooms, including a master bedroom

3 bathrooms

Semi-furnished

5 air conditioners (hot and cold)

Kitchen

Gas

Parking space

Hyde Park Features:

Prime location in the heart of New Cairo

Close to 90th Street and the American University in Cairo

Green spaces and extensive landscaping

Comprehensive services and facilities

Close to major malls and services

Price: EGP 12,600,000

---------------------------------------------------

For inquiries, further details, and viewing: View Contact Detail",en,Hyde Park,,Cairo,New Cairo,5th Settlement,furnished,ready,,resale,,,,,,,,"Electricity Meter, Water Meter, Storage Areas, Natural Gas, Landline, Barbeque Area, Satellite/Cable TV, Business Center, Conference Room, Intercom, ATM Facility, Jacuzzi, Kids Play Area, Balcony or Terrace, Covered parking, Facilities for Disabled, 24 Hours Concierge, Cleaning Services, Pets Allowed, Lawn or Garden, Security Staff, Gym or Health Club, Swimming Pool, First Aid Medical Center, Service Elevators, Freehold, Prayer Room, Laundry Room, Broadband Internet, Reception/Waiting Room, Sauna, Steam Room, Maintenance Staff, CCTV Security, Cafeteria or Canteen, Laundry Facility, Lobby in Building, Double Glazed Windows, Central Heating, Day Care Center, Electricity Backup, Waste Disposal, عداد كهرباء, عداد مياه, مناطق تخزين, غاز طبيعي, خط أرضي, مكان مخصص للشواء, كابل قنوات تلفزيونية, مركز أعمال, غرفة اجتماعات, اتصال داخلي, توفر أجهزة السحب الآلي, جاكوزي, منطقة لعب للأطفال, شرفة أو تراس, مواقف مغطاة للسيارات, تسهيلات لأصحاب الهمم, حراسة 24 ساعة, خدمات تنظيف, مسموح بالحيوانات الاليفة, حديقة, أمن و حماية, صالة رياضية أو نادي صحي, مسبح, مركز للإسعافات الأولية, خدمات المصاعد, التملك الحر, غرفة صلاة, غرفة غسيل, انترنت واسع النطاق, غرفة استقبال /انتظار, ساونا, غرفة بخار, خدمات صيانة, نظام كاميرات مراقبة, كافيتيريا, خدمة غسيل ملابس, ردهة إستقبال, نوافذ زجاجية مزدوجة, تدفئة مركزية, مركز رعاية أطفال, نظام كهرباء احتياطي للطوارئ, مكبّ نفايات, garage",,,,,80769.23076923077,
503986941,https://www.bayut.eg/en/property/details-503986941.html,algolia,True,detail_html,sale,townhouse,30000000.0,,EGP,4.0,4.0,310.0,"Egypt, Giza, Sheikh Zayed, Allegria",Property Hills Elite,False,2026-08-24,"Special opportunity to own a Corner Townhouse inside Allegria SODIC,
Corner location and large areas provide higher privacy and better views, within a fully serviced compound. 


Unit details:
Corner TownhouseLand area: 245 sqmBuilt-up area: 310 sqmPrime Corner Location

Benefits of Allegria:
High-end residential community by SODICGreen spaces and wide landscapingGolf CourseClubhouseClub SRecreational areas and complete services24/7 security and guardingPrime location in the heart of West Cairo

Location: In Allegria – SODIC near the most important roads and services, with easy access to Sheikh Zayed and 6th of October. 


Price:30,000,000 EGP
Corner unit with a built-up area of 310 sqm inside Allegria is a special opportunity for those looking for privacy and a strong location.",en,Allegria,SODIC,Giza,Sheikh Zayed,Allegria,,ready,,resale,,,,,,,,"First Aid Medical Center, Broadband Internet, Intercom, Kids Play Area, Maintenance Staff, CCTV Security, 24 Hours Concierge, Double Glazed Windows, Electricity Backup, Waste Disposal, Balcony or Terrace, Lawn or Garden, Gym or Health Club, Swimming Pool, Barbeque Area, مركز للإسعافات الأولية, انترنت واسع النطاق, اتصال داخلي, منطقة لعب للأطفال, خدمات صيانة, نظام كاميرات مراقبة, حراسة 24 ساعة, نوافذ زجاجية مزدوجة, نظام كهرباء احتياطي للطوارئ, مكبّ نفايات, شرفة أو تراس, حديقة, صالة رياضية أو نادي صحي, مسبح, مكان مخصص للشواء, security, clubhouse",,,,,96774.19354838709,
503986925,https://www.bayut.eg/en/property/details-503986925.html,algolia,True,detail_html,sale,apartment,8720000.0,,EGP,3.0,2.0,137.0,"Egypt, Cairo, Madinaty",AL Essamy Group,False,2026-08-24,"Rare find in B8, area 137m, and closest handover in Group 87. 
Booking 2022 with premium finishes in B8. 
Apartment layout, area 137m :-
- (3 bedrooms, including a master bedroom - 3 bathrooms - reception - kitchen - 2 baths)
Apartment features :-
- Mustafa booked in 2022. 
- Corner and at the end, and not dented. 
- Open view onto a main street. 
- Clear northern direction. 
- Its location is very special, close to Madinaty Sports Club and the service area of the phase. 
Financial details :-
- Total contract at the lowest total contract. 
Down payment 5,380,000.",en,Madinaty,,Cairo,Madinaty,Madinaty,,,,resale,installments,5380000.0,,,,,,"Balcony or Terrace, Lawn or Garden, Security Staff, Gym or Health Club, CCTV Security, شرفة أو تراس, حديقة, أمن و حماية, صالة رياضية أو نادي صحي, نظام كاميرات مراقبة",,,,,63649.63503649635,
208799783,https://www.bayut.eg/en/property/details-208799783.html,algolia,True,detail_html,sale,apartment,5000000.0,,EGP,3.0,2.0,185.0,"Egypt, Giza, Sheikh Zayed, 16th District",,False,2026-08-24,"شقة 185م للبيع في الحي 16 – الشيخ زايد – فيو مفتوح على وصلة دهشور

شقة للبيع بموقع مميز جدًا في الحي السادس عشر – مجاورة أولى – الشيخ زايد، بمساحة 185 متر، بالدور الثاني. 

تفاصيل الشقة:
المساحة: 185 متر
3 غرف نوم
2 حمام
ريسبشن كبير 3 قطع
مطبخ
الدور الثاني
نصف تشطيب: محارة وحلوق
جميع العدادات متوفرة

تفاصيل العمارة:
العمارة حالتها ممتازة وواجهة فخمة
مدخل رخام
أسانسير بحالة ممتازة ويتم عمل صيانة دورية له
العمارة ناصيتين على الميدان
بدون أي مخالفات نهائيًا
يوجد جراج بالعمارة، والجراج ليس تابعًا للشقة

الموقع والفيو:
فيو مفتوح ومباشر على وصلة دهشور
أمام Beverly Hills وسعودي والمدرسة الألمانية
5 دقائق من مول العرب
دقيقتان من طريق الإسكندرية الصحراوي
قريب جدًا من:
المدرسة الألمانية
الممشى السياحي
سعودي
Beverly Hills

السعر المطلوب: 5,000,000 جنيه

للتواصل والمعاينة: View Contact Detail#View Contact Detail",mixed,Beverly Hills,,Giza,Sheikh Zayed,16th District,semi-finished,ready,,primary,,,,,,,,"Completion Year, Balcony or Terrace, Covered parking, Security Staff, Electricity Meter, Water Meter, Natural Gas, سنة البناء, شرفة أو تراس, مواقف مغطاة للسيارات, أمن و حماية, عداد كهرباء, عداد مياه, غاز طبيعي, garage, elevator",2.0,,,,27027.027027027027,
503986749,https://www.bayut.eg/en/property/details-503986749.html,algolia,True,detail_html,sale,apartment,2500000.0,,EGP,1.0,1.0,53.0,"Egypt, Cairo, New Cairo, 5th Settlement",Modern Cairo,False,2026-08-24,"To contact sales from outside Egypt: View Contact Detail WhatsApp


Almira Developments
Almira Aurea
New launch New Cairo
The project in a nutshell
Integrated services residential compound
Area 4.5 acres

Project location
Al Andalus on AUC axis
Near Janna Misr compound
Minutes from the American University and South Ninety. Gamal Abdel Nasser axis. And Mohamed Naguib

Compound details
- 8 residential buildings G+5
- Paths for biking and running
- Vast green areas
- Children's play area
- Clubhouse within the compound
- Commercial and medical mall. Pharmacy
- Grilling spots on every roof


Meter price is a surprise
1 starts from 35,000 after discount
2 units start at 2,300,000
3 your monthly installment from 9,000

Payment systems are flexible and suitable for all clients starting from,

0% down payment installments up to 12 years and discounts can reach 16%

Cash discount 30%",en,Details,,Cairo,New Cairo,5th Settlement,,,,primary,installments,375000.0,0.0,12.0,,monthly,30.0,clubhouse,,,,,47169.811320754714,
503986725,https://www.bayut.eg/en/property/details-503986725.html,algolia,True,detail_html,sale,apartment,4900000.0,,EGP,2.0,2.0,96.0,"Egypt, Cairo, Madinaty",B United Now Home,False,2026-08-24,"96m² apartment for sale in Madinaty (B7)
5th floor, corner unit, North-facing
View of the park and the club
Premium custom finishes
Layout: 2 bedrooms, 2 bathrooms, kitchen, reception area, and terrace
Asking price: 4,900,000 (fully paid off)

For inquiries:

View Contact Detail
View Contact Detail

Mr. Ali El-Sharkawy – New Home Real Estate Marketing (Madinaty)

Banking Complex – Above Banque Misr – 2nd Floor – Office 205 B",en,Madinaty,,Cairo,Madinaty,Madinaty,,ready,,primary,,,,,,,,"Waste Disposal, Freehold, Prayer Room, Satellite/Cable TV, Intercom, Other Facilities, Land Area, Number of Bathrooms, Number of Bedrooms, Reception/Waiting Room, Nearby Schools, Nearby Hospitals, Nearby Shopping Malls, Nearby Public Transport, Other Nearby Places, Maintenance Staff, CCTV Security, Laundry Facility, Facilities for Disabled, Balcony or Terrace, Built in Kitchen Appliances, Covered parking, Pets Allowed, Lawn or Garden, Security Staff, Electricity Meter, Water Meter, Elevators in Building, Down Payment, View, Lobby in Building, Double Glazed Windows, Electricity Backup, Parking Spaces, 24 Hours Concierge, Cleaning Services, مكبّ نفايات, التملك الحر, غرفة صلاة, كابل قنوات تلفزيونية, اتصال داخلي, تسهيلات أخرى, مساحة الأرض, عدد دورات المياه, عدد الغرف, غرفة استقبال /انتظار, مدارس قريبة, مستشفيات قريبة, مراكز تسوق قريبة, مواصلات نقل عامة قريبة, أماكن قريبة أخرى, خدمات صيانة, نظام كاميرات مراقبة, خدمة غسيل ملابس, تسهيلات لأصحاب الهمم, شرفة أو تراس, أجهزة مطبخ مدمجة, مواقف مغطاة للسيارات, مسموح بالحيوانات الاليفة, حديقة, أمن و حماية, عداد كهرباء, عداد مياه, مصاعد, المقدم, مطل, ردهة إستقبال, نوافذ زجاجية مزدوجة, نظام كهرباء احتياطي للطوارئ, مواقف سيارات, حراسة 24 ساعة, خدمات تنظيف, balcony",5.0,,,,51041.666666666664,
503986718,https://www.bayut.eg/en/property/details-503986718.html,algolia,True,detail_html,sale,villa,25000000.0,,EGP,4.0,4.0,170.0,"Egypt, Matruh, North Coast, Ras Al Hekma, El Masyaf",Egypt Best Properties (EBP),False,2026-08-24,"Townhouse for Sale at Al Masyaf – Ras El Hekma | North Coast | Luxury Finishing
Own a premium townhouse at Al Masyaf – Ras El Hekma, one of the distinguished destinations on Egypt’s North Coast, offering a unique blend of modern design, beautiful landscapes, a stunning coastal atmosphere, and a relaxing lifestyle. 
UNIT Details:
• Townhouse
• 4 Bedrooms
• 4 Bathrooms
• Modern Contemporary Design
• Luxury Finishing
• Prime Location Within the Project
• Ideal for Luxury Living & Investment

Al Masyaf – Ras El Hekma | North Coast

Experience a premium Mediterranean lifestyle at Al Masyaf, featuring beautifully designed residences, landscaped green areas, beach access, and a variety of facilities designed for relaxation, entertainment, and family living. 

• Private Beach
• Swimming Pools
• Landscaped Green Areas
• Clubhouse
• Cafés & Restaurants
• Commercial & Retail Areas
• Entertainment & Family Activities
• Walking & Cycling Areas
• 24/7 Security & Gated Community

Al Masyaf Ras El Hekma is the perfect destination for luxury vacations, summer getaways, investment, or enjoying a premium coastal lifestyle. 

For More Details & Viewing:

View Contact Detail",en,,,Matruh,North Coast,Ras Al Hekma,super lux,,,primary,installments,1250000.0,,,,,,"Balcony or Terrace, Built in Kitchen Appliances, Central A/C & heating, Covered parking, Maids Room, Pets Allowed, Lawn or Garden, Security Staff, Gym or Health Club, Swimming Pool, Electricity Meter, Sea view, Centrally Air-Conditioned, Water Meter, Storage Areas, Natural Gas, Landline, Barbeque Area, Lobby in Building, Double Glazed Windows, Central Heating, Day Care Center, Electricity Backup, Waste Disposal, First Aid Medical Center, Service Elevators, Freehold, Sauna, Steam Room, Maintenance Staff, CCTV Security, Cafeteria or Canteen, Laundry Facility, Shared Kitchen, Facilities for Disabled, Study Room, 24 Hours Concierge, Cleaning Services, Prayer Room, Laundry Room, Broadband Internet, Satellite/Cable TV, Business Center, Conference Room, Intercom, ATM Facility, Jacuzzi, Kids Play Area, Reception/Waiting Room, شرفة أو تراس, أجهزة مطبخ مدمجة, تدفئة وتكييف مركزي, مواقف مغطاة للسيارات, غرفة خدم, مسموح بالحيوانات الاليفة, حديقة, أمن و حماية, صالة رياضية أو نادي صحي, مسبح, عداد كهرباء, يطل على البحر, نظام تبريد مركزي, عداد مياه, مناطق تخزين, غاز طبيعي, خط أرضي, مكان مخصص للشواء, ردهة إستقبال, نوافذ زجاجية مزدوجة, تدفئة مركزية, مركز رعاية أطفال, نظام كهرباء احتياطي للطوارئ, مكبّ نفايات, مركز للإسعافات الأولية, خدمات المصاعد, التملك الحر, ساونا, غرفة بخار, خدمات صيانة, نظام كاميرات مراقبة, كافيتيريا, خدمة غسيل ملابس, مطبخ مشترك, تسهيلات لأصحاب الهمم, غرفة دراسة, حراسة 24 ساعة, خدمات تنظيف, غرفة صلاة, غرفة غسيل, انترنت واسع النطاق, كابل قنوات تلفزيونية, مركز أعمال, غرفة اجتماعات, اتصال داخلي, توفر أجهزة السحب الآلي, جاكوزي, منطقة لعب للأطفال, غرفة استقبال /انتظار, pool, security, garden, clubhouse",,,,,147058.82352941178,
503986572,https://www.bayut.eg/en/property/details-503986572.html,algolia,True,detail_html,sale,villa,11869810.0,,EGP,3.0,3.0,211.0,"Egypt, Cairo, New Capital City, Noor City",AL Essamy Group,False,2026-08-24,"With a lower price than an apartment and the longest payment period of 15 years
Q1 model villa for sale in Noor City with the longest payment period of 15 years
Reservation 5/2023
Land area = 211 meters
Building area = 195 meters

Interior division :-
Ground floor :-
3 reception areas + kitchen + guest bathroom
First floor :-
3 bedrooms including a master bedroom - 2 bathrooms - terrace
Roof :-
Service room with bathroom on 25% of the building area. 

Features :-
- West facing
- 15-year payment period
- Free transfer and ownership transfer
- View of the street and garden

Financial details :-
Total contract including the club = 11,869,810
Total deposit = 614,000
Payments = 2,193,000
The offer 3,000,000",en,Madinaty,,Cairo,New Capital City,Noor City,,,,resale,installments,5193000.0,,15.0,,,,"Balcony or Terrace, Lawn or Garden, Security Staff, Gym or Health Club, Barbeque Area, Kids Play Area, CCTV Security, Cafeteria or Canteen, شرفة أو تراس, حديقة, أمن و حماية, صالة رياضية أو نادي صحي, مكان مخصص للشواء, منطقة لعب للأطفال, نظام كاميرات مراقبة, كافيتيريا, garden, balcony",,,,,56255.02369668247,
503986539,https://www.bayut.eg/en/property/details-503986539.html,algolia,True,detail_html,sale,apartment,8500000.0,,EGP,3.0,3.0,162.0,"Egypt, Cairo, New Cairo, Rehab City",E G R Realestate company,False,2026-08-24,"Apartment 162m for sale in the best location in Al-Rehab 2
At a special price for quick sale
A special model consisting of
3 bedrooms, including a master - 3 bathrooms - kitchen - reception

Third floor - elevator
Open view on a street and square
Company finishing

Very special location in Al-Rehab 2 - Phase 7 - steps from the Eastern Market, food court, banks, and all services

For showing or more details
Contact us: View Contact Detail
EGR Real estate",en,Al Rehab,,Cairo,New Cairo,Rehab City,,ready,,resale,,,,,,,,elevator,,,,,52469.135802469136,
503986509,https://www.bayut.eg/en/property/details-503986509.html,algolia,True,detail_html,sale,villa,8000000.0,,EGP,5.0,5.0,392.0,"Egypt, Dakahlia, New Mansoura, Zahya",Sky prime,False,2026-08-24,"Villa Ready to Move Sea View and ready to showing in compound zahya new mansoura

Building area: 392 meter
private garden+

3 floors
( Ground floor + first floor + roof )

Ready to move

Viewing available

Video demonstration of the villa available

The compound is inhabited and has all amenities and services

Compound villas only

Full price: 8 million cash

Installment plan available: 5% down payment, with the balance payable over 12 years

For contact and viewing (call or WhatsApp): View Contact Detail",en,زاهية Zahya,,Dakahlia,New Mansoura,Zahya,,ready,,primary,installments,400000.0,5.0,12.0,,,,"Built in Kitchen Appliances, Central A/C & heating, Covered parking, Pets Allowed, Lawn or Garden, Security Staff, Gym or Health Club, Swimming Pool, Sea view, Centrally Air-Conditioned, Landline, Cafeteria or Canteen, Facilities for Disabled, 24 Hours Concierge, Cleaning Services, Barbeque Area, Double Glazed Windows, Day Care Center, Electricity Backup, Waste Disposal, First Aid Medical Center, Service Elevators, Broadband Internet, Satellite/Cable TV, Business Center, Intercom, ATM Facility, Jacuzzi, Kids Play Area, Sauna, Maintenance Staff, CCTV Security, أجهزة مطبخ مدمجة, تدفئة وتكييف مركزي, مواقف مغطاة للسيارات, مسموح بالحيوانات الاليفة, حديقة, أمن و حماية, صالة رياضية أو نادي صحي, مسبح, يطل على البحر, نظام تبريد مركزي, خط أرضي, كافيتيريا, تسهيلات لأصحاب الهمم, حراسة 24 ساعة, خدمات تنظيف, مكان مخصص للشواء, نوافذ زجاجية مزدوجة, مركز رعاية أطفال, نظام كهرباء احتياطي للطوارئ, مكبّ نفايات, مركز للإسعافات الأولية, خدمات المصاعد, انترنت واسع النطاق, كابل قنوات تلفزيونية, مركز أعمال, اتصال داخلي, توفر أجهزة السحب الآلي, جاكوزي, منطقة لعب للأطفال, ساونا, خدمات صيانة, نظام كاميرات مراقبة, garden, sea view",,,,,20408.163265306124,
503986499,https://www.bayut.eg/en/property/details-503986499.html,algolia,True,detail_html,sale,apartment,4000000.0,,EGP,2.0,2.0,123.0,"Egypt, Cairo, New Capital City, R5, New Garden City",Sky prime,False,2026-08-24,"Apartment at the original price (New Urban Communities Authority pricing)

For sale apartment fully finished with air conditioning ready to move in the Garden City compound, New Administrative Capital

Area: 123 sqm
( 2bedrooms + 2 bathrooms + reception area + kitchen)

Immediate handover

Fully finished to a high-end standard (Super Lux) and equipped with air conditioning

All utilities and amenities included

A video walkthrough of the apartment is available

Total price: 4 million

Installment plan available: 5% down payment, with the balance payable over an extended period

For details or to schedule a viewing: View Contact Detail",en,,,Cairo,New Capital City,R5,super lux,ready,,primary,installments,200000.0,5.0,,,,,"Broadband Internet, Cleaning Services, Balcony or Terrace, Central A/C & heating, Covered parking, Pets Allowed, Lawn or Garden, Security Staff, Gym or Health Club, Swimming Pool, Electricity Meter, Water Meter, Natural Gas, Landline, Barbeque Area, Double Glazed Windows, Day Care Center, Electricity Backup, Waste Disposal, First Aid Medical Center, Service Elevators, Satellite/Cable TV, Business Center, Intercom, Jacuzzi, Kids Play Area, Sauna, Maintenance Staff, CCTV Security, Cafeteria or Canteen, Facilities for Disabled, 24 Hours Concierge, انترنت واسع النطاق, خدمات تنظيف, شرفة أو تراس, تدفئة وتكييف مركزي, مواقف مغطاة للسيارات, مسموح بالحيوانات الاليفة, حديقة, أمن و حماية, صالة رياضية أو نادي صحي, مسبح, عداد كهرباء, عداد مياه, غاز طبيعي, خط أرضي, مكان مخصص للشواء, نوافذ زجاجية مزدوجة, مركز رعاية أطفال, نظام كهرباء احتياطي للطوارئ, مكبّ نفايات, مركز للإسعافات الأولية, خدمات المصاعد, كابل قنوات تلفزيونية, مركز أعمال, اتصال داخلي, جاكوزي, منطقة لعب للأطفال, ساونا, خدمات صيانة, نظام كاميرات مراقبة, كافيتيريا, تسهيلات لأصحاب الهمم, حراسة 24 ساعة, garden",,,,,32520.325203252032,
503986452,https://www.bayut.eg/en/property/details-503986452.html,algolia,True,detail_html,sale,apartment,15088654.0,,EGP,3.0,3.0,180.0,"Egypt, Cairo, New Cairo, 5th Settlement, Villette Compound",SOUL,False,2026-08-24,"Prime Apartment for Sale in Villette – SODIC
A well-located 180 sqm apartment for sale in Villette – SODIC, semi-finished, with an attractive payment plan and all services fully paid. 
BUA: 180 sqm3 Bedrooms3 BathroomsFinishing: Semi-FinishedAll services fully paidTotal Price: EGP 15,088,654
Down Payment: EGP 13,500,000
Remaining: EGP 1,589,658
Installments: Quarterly installments of EGP 171,786 until 29 August 2028
Brokerage Fee: 1.5%",en,Villette,SODIC,Cairo,New Cairo,5th Settlement,semi-finished,ready,,resale,installments,13500000.0,,,,quarterly,,,,,,,83825.85555555555,
503986387,https://www.bayut.eg/en/property/details-503986387.html,algolia,True,detail_html,sale,chalet,15000000.0,,EGP,3.0,3.0,150.0,"Egypt, Matruh, North Coast, Ras Al Hekma, La Vista Ras El Hikma",Falcon Real Estate,False,2026-08-24,"Chalet with the most stunning view and location in the village + Sandy Beach

Best price and location in La Vista with a full sea view __ Ultra Super Lux finishing

Area: 150 sq m
(3 bedrooms, 3 bathrooms)

Total price 15,000,000 [Down payment only 800,000 + flexible installments over the longest period]

_____________________________________
For details and a video, contact us now View Contact Detail (WhatsApp/Phone). 
______________________________________

A unique opportunity to own a unit in one of the most prestigious villages on the North Coast, with modern designs, breathtaking natural scenery, and top-tier integrated services.",en,Marassi,La Vista Developments,Matruh,North Coast,Ras Al Hekma,super lux,,,primary,installments,750000.0,,,,,,"Covered parking, Pets Allowed, Gym or Health Club, Swimming Pool, Electricity Meter, Water Meter, Natural Gas, Landline, Day Care Center, First Aid Medical Center, Jacuzzi, Kids Play Area, Sauna, Steam Room, Cafeteria or Canteen, Facilities for Disabled, مواقف مغطاة للسيارات, مسموح بالحيوانات الاليفة, صالة رياضية أو نادي صحي, مسبح, عداد كهرباء, عداد مياه, غاز طبيعي, خط أرضي, مركز رعاية أطفال, مركز للإسعافات الأولية, جاكوزي, منطقة لعب للأطفال, ساونا, غرفة بخار, كافيتيريا, تسهيلات لأصحاب الهمم, sea view",,,,,100000.0,
503986339,https://www.bayut.eg/en/property/details-503986339.html,algolia,True,detail_html,sale,villa,20000000.0,,EGP,4.0,4.0,295.0,"Egypt, Matruh, North Coast, Alamein, Mazarine",Falcon Real Estate,False,2026-08-24,"Immediate delivery of a luxurious standalone villa (ultra-super-luxurious finishing || Prime Location) with a VIP view of the sea, lagoon, and towers. 

Total area: 345 sq m, divided into 294 sq m + 51 sq m roof terrace. 

Excellent layout: 4 bedrooms + 4 bathrooms. 
Prime location opposite the New Alamein Towers, after Marassi and Amwaj. 

Flexible payment plans: EGP down payment 2,300,000 + easy installments with no interest. 

For details, click now on WhatsApp to receive a full video: View Contact Detail (Phone)",en,Marassi,,Matruh,North Coast,Alamein,super lux,ready,,primary,installments,2000000.0,,,,,,"Gym or Health Club, Swimming Pool, Cafeteria or Canteen, Kids Play Area, Sauna, Steam Room, Barbeque Area, Day Care Center, First Aid Medical Center, Jacuzzi, صالة رياضية أو نادي صحي, مسبح, كافيتيريا, منطقة لعب للأطفال, ساونا, غرفة بخار, مكان مخصص للشواء, مركز رعاية أطفال, مركز للإسعافات الأولية, جاكوزي, pool, balcony",,,,,67796.61016949153,
503986275,https://www.bayut.eg/en/property/details-503986275.html,algolia,True,detail_html,sale,apartment,6500000.0,,EGP,3.0,3.0,155.0,"Egypt, Cairo, New Cairo, 5th Settlement, Mountain View iCity Compound",Property Hills,False,2026-08-24,"Apartment details
Area 155 m
3 rooms
3 bathrooms
Kitchen
Reception
Terrace

Location
Fifth Settlement directly on the Middle Ring
4 minutes from Suez Road
7 minutes from Al Rehab
15 minutes from AUC
10 minutes from the Administrative Capital
Near Madinaty


Compound services:
Green areas
- Water bodies
- *Private track
- Recreational areas
- Barbecue spots
- Restaurants and cafes
- Swimming pools
- Commercial mall
- Health club
Medical services
- Sports club
- Administrative office
- Maintenance services
- Parking
- Electronic gates
- Surveillance cameras

Contact
View Contact Detail",en,Mountain View iCity,Mountain View (DMG),Cairo,New Cairo,5th Settlement,,ready,,primary,,,,,,,,"Maintenance Staff, Cafeteria or Canteen, Waste Disposal, First Aid Medical Center, Broadband Internet, Kids Play Area, Sauna, Steam Room, Balcony or Terrace, Covered parking, Pets Allowed, Lawn or Garden, Gym or Health Club, Swimming Pool, Electricity Meter, Water Meter, Natural Gas, Landline, Barbeque Area, Jacuzzi, Facilities for Disabled, 24 Hours Concierge, Cleaning Services, Double Glazed Windows, Day Care Center, Satellite/Cable TV, Intercom, خدمات صيانة, كافيتيريا, مكبّ نفايات, مركز للإسعافات الأولية, انترنت واسع النطاق, منطقة لعب للأطفال, ساونا, غرفة بخار, شرفة أو تراس, مواقف مغطاة للسيارات, مسموح بالحيوانات الاليفة, حديقة, صالة رياضية أو نادي صحي, مسبح, عداد كهرباء, عداد مياه, غاز طبيعي, خط أرضي, مكان مخصص للشواء, جاكوزي, تسهيلات لأصحاب الهمم, حراسة 24 ساعة, خدمات تنظيف, نوافذ زجاجية مزدوجة, مركز رعاية أطفال, كابل قنوات تلفزيونية, اتصال داخلي, pool, garage, gym, balcony",,,,,41935.48387096774,
503986155,https://www.bayut.eg/en/property/details-503986155.html,algolia,True,detail_html,sale,other,35000000.0,,EGP,0.0,0.0,98.0,"Egypt, Cairo, New Cairo, 5th Settlement",Jusq Real Estate,False,2026-08-24,"Pharmacy for Sale in South 90th Street – Prime LocationA pharmacy with a highly prime location for sale at the beginning of South 90th Street, directly in front of the banking and corporate district and next to a well-known, fully operational hospital. 
Prime location within a fully occupied villa area, on the ground floor with a direct frontage on the project, featuring a prime corner location with two facades; one facing the street and main entrance, and the other directly overlooking the plaza. 
For viewing and more details about the price and payment plans:
View Contact Detail
Viewings are available throughout the week. 
Pharmacy Area: 98 sqm
Layout & Location:
Ground Floor / Corner with two facades / One facade facing the street and main entrance / One facade overlooking the plaza. 
Location Details:
Next to a well-known, fully operational hospital
Directly in front of the banking and corporate district
Located within a fully occupied villa area",en,,,Cairo,New Cairo,5th Settlement,furnished,ready,,,,,,,,,,"Laundry Facility, Facilities for Disabled, Cleaning Services, First Aid Medical Center, Furnished, Laundry Room, Jacuzzi, Kids Play Area, Sauna, Steam Room, Maintenance Staff, Cafeteria or Canteen, Balcony or Terrace, Built in Kitchen Appliances, Central A/C & heating, Maids Room, Lawn or Garden, Gym or Health Club, Swimming Pool, Electricity Meter, Centrally Air-Conditioned, Water Meter, Storage Areas, Natural Gas, Barbeque Area, Double Glazed Windows, Central Heating, Day Care Center, Electricity Backup, Waste Disposal, خدمة غسيل ملابس, تسهيلات لأصحاب الهمم, خدمات تنظيف, مركز للإسعافات الأولية, مفروشة, غرفة غسيل, جاكوزي, منطقة لعب للأطفال, ساونا, غرفة بخار, خدمات صيانة, كافيتيريا, شرفة أو تراس, أجهزة مطبخ مدمجة, تدفئة وتكييف مركزي, غرفة خدم, حديقة, صالة رياضية أو نادي صحي, مسبح, عداد كهرباء, نظام تبريد مركزي, عداد مياه, مناطق تخزين, غاز طبيعي, مكان مخصص للشواء, نوافذ زجاجية مزدوجة, تدفئة مركزية, مركز رعاية أطفال, نظام كهرباء احتياطي للطوارئ, مكبّ نفايات",,,,,357142.85714285716,
503986125,https://www.bayut.eg/en/property/details-503986125.html,algolia,True,detail_html,sale,townhouse,20000000.0,,EGP,4.0,5.0,250.0,"Egypt, Giza, 6th of October, Hadaba Compound",Dalia Youssef,False,2026-08-24,"For Sale Modern Middle Townhouse – Al Hadaba Compound, October
Prime location inside the compound with an open view overlooking green areas and the swimming pool. 
Land Area: 250 m²
BUA: 242 m²
Ground + First + Roof
Modern Design – Unfinished
Ground Floor: • 3-piece reception
• Kitchen overlooking the garden
• Guest bathroom
• Nanny room
First Floor: • 3 Bedrooms
• Master bedroom with en-suite bathroom
• Additional bathroom serving the other 2 bedrooms & living area
Roof: • Living room with bathroom
• Spacious terrace
• Living room can be converted into a 4th bedroom
Asking Price: EGP 20,000,000
For details & viewing: View Contact Detail",en,,,Giza,6th of October,Hadaba Compound,semi-finished,ready,,resale,,,,,,,,"pool, garden, balcony",,,,,80000.0,
503986060,https://www.bayut.eg/en/property/details-503986060.html,algolia,True,detail_html,sale,villa,30000000.0,,EGP,4.0,5.0,200.0,"Egypt, Matruh, North Coast, Ras Al Hekma, June Sodic",Falcon Real Estate,False,2026-08-24,"Villa area: 200 sqm – Triple view
(4 bedrooms - 5 bathrooms - 3 piece reception - Sea-view terrace - fantastic design kitchen
The villa is fully finished with ultra super lux finishing
-
----------
For inquiries or site visits: View Contact Detail
Send a WhatsApp message to receive the PDF brochure & real site photos of the villa. 
================================================
================================================",en,Swan Lake,SODIC,Matruh,North Coast,Ras Al Hekma,super lux,ready,,primary,installments,,,,,,,balcony,,,,,150000.0,
503985795,https://www.bayut.eg/en/property/details-503985795.html,algolia,True,detail_html,sale,apartment,10000000.0,,EGP,3.0,2.0,160.0,"Egypt, Giza, Sheikh Zayed, Beverly Hills Compound",Property Hills VIP,False,2026-08-24,"Apartment Ready To Move in SODIC's most prestigious project, minutes from Sphinx Airport
Minutes from Misr University and the Mehwar

Area: 160 SQM
3 bedrooms + nanny
Master
Large reception
2 bathrooms

Location:
On Dabaa Axis
Minutes from Juhayna Square and Mall of Arabia
Minutes from the Grand Egyptian Museum

Features and services:
Clubhouse
Gym
Kids' area
Landscape
Cafes and restaurants
Promenade
Swimming pools
Security and guards
Surveillance cameras",en,,SODIC,Giza,Sheikh Zayed,Beverly Hills Compound,super lux,ready,,primary,,,,,,,,"24 Hours Concierge, Built in Kitchen Appliances, Security Staff, Centrally Air-Conditioned, Double Glazed Windows, Central Heating, Day Care Center, Laundry Room, Satellite/Cable TV, Business Center, Intercom, Cafeteria or Canteen, Facilities for Disabled, حراسة 24 ساعة, أجهزة مطبخ مدمجة, أمن و حماية, نظام تبريد مركزي, نوافذ زجاجية مزدوجة, تدفئة مركزية, مركز رعاية أطفال, غرفة غسيل, كابل قنوات تلفزيونية, مركز أعمال, اتصال داخلي, كافيتيريا, تسهيلات لأصحاب الهمم, pool, security, garden, clubhouse, gym",,,,,62500.0,
503985794,https://www.bayut.eg/en/property/details-503985794.html,algolia,True,detail_html,sale,chalet,8000000.0,,EGP,2.0,2.0,88.0,"Egypt, Matruh, North Coast, Dose",URZ Property,False,2026-08-24,"Own a fully finished, ultra-super-lux chalet with all rooms facing the sea and fully air-conditioned. 

Enjoy complete privacy and luxury with the lowest down payment and the longest flexible payment period. 

• For inquiries, contact us now: View Contact Detail

Chalet Details:

Area: 88 sq m

Internal Layout: (2 Bedrooms | 2 Bathrooms | Spacious Reception | Terrace with Sea View)

Finishing Level: Fully Finished + Air Conditioning
View: Full Sea View

Total Price = 8,000,000 EGP
Payment Plan: Only 10% Down Payment = 800,000 EGP (and the rest in extended installments with no interest)
Strategic Location: | D. o. s. e North Coast | Directly on the Alexandria-Matrouh road

Important note: The photos attached to this advertisement were taken live from the site of previously completed and delivered phases.",en,The Waterway,La Vista Developments,Matruh,North Coast,Dose,super lux,,,primary,installments,800000.0,10.0,,,,,"sea view, balcony",,,,,90909.09090909091,
503985790,https://www.bayut.eg/en/property/details-503985790.html,algolia,True,detail_html,sale,chalet,8000000.0,,EGP,1.0,1.0,75.0,"Egypt, Matruh, North Coast, Marsa Baghush",URZ Property,False,2026-08-24,"Own a Panoramic Lagoon View Chalet in Ras El Hekma – North Coast
A great opportunity for both living and investment in one of the North Coast's finest destinations. Enjoy premium finishing, stunning lagoon and landscape views, and a sandy beach with crystal-clear turquoise waters. 
Unit Details
• Area: 75 sqm
• 1 Bedroom
• 1 Bathroom
• Reception
• Direct views of the lagoon and landscape
Payment Plan
• Down Payment: EGP 800,000
• Flexible installments over several years
Prime Location
Located in Cali Coast, Ras El Hekma — a fully operational and inhabited community with available amenities and services. 
For details, prices & site visits
View Contact Detail (Call & WhatsApp)
Model photos from one of the project phases.",en,Cali Coast,La Vista Developments,Matruh,North Coast,Marsa Baghush,fully finished,,,primary,installments,800000.0,,9.0,,,,"pool, garden",,,,,106666.66666666667,
503985733,https://www.bayut.eg/en/property/details-503985733.html,algolia,True,detail_html,sale,apartment,7000000.0,,EGP,2.0,2.0,166.0,"Egypt, Cairo, Mostakbal City, Sarai",URZ Property,False,2026-08-24,"[Pay the deposit and get an instant discount of the same value]
Ground floor apartment with a garden overlooking the most expansive landscape in Mostakbal City and opposite the Clubhouse
In a prime location near the American University on the Suez Road and adjacent to Madinaty
For more details and to view the project, contact us: View Contact Detail

Area: 166 sq m + Garden: 186 sq m
Layout: 3 bedrooms | 3 bathrooms | Reception | Kitchen
Location: Sarai Compound
Price after discount: EGP 7,000,000
Price in installments: EGP 14,000,000
Down payment: EGP 1,400,000 (only 10%)
Installments over 12 years with no interest
Important note: The photos shown are of previous phases that have already been delivered.",en,Bloomfields,,Cairo,Mostakbal City,Sarai,,ready,,primary,installments,1400000.0,10.0,12.0,,,50.0,"garden, clubhouse",,186.0,,,42168.67469879518,
503985697,https://www.bayut.eg/en/property/details-503985697.html,algolia,True,detail_html,sale,apartment,9800000.0,,EGP,3.0,3.0,150.0,"Egypt, Cairo, New Cairo, 5th Settlement, Hyde Park New Cairo Compound",URZ Property,False,2026-08-24,"Prime location apartment for sale with a stunning panoramic view over the central park. 
All rooms enjoy double views in a dedicated apartment-only phase. 
Located on the Ring Road, minutes from 90th Street, in front of Hyde Park, and close to the American University in Cairo (AUC). 
Details:
Type: Corner unit
Area: 150 sqm + nanny room
Layout: 3 Bedrooms + nanny room + 3 Bathrooms
View: Fully open landscape view
Payment plan:
Down payment: 1,050,000 EGP
Equal installments over 10 years
Special discount available
Call or WhatsApp: View Contact Detail",en,Hyde Park,,Cairo,New Cairo,5th Settlement,,,,primary,installments,1050000.0,,10.0,,,,garden,,,,,65333.333333333336,
503985669,https://www.bayut.eg/en/property/details-503985669.html,algolia,True,detail_html,sale,chalet,8800000.0,,EGP,2.0,2.0,88.0,"Egypt, Matruh, North Coast, Ras Al Hekma, Seashore",URZ Property,False,2026-08-24,"Own a chalet in the heart of the North Coast, in a prime location near El Alamein and Sidi Abdel Rahman. 
A chalet where you can invest and achieve the highest return on investment, with a 30% discount off its price. Fully finished with luxurious finishing and air conditioning units. 
A prime location and one of the most distinguished units in the phase. 
Details:
Type: Corner
Finishing: Luxury finishing + Air Conditioning
Area: 88sqm + Terrace
Layout: 2 Bedroom + 2 Bathroom + Reception
View: Double View
Current price after discount
For the installment plan without the discount:
Down Payment: EGP 600,000
Installments: Over 9 years with no interest
Call for discount details: View Contact Detail + WhatsApp
Sample pho",en,Marassi,,Matruh,North Coast,Ras Al Hekma,super lux,,,primary,installments,880000.0,,9.0,,,35.0,"pool, sea view, balcony",,,,,100000.0,
503985667,https://www.bayut.eg/en/property/details-503985667.html,algolia,True,detail_html,sale,villa,43000000.0,,EGP,5.0,4.0,293.0,"Egypt, Matruh, North Coast, Sidi Heneish, Beit Al Bahr",URZ Property,False,2026-08-24,"Own a standalone villa with a special 30% discount and equal payment plans. 

In a prime location with a direct and panoramic sea view. 
The fully finished and equipped unit boasts the highest quality and comprises 3 floors with a 370 sq m private garden. 

• Contact us now to inquire about payment plans: View Contact Detail

Unit Details:

Area: 293 sq m built area + 370 sq m private garden
Design: 3 integrated floors (ground + first + roof)

Layout: (5 bedrooms + 4 bathrooms + 3-piece reception + American kitchen)

Delivery Condition: Ultra Super Lux

View: Open frontage overlooking the lagoon and the sea (full sea view)

Total Price = EGP 43,000,000
Down Payment = 10% only (EGP 4,300,000) and the remainder in extended installments

Location: D. o. s. e North Coast Resort | Km 174 Alexandria-Matrouh Road

Note: The attached images have been digitally enhanced with artificial intelligence to showcase the interior design and final unit delivery.",en,The Waterway,La Vista Developments,Matruh,North Coast,Sidi Heneish,super lux,,,primary,installments,4300000.0,10.0,,,,,"pool, garden, sea view",,,,,146757.67918088738,
503985579,https://www.bayut.eg/en/property/details-503985579.html,algolia,True,detail_html,sale,villa,42000000.0,,EGP,5.0,4.0,295.0,"Egypt, Matruh, North Coast, Ramla",URZ Property,False,2026-08-24,"Standalone villa with private swimming pool and spacious garden with a captivating view
Fully furnished to a luxurious standard, take advantage of an exclusive 30% discount with an equal installment plan
Panoramic open view combining the sea and the lagoon
• For more information, contact us immediately: View Contact Detail

Details of the luxury villa:

Built-up area: 295m² + private garden of 370 m²
Architectural design: 3 integrated floors (Ground floor + First floor + Roof)
Internal layout: (5 bedrooms | 4 bathrooms | 3-piece reception | Kitchen | Driver's room | Nanny's room)
Delivery status: Ultra Super Lux
View: Double view overlooking the sea and the lagoon clearly FULL SEA VIEW

Total Price = 42,000,000 EGP

Payment Plan: 10% Down Payment = 4,200,000 EGP + Extended Installments

Location: D. o. s. e. Village, North Coast, Km 174 Alexandria-Matrouh Road

Important Note: The images accompanying this advertisement were created using artificial intelligence to illustrate the interior design and the final handover stage of the unit.",en,The Waterway,Talaat Moustafa Group (TMG),Matruh,North Coast,Ramla,furnished,,,primary,installments,4200000.0,10.0,,,,,"pool, garden, sea view",,,,,142372.88135593222,
321886625,https://www.bayut.eg/تفاصيل-503985551/العقار.html,algolia,False,,sale,apartment,5100000.0,,EGP,2.0,2.0,135.0,"Egypt, Matruh, North Coast, Alamein, Latin District",Falcon Real Estate,False,2026-08-24,,,Marassi,,Matruh,North Coast,Alamein,fully finished,ready,,primary,,,,,,,,"CCTV Security, Balcony or Terrace, Pets Allowed, Security Staff, Sea view, Covered parking, نظام كاميرات مراقبة, شرفة أو تراس, مسموح بالحيوانات الاليفة, أمن و حماية, يطل على البحر, مواقف مغطاة للسيارات, pool",,,,,37777.77777777778,
503985525,https://www.bayut.eg/en/property/details-503985525.html,algolia,True,detail_html,sale,villa,43000000.0,,EGP,6.0,4.0,293.0,"Egypt, Matruh, North Coast, Silver Sands",URZ Property,False,2026-08-24,"Standalone Villa with a 40% discount, featuring a breathtaking sea view and all rooms finished to the highest quality standards. 

Consisting of 3 floors with a large 370 sq m garden and a private swimming pool. 

Contact us for all the details: View Contact Detail

Villa Specifications:
Area: 293 sq m + 370 sq m Garden
Consisting of 3 floors (Ground Floor + First Floor + Roof)
Layout: (6 rooms + 4 bathrooms + 3-piece reception + kitchen) (Driver's room + Nanny's room)

Finishing: Fully Finished
View: Overlooking the lagoon and with a full sea view

Total Price = 43,000,000 EGP
Down Payment: Only 10% 4,300,000 EGP + Installments over 5 years
Cash Price = 36,000,000 EGP
Location: | D. o. s. e Village | Alexandria-Matrouh Road
Next to [Waterway North Coast & La Vista North Coast]

Important Note: The photos shown are of previous phases that have already been delivered.",en,Cali Coast,La Vista Developments,Matruh,North Coast,Silver Sands,fully finished,ready,,primary,installments,4300000.0,10.0,5.0,,,,"pool, garden, sea view",,,,,146757.67918088738,
503985495,https://www.bayut.eg/en/property/details-503985495.html,algolia,True,detail_html,sale,apartment,6350000.0,,EGP,3.0,2.0,116.0,"Egypt, Cairo, Madinaty",Madinaty broker,False,2026-08-24,ready to move apartment 116m for sale in madinaty B10,en,Madinaty,,Cairo,Madinaty,Madinaty,fully finished,ready,,resale,,,,,,,,"Balcony or Terrace, Distance From Airport (kms), Nearby Public Transport, Maintenance Staff, Shared Kitchen, Cleaning Services, Total Floors, Number of Bedrooms, Sauna, Steam Room, Built in Kitchen Appliances, Covered parking, Lawn or Garden, Security Staff, Lobby in Building, Day Care Center, Waste Disposal, First Aid Medical Center, Prayer Room, Laundry Room, Business Center, Conference Room, Jacuzzi, Kids Play Area, CCTV Security, Cafeteria or Canteen, Laundry Facility, Gym or Health Club, Swimming Pool, Electricity Meter, Elevators in Building, Barbeque Area, شرفة أو تراس, المسافة من المطار (كم), مواصلات نقل عامة قريبة, خدمات صيانة, مطبخ مشترك, خدمات تنظيف, عدد الطوابق, عدد الغرف, ساونا, غرفة بخار, أجهزة مطبخ مدمجة, مواقف مغطاة للسيارات, حديقة, أمن و حماية, ردهة إستقبال, مركز رعاية أطفال, مكبّ نفايات, مركز للإسعافات الأولية, غرفة صلاة, غرفة غسيل, مركز أعمال, غرفة اجتماعات, جاكوزي, منطقة لعب للأطفال, نظام كاميرات مراقبة, كافيتيريا, خدمة غسيل ملابس, صالة رياضية أو نادي صحي, مسبح, عداد كهرباء, مصاعد, مكان مخصص للشواء",,,,,54741.379310344826,
503985431,https://www.bayut.eg/en/property/details-503985431.html,algolia,True,detail_html,sale,villa,18000000.0,,EGP,4.0,3.0,160.0,"Egypt, Cairo, New Cairo, 1st Settlement, Taj City Compound",URZ Property,False,2026-08-24,"With an immediate discount of 50% or with flexible payment facilities over 10 years!!
Own a townhouse with a spacious and private garden with a clear view of the landscape
• Send a message now and inquire about the discount plan and booking inspections: View Contact Detail

Details:
• Area: 160 square meters + garden
• Division: [4 rooms | 3 bathroom | Reception 3 pieces | Kitchen]

Payment plan:
• The total price in installments for 10 years = 18,000,000 EGP
• Payment system: With only 10% down payment = 1,000,000 EGP + installments extended up to 10 years without interest

Important note: The photos attached to the advertisement were photographed live from the ground for previous stages that were fully implemented and delivered.",en,Swan Lake,Mountain View (DMG),Cairo,New Cairo,1st Settlement,,,,primary,installments,1800000.0,0.0,10.0,,,50.0,garden,,,,,112500.0,
503985347,https://www.bayut.eg/en/property/details-503985347.html,algolia,True,detail_html,sale,other,20000000.0,,EGP,3.0,3.0,315.0,"Egypt, Cairo, New Cairo, 5th Settlement, Mountain View Hyde Park Compound",Alpha real estate,False,2026-08-24,"Spacious 315m 3-Level iVilla for Sale in Mountain View Hyde Park with Dual Views
An exceptional opportunity to own a standalone-style luxury home in one of New Cairo’s most prestigious compounds. Spread across 3 floors (105 sqm per floor), this red-brick iVilla offers total design freedom to finish your home to your exact standards while benefiting from premium surroundings and open natural views. 
Property Overview:
Location: Mountain View Hyde Park, New CairoProperty Type: iVilla (Roof Level across 3 Floors)Built-up Area: 315 sqm (105 sqm per floor)Finishing: Red Brick (Core & Shell)Front View: Prime Villa Neighborhood ViewBack View: Panoramic Lagoon, Landscape, and Green Gardens3-Level Detailed Layout:
Main Floor: Large entrance hall, spacious 2-piece reception and dining area, modern kitchen with dedicated pantry, maid's room, and guest bathroomBedrooms Floor: 3 Large bedrooms, including a master suite with private ensuite bathroom and dressing area, plus an additional family bathroom and dedicated storage roomRoof Level: Spacious upper living/family area opening onto 2 expansive roof terraces with dedicated space for a private jacuzzi, offering open green and lagoon viewsInvestment & Pricing:
Net Price: 20,000,000 EGPImmediate delivery with full architectural floor plans availableContact us today to arrange an immediate site viewing or to receive full PDF floor plans.",en,Mountain View Hyde Park,Mountain View (DMG),Cairo,New Cairo,5th Settlement,super lux,ready,,,,,,,,,,"pool, garden, balcony, maids room",,,,,63492.06349206349,
503985139,https://www.bayut.eg/en/property/details-503985139.html,algolia,True,detail_html,sale,villa,23500000.0,,EGP,4.0,4.0,200.0,"Egypt, Matruh, North Coast, Ras Al Hekma, June Sodic",Falcon Real Estate,False,2026-08-24,"The Ultimate Level of Exclusivity – Your Private First-Row Villa in a Prestigious Community by Sodic

100% Breathtaking Sea Views from All Directions with a Private Sandy Beach

Area: 200 sq m + 55 sq m Roof + Garden

Divided into (Ground Floor + Garden + First Floor)

Ultra Luxury Finishing

Natural Marble – Parquet Flooring – European Kitchens – Bathrooms with World-Class Fixtures

Enjoy Sandy Beach and a Panoramic Sea View that Makes Every Moment Unique

For details and viewings, please contact us via WhatsApp or phone at View Contact Detail",en,Fouka Bay,Mountain View (DMG),Matruh,North Coast,Ras Al Hekma,super lux,ready,,primary,installments,4700000.0,,,,,,"Lawn or Garden, Gym or Health Club, Swimming Pool, Jacuzzi, Kids Play Area, Sauna, Cafeteria or Canteen, Barbeque Area, Day Care Center, First Aid Medical Center, Steam Room, حديقة, صالة رياضية أو نادي صحي, مسبح, جاكوزي, منطقة لعب للأطفال, ساونا, كافيتيريا, مكان مخصص للشواء, مركز رعاية أطفال, مركز للإسعافات الأولية, غرفة بخار, garden, sea view",,,,,117500.0,
503984908,https://www.bayut.eg/en/property/details-503984908.html,algolia,True,detail_html,sale,chalet,10779229.0,,EGP,2.0,2.0,131.0,"Egypt, Matruh, North Coast, Ramla",Falcon Real Estate,False,2026-08-24,"Chalet for sale with a stunning view in Ramla Village Ras El Hekma

Area 131m - Ultra modern finishing
(2 bedrooms, one master + 2 bathrooms + reception with lagoon view)
Panoramic sea view - Direct sea view

For details: View Contact Detail (call & WhatsApp)
Installment plan: 10% down payment, and the rest in installments over 8 years with no interest",en,,,Matruh,North Coast,Ramla,super lux,ready,,primary,installments,,0.0,8.0,,,,"Covered parking, Sea view, Water Meter, مواقف مغطاة للسيارات, يطل على البحر, عداد مياه, pool, sea view",,,,,82284.19083969465,
503984903,https://www.bayut.eg/en/property/details-503984903.html,algolia,True,detail_html,sale,villa,9252972.0,,EGP,5.0,4.0,239.0,"Egypt, Cairo, Mostakbal City, Sarai",Falcon Real Estate,False,2026-08-24,"Villa for sale inside Sarai Compound in New Cairo
Directly on the Suez Road next to Madinaty

Area 235 m + 55 m garden + 71 m roof
(five bedrooms + reception + 4 bathrooms + roof with garden view)
The phase consists of villas only, and 75% of the land is landscaped and greenery
The compound offers full services

An interest-free installment plan is available over 8 years
For details, call or WhatsApp View Contact Detail",en,Madinaty,,Cairo,Mostakbal City,Sarai,,ready,,primary,installments,,,8.0,,,,"Balcony or Terrace, Built in Kitchen Appliances, Central A/C & heating, Gym or Health Club, Swimming Pool, Centrally Air-Conditioned, Water Meter, Storage Areas, Landline, Barbeque Area, Lobby in Building, Double Glazed Windows, Day Care Center, Electricity Backup, Laundry Facility, Shared Kitchen, 24 Hours Concierge, Cleaning Services, Lawn or Garden, Security Staff, Waste Disposal, First Aid Medical Center, Laundry Room, Conference Room, Intercom, Broadband Internet, Satellite/Cable TV, Business Center, Jacuzzi, Kids Play Area, Sauna, Steam Room, Maintenance Staff, CCTV Security, Cafeteria or Canteen, شرفة أو تراس, أجهزة مطبخ مدمجة, تدفئة وتكييف مركزي, صالة رياضية أو نادي صحي, مسبح, نظام تبريد مركزي, عداد مياه, مناطق تخزين, خط أرضي, مكان مخصص للشواء, ردهة إستقبال, نوافذ زجاجية مزدوجة, مركز رعاية أطفال, نظام كهرباء احتياطي للطوارئ, خدمة غسيل ملابس, مطبخ مشترك, حراسة 24 ساعة, خدمات تنظيف, حديقة, أمن و حماية, مكبّ نفايات, مركز للإسعافات الأولية, غرفة غسيل, غرفة اجتماعات, اتصال داخلي, انترنت واسع النطاق, كابل قنوات تلفزيونية, مركز أعمال, جاكوزي, منطقة لعب للأطفال, ساونا, غرفة بخار, خدمات صيانة, نظام كاميرات مراقبة, كافيتيريا, garden",,,,,38715.3640167364,
503984803,https://www.bayut.eg/en/property/details-503984803.html,algolia,True,detail_html,sale,chalet,5290000.0,,EGP,2.0,2.0,105.0,"Egypt, Matruh, North Coast, Sidi Abdel Rahman, Amwaj",I Properties,False,2026-08-24,"Ready to Move chalet from Al-Ahly Sabbour Developments in North Coast
Discount Up to 50% FOR LIMITED TIME ONLY

Fully finished
Direct Seaview

Unit's area : 105 m ( 2 Bedrooms )

Total price CASH : 5,290,000
and in case of paying over installments The price increases and there are installments UP TO 8 YEARS. 

The project is established by Al-Ahly Sabbour developemnts in Ras El-Hekma at 187 km next to Gaia and Amwaj north coast and it's 30 minutes away from New Alamein City . 

Amenities and features :

Sandy beach
12% footprint
Swimmable Lagoons
Clubhouse
Spots Area",en,Amwaj,Al Ahly Sabbour,Matruh,North Coast,Sidi Abdel Rahman,fully finished,ready,,primary,both,,,8.0,,,,"Gym or Health Club, Swimming Pool, Sea view, Barbeque Area, Day Care Center, Built in Kitchen Appliances, Central A/C & heating, Security Staff, Central Heating, Electricity Backup, Freehold, Business Center, Kids Play Area, Facilities for Disabled, Storage Areas, Laundry Room, CCTV Security, Laundry Facility, Shared Kitchen, Covered parking, Lawn or Garden, Centrally Air-Conditioned, Water Meter, Double Glazed Windows, Waste Disposal, First Aid Medical Center, Electricity Meter, Natural Gas, Jacuzzi, Maintenance Staff, 24 Hours Concierge, Cleaning Services, صالة رياضية أو نادي صحي, مسبح, يطل على البحر, مكان مخصص للشواء, مركز رعاية أطفال, أجهزة مطبخ مدمجة, تدفئة وتكييف مركزي, أمن و حماية, تدفئة مركزية, نظام كهرباء احتياطي للطوارئ, التملك الحر, مركز أعمال, منطقة لعب للأطفال, تسهيلات لأصحاب الهمم, مناطق تخزين, غرفة غسيل, نظام كاميرات مراقبة, خدمة غسيل ملابس, مطبخ مشترك, مواقف مغطاة للسيارات, حديقة, نظام تبريد مركزي, عداد مياه, نوافذ زجاجية مزدوجة, مكبّ نفايات, مركز للإسعافات الأولية, عداد كهرباء, غاز طبيعي, جاكوزي, خدمات صيانة, حراسة 24 ساعة, خدمات تنظيف, pool, clubhouse",,,,,50380.95238095238,
503984512,https://www.bayut.eg/en/property/details-503984512.html,algolia,True,detail_html,sale,villa,22980000.0,,EGP,5.0,5.0,290.0,"Egypt, Cairo, New Heliopolis, Talala",Falcon Real Estate,False,2026-08-24,"Standalone villa within Talala Compound - New Heliopolis
Developer: Madinet Masr

Villa Details

- Villa Area: 290 sq m
- Garden Area: 125 sq m

Internal Layout

- Bedrooms 5 , Nanny's Room
- Bathrooms 5 , 3-Piece Reception, Kitchen

Villa Features

- Delivered fully finished, Luxury Finish
- Prime location within the compound, Full Privacy

For more details / To book:

View Contact Detail (Mobile & WhatsApp)",en,Sodic East,Madinet Masr (MNHD),Cairo,New Heliopolis,Talala,super lux,,,primary,,,,,,,,"Electricity Meter, Jacuzzi, Pets Allowed, Balcony or Terrace, Covered parking, Lawn or Garden, Security Staff, Gym or Health Club, Swimming Pool, Barbeque Area, Lobby in Building, Day Care Center, First Aid Medical Center, Service Elevators, Business Center, Kids Play Area, Sauna, CCTV Security, Cafeteria or Canteen, 24 Hours Concierge, عداد كهرباء, جاكوزي, مسموح بالحيوانات الاليفة, شرفة أو تراس, مواقف مغطاة للسيارات, حديقة, أمن و حماية, صالة رياضية أو نادي صحي, مسبح, مكان مخصص للشواء, ردهة إستقبال, مركز رعاية أطفال, مركز للإسعافات الأولية, خدمات المصاعد, مركز أعمال, منطقة لعب للأطفال, ساونا, نظام كاميرات مراقبة, كافيتيريا, حراسة 24 ساعة, garden",,125.0,,,79241.37931034483,
503984500,https://www.bayut.eg/en/property/details-503984500.html,algolia,True,detail_html,sale,apartment,26595000.0,,EGP,3.0,1.0,159.0,"Egypt, Matruh, North Coast, Ras Al Hekma, Modon",Coldwell Banker Blom,False,2026-08-24,"Apartment for sale 159m - (WADI YEMM-MODON) (Ras Al - Hekma - north coast) - with a quarterly installment of 772,113 L. E (with a 5% down payment of 1,329,750 L. E -price 26,595,000 L. E ) in installments up to 8 years. 
• 3 rooms (master), 3 Reception, 1 bathroom, 1 terrace. 
* Ground floor, building 5 floors , 3 floors . 
* Reception view and rooms: (Boulevard ). 
* Complete finishing. 
* Receipt : (8/2028). 
* Maintenance deposit: 10% (upon receipt ). 
* Unit code: 100520",en,,,Matruh,North Coast,Ras Al Hekma,,,,primary,installments,1329750.0,5.0,8.0,772113.0,quarterly,,balcony,,,,,167264.15094339623,26037366.0
503984431,https://www.bayut.eg/en/property/details-503984431.html,algolia,True,detail_html,sale,chalet,12300000.0,,EGP,2.0,1.0,90.0,"Egypt, Matruh, North Coast, Ras Al Hekma, Seashore",Egypt Best Properties (EBP),False,2026-08-24,"Unit Details:
• Type: Chalet
• Bedrooms: 2
• Modern design
• Prime location within the project
• Open views
• Suitable for vacation use or investment
The chalet features a practical layout with comfortable living spaces, natural lighting, and excellent ventilation, offering privacy, comfort, and a premium coastal lifestyle. 
Project Features:
• Private beach
• Multiple swimming pools
• Lagoons and water features
• Clubhouse
• Restaurants & Cafés
• Entertainment areas
• Landscaped areas
• 24/7 Security
• Integrated services
For more details & viewing:
View Contact Detail",en,Seashore,,Matruh,North Coast,Ras Al Hekma,,,,primary,installments,615000.0,,,,,,"pool, security, garden, clubhouse",,,,,136666.66666666666,
503984296,https://www.bayut.eg/en/property/details-503984296.html,algolia,True,detail_html,sale,chalet,28500000.0,,EGP,3.0,3.0,155.0,"Egypt, Matruh, North Coast, Hacienda Heneish",Egypt Best Properties (EBP),False,2026-08-24,"Own a spacious Senior Chalet with 155 SQM built-up area + 39 SQM Penthouse, offering generous spaces and a premium coastal lifestyle in Hacienda Heneish by Palm Hills. 
Designed for comfortable family living and unforgettable summer stays, the unit features spacious interiors, a private penthouse, and access to a wide range of resort facilities. 

Unit Details155 SQM Senior Chalet39 SQM PenthouseSpacious family layoutPremium location inside Hacienda HeneishSpecial Offer Available
Hacienda Heneish FacilitiesPrivate Sandy BeachCrystal Clear LagoonsSwimming PoolsBeach ClubRestaurants & CafésClubhouseKids’ AreasSports & Recreational FacilitiesLandscaped Green AreasWalking & Cycling PathsCommercial & Retail AreasSecurity & 24/7 Gated AccessPremium Hospitality Services",en,Palm Hills,Palm Hills Developments,Matruh,North Coast,Hacienda Heneish,,,,primary,installments,2850000.0,,,,,,"pool, security, garden, clubhouse",,,,,183870.96774193548,
503984245,https://www.bayut.eg/en/property/details-503984245.html,algolia,True,detail_html,sale,villa,25500000.0,,EGP,4.0,5.0,300.0,"Egypt, Giza, 6th of October, Mountain View 4",Property Hills Elite,False,2026-08-24,"فيلا مستقله بفيو مباشر علي لاند سكيب في موقع مميز بالتوسعات الشرقية بجوار نيو جيزة وماونتن فيو اكتوبر بارك 
هضبة بالم هيلز - مدينة الانتاج الاعلامي - مول مصر - جامعه ESLASCA 

تفاصيل الفيلا : 
مساحة الارض : 430 مترمساحة المباني (BUA) : 300 متر تقسيم داخلي للفيلا : 
4 غرف نوم ماستر - 5 حمامات - غرفه للناني - غرفه للسائق بحمام
حديقه امامية وخلفية مزروعه بالكامل
مصعد داخلي

مميزات الكمبوند :
مساحات خضرا ولاند سكيب
الكمبوند به مولد كهرباء في حاله انقطاع الكهرباء
بوابات الكترونية وانظمه مراقبة وافراد امن علي مدار اليوم
مرافق رياضية وترفيهية
جولف كار لسهوله التنقل داخل الكمبوند
مركز صحي وجيم مجهز بأحدث الاجهزة

للمعاينة والاستفسارات : View Contact Detail",mixed,Palm Hills,Mountain View (DMG),Giza,6th of October,Mountain View 4,furnished,ready,,primary,,,,,,,,"24 Hours Concierge, Balcony or Terrace, Maids Room, Lawn or Garden, Gym or Health Club, حراسة 24 ساعة, شرفة أو تراس, غرفة خدم, حديقة, صالة رياضية أو نادي صحي, elevator, garden, gym",,,,,85000.0,
321886647,https://www.bayut.eg/تفاصيل-503984241/العقار.html,algolia,False,,sale,villa,8200000.0,,EGP,4.0,4.0,212.0,"Egypt, Cairo, Mostakbal City, Sarai",Falcon Real Estate,False,2026-08-24,,,Sarai,,Cairo,Mostakbal City,Sarai,,ready,,primary,both,,,,,,54.0,"CCTV Security, Security Staff, Balcony or Terrace, Covered parking, Maids Room, Lawn or Garden, نظام كاميرات مراقبة, أمن و حماية, شرفة أو تراس, مواقف مغطاة للسيارات, غرفة خدم, حديقة, garden",,,,,38679.24528301887,
503979349,https://www.bayut.eg/en/property/details-503979349.html,algolia,True,detail_html,sale,apartment,12500000.0,,EGP,3.0,3.0,176.0,"Egypt, Cairo, New Cairo, 5th Settlement, Palm Hills New Cairo Compound",Global holding,False,2026-08-23,"Apartment Resale for sale in Palm Hills Village Gardens Katameya
5th Settlement Compounds - Golden Square 

BY LOWEST PRICE FOR QUICK SALE

View Over Landscape and Lake

By Area = 176 sqm
Consists of ( 3 Bed - 2 Bath)

Fully Finished Ultra Super Lux ( Ready to Move )

With Ac's and Kitchen + furniture

For more details Call us 
or send msg Via Whats app
+01005955533

Compound Features:
24/7 Security & Gated Community
Landscaped Green Areas
Clubhouse
Swimming Pools
Sports Courts & Fitness Facilities
Walking & Cycling Tracks
Children's Play Areas
Retail & Commercial Services
Prime Location with Easy Access to Main Roads",en,Palm Hills,Palm Hills Developments,Cairo,New Cairo,5th Settlement,furnished,ready,,resale,,,,,,,,"Gym or Health Club, Swimming Pool, Balcony or Terrace, Covered parking, Security Staff, Barbeque Area, Laundry Room, Jacuzzi, Kids Play Area, صالة رياضية أو نادي صحي, مسبح, شرفة أو تراس, مواقف مغطاة للسيارات, أمن و حماية, مكان مخصص للشواء, غرفة غسيل, جاكوزي, منطقة لعب للأطفال, pool, security, garden, clubhouse, gym",,,,,71022.72727272728,
503974864,https://www.bayut.eg/en/property/details-503974864.html,algolia,True,detail_html,sale,other,35000000.0,,EGP,3.0,4.0,250.0,"Egypt, Matruh, North Coast, Silver Sands",Egypt Best Properties (EBP),False,2026-08-22,"FIRIST ROW TWIN VILLA FOR SALE WITH 5% DOWN PAYMENT IN SILVER SANDS - NORTH COAST SIDI HENISH - ORA !
CONTAINS:
3 BEDROOMS. 4 BATHROOMS. GARDEN. ROOF. ACS. KITCHEN CABINS. -------------------------------------------------
ABOUT SILVER SANDS:
Silversands North Coast is a luxury, year-round Mediterranean beach resort in Egypt developed by Ora Developments. It spans 506 acres featuring over 1 kilometer of white beachfront, high-end residences, and vibrant nightlife. 

Location and Access
Exact position: Kilometer 243 to 247 on the Alexandria-Marsa Matrouh Coastal Road, nestled between Sidi Heneish and Almaza Bay. Distances: 370 km from Cairo, 220 km from Alexandria, and about 15 minutes away from Fouka Road. 
Property Types and Pricing
Units available: Standalone villas, twin houses, townhouses, chalets, and luxury apartments. 
Amenities and Features
Leisure: 4 clubhouses, swimmable lagoons covering 88,000 sqm, and boutique hotels. 
Dining & Nightlife: Commercial hub with high-end restaurants, cafes, and venues like Crimson and Tipsy Camel. Wellness & Sports: Luxury spas, gyms, multipurpose sports courts, and dedicated cycling tracks.",en,Silver Sands,Ora Developers,Matruh,North Coast,Silver Sands,furnished,ready,,primary,installments,1750000.0,5.0,,,,,"Laundry Facility, Electricity Meter, First Aid Medical Center, Service Elevators, Shared Kitchen, Swimming Pool, Waste Disposal, Prayer Room, Laundry Room, Facilities for Disabled, Balcony or Terrace, Built in Kitchen Appliances, Pets Allowed, Lawn or Garden, Security Staff, Water Meter, Conference Room, Cleaning Services, Central A/C & heating, Covered parking, Maids Room, Gym or Health Club, Sea view, Centrally Air-Conditioned, Storage Areas, Natural Gas, Landline, Barbeque Area, Lobby in Building, Double Glazed Windows, Central Heating, Day Care Center, Electricity Backup, Freehold, Furnished, Broadband Internet, Satellite/Cable TV, Business Center, Intercom, ATM Facility, Jacuzzi, Kids Play Area, Reception/Waiting Room, Sauna, Steam Room, Maintenance Staff, CCTV Security, Cafeteria or Canteen, Study Room, 24 Hours Concierge, خدمة غسيل ملابس, عداد كهرباء, مركز للإسعافات الأولية, خدمات المصاعد, مطبخ مشترك, مسبح, مكبّ نفايات, غرفة صلاة, غرفة غسيل, تسهيلات لأصحاب الهمم, شرفة أو تراس, أجهزة مطبخ مدمجة, مسموح بالحيوانات الاليفة, حديقة, أمن و حماية, عداد مياه, غرفة اجتماعات, خدمات تنظيف, تدفئة وتكييف مركزي, مواقف مغطاة للسيارات, غرفة خدم, صالة رياضية أو نادي صحي, يطل على البحر, نظام تبريد مركزي, مناطق تخزين, غاز طبيعي, خط أرضي, مكان مخصص للشواء, ردهة إستقبال, نوافذ زجاجية مزدوجة, تدفئة مركزية, مركز رعاية أطفال, نظام كهرباء احتياطي للطوارئ, التملك الحر, مفروشة, انترنت واسع النطاق, كابل قنوات تلفزيونية, مركز أعمال, اتصال داخلي, توفر أجهزة السحب الآلي, جاكوزي, منطقة لعب للأطفال, غرفة استقبال /انتظار, ساونا, غرفة بخار, خدمات صيانة, نظام كاميرات مراقبة, كافيتيريا, غرفة دراسة, حراسة 24 ساعة, pool, garden, clubhouse, gym",,,,,140000.0,
503967966,https://www.bayut.eg/en/property/details-503967966.html,algolia,True,detail_html,sale,villa,21062722.0,,EGP,5.0,4.0,285.0,"Egypt, Matruh, North Coast, Alamein, Marina 5",Falcon Real Estate,False,2026-08-20,"Villa for sale directly on the sea in Marina 5, Lesan El Wazir, North Coast

With an area of 285m + 197m garden
fully finished to an ultra-modern standard
furnished and equipped with appliances
Stunning sea view
ready to move

For details: View Contact Detail (call & WhatsApp)
----------------------------------------------",en,Marina,,Matruh,North Coast,Alamein,furnished,ready,,primary,,,,,,,,"Satellite/Cable TV, Business Center, Conference Room, Intercom, Balcony or Terrace, Built in Kitchen Appliances, Lawn or Garden, Laundry Facility, Shared Kitchen, 24 Hours Concierge, Cleaning Services, Sea view, Centrally Air-Conditioned, Water Meter, Storage Areas, Landline, Barbeque Area, Steam Room, Maintenance Staff, CCTV Security, Jacuzzi, Kids Play Area, Sauna, Lobby in Building, Double Glazed Windows, Day Care Center, Electricity Backup, Waste Disposal, First Aid Medical Center, Laundry Room, Broadband Internet, Cafeteria or Canteen, Security Staff, Gym or Health Club, Swimming Pool, كابل قنوات تلفزيونية, مركز أعمال, غرفة اجتماعات, اتصال داخلي, شرفة أو تراس, أجهزة مطبخ مدمجة, حديقة, خدمة غسيل ملابس, مطبخ مشترك, حراسة 24 ساعة, خدمات تنظيف, يطل على البحر, نظام تبريد مركزي, عداد مياه, مناطق تخزين, خط أرضي, مكان مخصص للشواء, غرفة بخار, خدمات صيانة, نظام كاميرات مراقبة, جاكوزي, منطقة لعب للأطفال, ساونا, ردهة إستقبال, نوافذ زجاجية مزدوجة, مركز رعاية أطفال, نظام كهرباء احتياطي للطوارئ, مكبّ نفايات, مركز للإسعافات الأولية, غرفة غسيل, انترنت واسع النطاق, كافيتيريا, أمن و حماية, صالة رياضية أو نادي صحي, مسبح, garden, sea view",,,,,73904.28771929824,
208734780,https://www.bayut.eg/en/property/details-208734780.html,algolia,True,detail_html,sale,chalet,11300000.0,,EGP,2.0,2.0,110.0,"Egypt, Matruh, North Coast, Sidi Abdel Rahman, Hacienda Bay",,False,2026-08-17,"للبيع شاليه هاسيندا باى جولف فيو دور متكرر بحري غرفتين وحمامين مدفوع 5.4 مليون مطلوب مقدم 7 مليون قسط ربع سنوي 320 إلي نوفمبر 2029 إجمالي المتبقي بالصيانه 4.350 مليون مدفوع قسطين صيانه 240 الف باقي قسط في فبراير 2027
View Contact Detail#View Contact Detail#(View Contact Detail#(View Contact Detail#(View Contact Detail#(View Contact Detail#(View Contact Detail#(View Contact Detail#(View Contact Detail)))))))
ممنوع نهائيا الوسطاء التعامل فقط مع المشتري
التواصل واتساب لوجودي خارج مصر",mixed,Hacienda Bay,,Matruh,North Coast,Sidi Abdel Rahman,,,,primary,installments,7000000.0,,,320.0,quarterly,,"For vacation, Down Payment, Completion Year, Sea view, للعطلة, المقدم, سنة البناء, يطل على البحر",,,,,102727.27272727272,
503819819,https://www.bayut.eg/en/property/details-503819819.html,algolia,True,detail_html,sale,other,25000000.0,,EGP,0.0,0.0,443.0,"Egypt, Cairo, New Cairo, 5th Settlement, Nexus Industrial Parks",Al maher developments,False,2026-07-21,"Area: 443 sqm
Delivery in 18 months
Ready-to-operate
Available activities (food, engineering, furniture, warehousing, textiles and clothing)
Price:25,000,000 million
Down payment: 7,500,000 million
Nexus Industrial Park
Concept: The first fully integrated industrial park in New Cairo, Third Settlement Industrial Zone. 
Area: Spanning 14 Acres. 
Unit Sizes: Areas starting from 450 sqm. 
Location Accessibility:
5 minutes from the American University in Cairo (AUC). 
2 minutes from the Ain Sokhna Road. 
20 minutes from the New Administrative Capital (NAC). 
Capacity: Includes 85 industrial units and warehouses. 
Amenities: Features an Administrative and Commercial Mall on the project's facade",en,,,Cairo,New Cairo,5th Settlement,,ready,,,installments,7500000.0,,,,,,"Cleaning Services, CCTV Security, Covered parking, Security Staff, Storage Areas, ATM Facility, Electricity Backup, Electricity Meter, Facilities for Disabled, Natural Gas, Maintenance Staff, Waste Disposal, Business Center, خدمات تنظيف, نظام كاميرات مراقبة, مواقف مغطاة للسيارات, أمن و حماية, مناطق تخزين, توفر أجهزة السحب الآلي, نظام كهرباء احتياطي للطوارئ, عداد كهرباء, تسهيلات لأصحاب الهمم, غاز طبيعي, خدمات صيانة, مكبّ نفايات, مركز أعمال",,,,,56433.4085778781,
503819036,https://www.bayut.eg/en/property/details-503819036.html,algolia,True,detail_html,sale,apartment,3700000.0,,EGP,3.0,1.0,140.0,"Egypt, Alexandria, Asafra",The eight,False,2026-07-21,"Apartment for sale, 140 sq m, Asafra (Gamal Abdel Nasser Street), price 3,700,000 EGP cash - Agent: Amr Gaber: View Contact Detail

• 3 bedrooms - 2-piece reception - bathroom

• Street views

• Built in 2008

• 11th floor (not the top floor)

• 2 elevators

• Video: https://youtu. be/ZcViod3KobI

• Code: 02259

• Contact via WhatsApp: https://wa. me/View Contact Detail

_______

• If you want to sell or rent your unit, register your details here: https://bit. ly/The8Resaleform

• For more units, you can view our featured units through:

• Website: https://tinyurl. com/the8web

• YouTube Channel: https://bit. ly/The8Channel

• WhatsApp Channel: https://bit. ly/WA-The8

_______

» Company Headquarters: Building 9, Street 3, Villas District, Smouha, Alexandria",en,,,Alexandria,Asafra,Asafra,,ready,,resale,cash,,,,,,,"Natural Gas, Lobby in Building, Water Meter, Security Staff, Electricity Meter, Freehold, CCTV Security, Balcony or Terrace, غاز طبيعي, ردهة إستقبال, عداد مياه, أمن و حماية, عداد كهرباء, التملك الحر, نظام كاميرات مراقبة, شرفة أو تراس, elevator",11.0,,,,26428.571428571428,
503630818,https://www.bayut.eg/en/property/details-503630818.html,algolia,True,detail_html,sale,apartment,7100000.0,,EGP,3.0,3.0,154.0,"Egypt, Giza, Sheikh Zayed, El Khamayel Compound",siag golden home,False,2026-06-12,"Apartment for sale at a bargain price in Phase 3, central location, Al Khamael Compound, Sheikh Zayed. Area: 150 sq m. Garden: 470 sq m. 3 bedrooms + 3 bathrooms + 1 kitchen + reception. Super Lux finishing. Unobstructed sea view. Prime location close to all services. 

Compound Features:
1- Commercial services
2- Medical services
3- International schools
4- 24-hour security
5- Cafes
————-
For inquiries and viewing: Eng. Mohamed Ramadan
Contact: View Contact Detail
https://wa. me/message/XM6ZUP2ODGS6N1",en,الخمايل elkhmayel,,Giza,Sheikh Zayed,El Khamayel Compound,super lux,ready,,resale,,,,,,,,"Lawn or Garden, Barbeque Area, حديقة, مكان مخصص للشواء, security, garden, sea view",,470.0,,,46103.896103896106,
503569781,https://www.bayut.eg/en/property/details-503569781.html,algolia,True,detail_html,sale,villa,13750000.0,,EGP,4.0,3.0,341.0,"Egypt, Matruh, North Coast, Coral Hills",Property Hills One 1,False,2026-05-27,"Villa for sale in Ras El Hekma, ready for immediate occupancy upon signing the contract with Coral Hills. 

25% down payment, with the remaining balance payable in installments over an extended period. A significant discount is available for cash payments. 

Unit Type: Villa

Area: 341 sq m

Asking Price: EGP 13,750,000

For more details, please call View Contact Detail

Coral Hills Resorts is located on the North Coast, specifically in Ras El Hekma, approximately at kilometer 183 on the Alexandria-Matrouh Road. 

Key Features:
The project features terraced layouts, so most units offer sea views. 

Approximately 80% of the area is dedicated to lagoons, landscaping, and green spaces. 

It offers chalets, villas, and twin houses. 

Amenities include swimming pools, cafes, restaurants, a clubhouse, and walking and jogging paths. 

It is known for its relative tranquility and is more suitable for families than resorts with a party vibe. The area itself has become very strong for investment because of Ras El Hekma and the development taking place there.",en,,,Matruh,North Coast,Coral Hills,,ready,,primary,both,,25.0,,,,,"pool, sea view, clubhouse, balcony",,,,,40322.58064516129,
503531631,https://www.bayut.eg/en/property/details-503531631.html,algolia,True,detail_html,sale,apartment,3750000.0,,EGP,3.0,2.0,145.0,"Egypt, Cairo, New Nozha",Remax Capital Properties,False,2026-05-18,"Apartment for sale in a prime location with a suitable area for family living
in the Al-Nuzha Al-Jadida area
Super Lux finishing
total area of 145 square meters
The seventh floor and not the last
modern buildings
comfortable layout: • 3 bedrooms
* 2 bathrooms
* 2 receptions
northeast direction providing excellent ventilation and natural light throughout the day
complete roof insulation for greater comfort and protection from heat and humidity
suitable for upscale living in a quiet area close to services
for contact and inquiries View Contact Detail",en,,,Cairo,New Nozha,New Nozha,super lux,ready,,resale,,,,,,,,,,,,,25862.068965517243,
503519893,https://www.bayut.eg/en/property/details-503519893.html,algolia,True,detail_html,sale,apartment,3570000.0,,EGP,3.0,2.0,152.0,"Egypt, Cairo, New Cairo, 5th Settlement, Beit Al Watan",بيتي للمقاولات,False,2026-05-15,"Luxury Ground Floor Apartment with Private Garden
Immediate Delivery | Beit Al Watan – New CairoProperty Details:

Built-up Area: 152 SQMPrivate Garden: 50 SQMPrivate EntranceNorth-Facing ApartmentPrime Location:

Second District – Beit Al Watan, New CairoClose to North 90 StreetNear Al Ahly Sporting ClubImmediate DeliveryBuilding façade currently under finishingLayout:

3 Bedrooms2 Reception Areas2 BathroomsKitchenEnjoy privacy, spacious living, and a premium location in one of the most desirable areas of New Cairo. 
Developed by Beety Development
Contact: Ahmed El Sayed View Contact Detail
WhatsApp: View Contact Detail",en,,,Cairo,New Cairo,5th Settlement,super lux,ready,,primary,installments,1249500.0,,,,,,"Covered parking, Pets Allowed, Number of Bedrooms, Distance From Airport (kms), Parking Spaces, Total Floors, Electricity Meter, Water Meter, Number of Bathrooms, Completion Year, Balcony or Terrace, View, Barbeque Area, Kids Play Area, مواقف مغطاة للسيارات, مسموح بالحيوانات الاليفة, عدد الغرف, المسافة من المطار (كم), مواقف سيارات, عدد الطوابق, عداد كهرباء, عداد مياه, عدد دورات المياه, سنة البناء, شرفة أو تراس, مطل, مكان مخصص للشواء, منطقة لعب للأطفال, garden",,50.0,,,23486.842105263157,
503293563,https://www.bayut.eg/en/property/details-503293563.html,algolia,True,detail_html,sale,other,5000000.0,,EGP,0.0,0.0,117.0,"Egypt, Cairo, Gesr Al Suez",Remax Capital Properties,False,2026-03-28,"Clinic for sale in Al Nozha City Center – Jisr El Suez Street
In front of Hisham Barakat Metro Station
Area: 117m
Super Lux finishing and fully furnished
Division:
2 examination rooms (including one with a private bathroom)
2 VIP waiting rooms
2 receptions – 3 bathrooms – buffet
All connections ready (air conditioning – electricity – telephones)
Excellent ventilation and suspended ceiling
Asking price: 50 thousand per meter cash",en,,,Cairo,Gesr Al Suez,Gesr Al Suez,furnished,ready,,,cash,,,,,,,,,,,,42735.042735042734,
503170799,https://www.bayut.eg/en/property/details-503170799.html,algolia,True,detail_html,sale,other,3000000.0,,EGP,2.0,2.0,120.0,"Egypt, Giza, Sheikh Zayed, ZED West Compound",Property hills star,False,2026-02-16,"Ready To Move on the 20th floor of Zayed Towers – Sheikh Zayed
______________________________________________________

In the heart of Zayed, next to Al Rabwa
______________________________________________________

2 bedrooms
2 bathrooms
Area: 120 sqm
______________________________________________________

The compound spans 165 acres , with a park of 65 acres
Italian restaurants
Tennis academy
Paddle courts
Kids’ area
Exclusive clubhouse
Exclusive outdoor gym
Overlooking 8 acres of greenery",en,spans 165 acres,,Giza,Sheikh Zayed,ZED West Compound,,ready,,primary,installments,,,,,,,"Covered parking, Electricity Meter, Water Meter, Landline, Day Care Center, Jacuzzi, Kids Play Area, Steam Room, CCTV Security, Cafeteria or Canteen, Pets Allowed, Lawn or Garden, Security Staff, Gym or Health Club, Swimming Pool, Barbeque Area, First Aid Medical Center, Sauna, Facilities for Disabled, Natural Gas, مواقف مغطاة للسيارات, عداد كهرباء, عداد مياه, خط أرضي, مركز رعاية أطفال, جاكوزي, منطقة لعب للأطفال, غرفة بخار, نظام كاميرات مراقبة, كافيتيريا, مسموح بالحيوانات الاليفة, حديقة, أمن و حماية, صالة رياضية أو نادي صحي, مسبح, مكان مخصص للشواء, مركز للإسعافات الأولية, ساونا, تسهيلات لأصحاب الهمم, غاز طبيعي, clubhouse, gym",20.0,,,,25000.0,
503166700,https://www.bayut.eg/en/property/details-503166700.html,algolia,True,detail_html,sale,villa,25000000.0,,EGP,4.0,4.0,599.0,"Egypt, Giza, Sheikh Zayed",Marts Investment,False,2026-02-15,"Villa for Sale in Al Nakheel Compound – Sheikh Zayed
•	Total Area: 2,200 m²
•	Built-up Area: 600 m²
•	Finishing: 90% high-end finishing
•	Bedrooms: 4
•	Bathrooms: 4
•	Amenities: Private swimming pool
•	Location: Prime location inside Al Nakheel Compound, Sheikh Zayed, secure and prestigious

This villa offers a unique opportunity for those seeking spacious and luxurious living with modern comfort and elegance.",en,,,Giza,Sheikh Zayed,Sheikh Zayed,,ready,,resale,,,,,,,,"Pets Allowed, Balcony or Terrace, Covered parking, Lawn or Garden, Swimming Pool, Electricity Meter, Natural Gas, Water Meter, مسموح بالحيوانات الاليفة, شرفة أو تراس, مواقف مغطاة للسيارات, حديقة, مسبح, عداد كهرباء, غاز طبيعي, عداد مياه, pool",,,,,41736.227045075124,
503154156,https://www.bayut.eg/en/property/details-503154156.html,algolia,True,detail_html,sale,townhouse,20000000.0,,EGP,5.0,5.0,270.0,"Egypt, Giza, 6th of October, Tawny Compound",Property Hills One 1,False,2026-02-11,"Townhouse for sale with immediate delivery in the heart of Sheikh Zayed

Immediate delivery with the key and the villa has two floors with a garden and a roof

In the compound of Towny Hyde Park next to Hyper One

Area: 5 rooms / 5 bathrooms (garden + roof)


A fully serviced compound with a prime location, 24-hour security, swimming pools, a club, private parking, green spaces, and a distinctive location

For viewing and contact: View Contact Detail",en,Hyde Park,,Giza,6th of October,Tawny Compound,furnished,ready,,primary,,,,,,,,"pool, security, garage, garden",,,,,74074.07407407407,
503121312,https://www.bayut.eg/en/property/details-503121312.html,algolia,True,detail_html,sale,apartment,10500000.0,,EGP,3.0,3.0,161.0,"Egypt, Giza, Sheikh Zayed, ZED West Compound",Marts Investment,False,2026-02-03,"Fully Finished Apartment for Sale in ZED Compound

A premium apartment for sale in ZED Compound, offering high-quality finishing and a prime location, ideal for comfortable living or investment. 

Apartment Details:
•	Area: 161 sqm
•	Bedrooms: 3
•	Bathrooms: 3
•	Finishing: Fully finished
•	Fully air-conditioned

An excellent opportunity to own a ready-to-move-in unit in one of Sheikh Zayed’s most prestigious compounds.",en,,,Giza,Sheikh Zayed,ZED West Compound,fully finished,ready,,resale,,,,,,,,"Electricity Meter, Water Meter, Natural Gas, عداد كهرباء, عداد مياه, غاز طبيعي",,,,,65217.391304347824,
501889268,https://www.bayut.eg/en/property/details-501889268.html,algolia,True,detail_html,sale,other,5200000.0,,EGP,1.0,1.0,52.0,"Egypt, Cairo, New Cairo, 5th Settlement, Fifth Square Compound",4 C,False,2025-03-23,"For investment hotel apartment fully finished and furnished view lagoon and lake for sale with down payment and installments in Fifth Square
_____________________________________________
Rotana lake residence
Lake residence
hotel apartment
First Floor
50%

Bua 52 m
Furnished
1 bedroom
1 bathroom


TP 5,200,000
_____________________________________________

Al Marasem Fifth Square compound is located in the heart of New Cairo's Fifth Settlement, and is close to many other famous compounds such as: Mivida, Hyde Park, Eastown, Lake View, Sodic Eastown, Katameya Dunes, and Taj City.",en,Katameya Dunes,Al Marasem Development,Cairo,New Cairo,5th Settlement,furnished,,,,installments,,,,,,,"Covered parking, Day Care Center, Pets Allowed, Electricity Meter, Water Meter, Natural Gas, Landline, Barbeque Area, Kids Play Area, Cafeteria or Canteen, مواقف مغطاة للسيارات, مركز رعاية أطفال, مسموح بالحيوانات الاليفة, عداد كهرباء, عداد مياه, غاز طبيعي, خط أرضي, مكان مخصص للشواء, منطقة لعب للأطفال, كافيتيريا, pool, garden",50.0,,,,100000.0,
321886895,https://www.bayut.eg/تفاصيل-503989104/العقار.html,algolia,False,,sale,chalet,17500000.0,,EGP,2.0,2.0,217.0,"Egypt, Matruh, North Coast, Alamein, Alamein Towers",First Move,False,2026-08-24,,,,,Matruh,North Coast,Alamein,fully finished,ready,,primary,installments,,,,,,,"Balcony or Terrace, Covered parking, Pets Allowed, Lawn or Garden, Gym or Health Club, Water Meter, Day Care Center, Intercom, Cafeteria or Canteen, Facilities for Disabled, Central Heating, Electricity Backup, Freehold, Satellite/Cable TV, Business Center, Jacuzzi, Steam Room, Cleaning Services, Built in Kitchen Appliances, Electricity Meter, Sea view, Centrally Air-Conditioned, Furnished, 24 Hours Concierge, Lobby in Building, Waste Disposal, Prayer Room, Conference Room, Sauna, CCTV Security, Shared Kitchen, Storage Areas, Security Staff, Service Elevators, Broadband Internet, ATM Facility, Study Room, Central A/C & heating, Reception/Waiting Room, Laundry Facility, Maids Room, Swimming Pool, Natural Gas, Landline, Barbeque Area, Double Glazed Windows, First Aid Medical Center, Laundry Room, Kids Play Area, Maintenance Staff, شرفة أو تراس, مواقف مغطاة للسيارات, مسموح بالحيوانات الاليفة, حديقة, صالة رياضية أو نادي صحي, عداد مياه, مركز رعاية أطفال, اتصال داخلي, كافيتيريا, تسهيلات لأصحاب الهمم, تدفئة مركزية, نظام كهرباء احتياطي للطوارئ, التملك الحر, كابل قنوات تلفزيونية, مركز أعمال, جاكوزي, غرفة بخار, خدمات تنظيف, أجهزة مطبخ مدمجة, عداد كهرباء, يطل على البحر, نظام تبريد مركزي, مفروشة, حراسة 24 ساعة, ردهة إستقبال, مكبّ نفايات, غرفة صلاة, غرفة اجتماعات, ساونا, نظام كاميرات مراقبة, مطبخ مشترك, مناطق تخزين, أمن و حماية, خدمات المصاعد, انترنت واسع النطاق, توفر أجهزة السحب الآلي, غرفة دراسة, تدفئة وتكييف مركزي, غرفة استقبال /انتظار, خدمة غسيل ملابس, غرفة خدم, مسبح, غاز طبيعي, خط أرضي, مكان مخصص للشواء, نوافذ زجاجية مزدوجة, مركز للإسعافات الأولية, غرفة غسيل, منطقة لعب للأطفال, خدمات صيانة, sea view",,,,,80645.16129032258,
321886882,https://www.bayut.eg/تفاصيل-503989089/العقار.html,algolia,False,,sale,apartment,4532500.0,,EGP,3.0,2.0,185.0,"Egypt, Cairo, Mokattam",أسس العالمية للتطوير العقاري,False,2026-08-24,,,,,Cairo,Mokattam,,,ready,,primary,installments,2266250.0,,,,,,"elevator, garden",,,,,24500.0,
321885331,https://www.bayut.eg/تفاصيل-503988544/العقار.html,algolia,False,,sale,apartment,16000000.0,,EGP,2.0,2.0,115.0,"Egypt, Cairo, New Cairo, 5th Settlement, Palm Hills New Cairo Compound",Egypt Best Properties (EBP),False,2026-08-24,,,Palm Hills,Palm Hills Developments,Cairo,New Cairo,5th Settlement,fully finished,,,primary,installments,480000.0,,10.0,,,,"Jacuzzi, Kids Play Area, Sauna, Steam Room, Cafeteria or Canteen, Laundry Facility, Shared Kitchen, Balcony or Terrace, Built in Kitchen Appliances, Covered parking, Lawn or Garden, Gym or Health Club, Swimming Pool, Electricity Meter, Barbeque Area, Day Care Center, First Aid Medical Center, Laundry Room, جاكوزي, منطقة لعب للأطفال, ساونا, غرفة بخار, كافيتيريا, خدمة غسيل ملابس, مطبخ مشترك, شرفة أو تراس, أجهزة مطبخ مدمجة, مواقف مغطاة للسيارات, حديقة, صالة رياضية أو نادي صحي, مسبح, عداد كهرباء, مكان مخصص للشواء, مركز رعاية أطفال, مركز للإسعافات الأولية, غرفة غسيل, garden, balcony",,,,,139130.4347826087,
503987791,https://www.bayut.eg/en/property/details-503987791.html,algolia,True,detail_html,sale,villa,59000000.0,,EGP,5.0,5.0,498.0,"Egypt, Matruh, North Coast, Sidi Abdel Rahman, Marassi",Egypt Best Properties (EBP),False,2026-08-24,"Emaar- Marassi
Vectoria
Standalone
Fully finished
Bua: 498 Meter
Land area : 600 Meter
Total price:-59,000,000 EGP
---------------------------------------
Emaar Misr chose the ideal location of Marassi North Coast wisely, exactly on the 126th km of Alexandria - Marsa Matrouh Road. It is amid a wide range of elite coastal towns, including:

Stella HeightsLa Vista CascadaShamasi North Coast
Moreover, the Marassi North Coast location is:
2 hours away from Alexandria1.5 hours away from Borg El Arab International Airport30 minutes away from Al Alamein Airport

#Ali",en,Marassi,Emaar Misr,Matruh,North Coast,Sidi Abdel Rahman,fully finished,ready,,primary,,,,,,,,"Day Care Center, First Aid Medical Center, Laundry Room, Business Center, Conference Room, Jacuzzi, Kids Play Area, Sauna, Steam Room, Balcony or Terrace, Built in Kitchen Appliances, Covered parking, Pets Allowed, Lawn or Garden, Security Staff, Gym or Health Club, Swimming Pool, Electricity Meter, Sea view, Barbeque Area, CCTV Security, Cafeteria or Canteen, Laundry Facility, Shared Kitchen, 24 Hours Concierge, مركز رعاية أطفال, مركز للإسعافات الأولية, غرفة غسيل, مركز أعمال, غرفة اجتماعات, جاكوزي, منطقة لعب للأطفال, ساونا, غرفة بخار, شرفة أو تراس, أجهزة مطبخ مدمجة, مواقف مغطاة للسيارات, مسموح بالحيوانات الاليفة, حديقة, أمن و حماية, صالة رياضية أو نادي صحي, مسبح, عداد كهرباء, يطل على البحر, مكان مخصص للشواء, نظام كاميرات مراقبة, كافيتيريا, خدمة غسيل ملابس, مطبخ مشترك, حراسة 24 ساعة",,,,,118473.89558232932,
503987722,https://www.bayut.eg/en/property/details-503987722.html,algolia,True,detail_html,sale,chalet,19820000.0,,EGP,3.0,3.0,150.0,"Egypt, Matruh, North Coast, Ras Al Hekma, La Vista Ras El Hikma",Property Hills One 1,False,2026-08-24,"اقل سعر شاليه بجاردن للبيع فوري من لافيستا اطلالة بحر مباشر تشطيب كامل -لافيستا راس الحكمة- الساحل الشمالي 




تفاصيل الشاليه:
{ 3 غرف نوم + 3 حمامات + ريسبشن كبير + مطبخ + تراس واسع }
جاردن خاصة 50 متر
جاهز فوري للمعاينة والسكن
تشطيب كامل الترا سوبر لوكس
موقع مميز بإطلاله كامله مفتوحه عالبحر وحمام السباحة
• السعر الاجمالي بعد خصم الكاش : 19,820,000
ومتاح دفع مقدم و تسهيلات في سداد باقي المبلغ بدون فوايد

للحصول على التفاصيل الكاملة أو حجز معاينة : View Contact Detail






• الموقع :-
موقع مميز في رأس الحكمة مباشرة على الطريق الساحلي الدولي بالقرب من سيدي عبد الرحمن
بالقرب من العلمين
بالقرب من مرسى مطروح
سهولة الوصول عبر طريق الفوكا وطريق الضبعة حوالي 2 إلى 3 ساعات من القاهرة
حوالي ساعة إلى ساعة ونصف من الإسكندرية",mixed,,La Vista Developments,Matruh,North Coast,Ras Al Hekma,super lux,ready,,primary,both,,,,,,,"Balcony or Terrace, Built in Kitchen Appliances, Central A/C & heating, Covered parking, Maids Room, Laundry Facility, Shared Kitchen, Facilities for Disabled, 24 Hours Concierge, Cleaning Services, Pets Allowed, Maintenance Staff, CCTV Security, Cafeteria or Canteen, Lawn or Garden, Security Staff, Gym or Health Club, Swimming Pool, Electricity Meter, Sea view, Centrally Air-Conditioned, Storage Areas, Landline, Waste Disposal, First Aid Medical Center, Freehold, Laundry Room, Broadband Internet, Satellite/Cable TV, Business Center, Conference Room, Intercom, Jacuzzi, Kids Play Area, Sauna, Steam Room, Barbeque Area, Double Glazed Windows, Central Heating, Day Care Center, Electricity Backup, شرفة أو تراس, أجهزة مطبخ مدمجة, تدفئة وتكييف مركزي, مواقف مغطاة للسيارات, غرفة خدم, خدمة غسيل ملابس, مطبخ مشترك, تسهيلات لأصحاب الهمم, حراسة 24 ساعة, خدمات تنظيف, مسموح بالحيوانات الاليفة, خدمات صيانة, نظام كاميرات مراقبة, كافيتيريا, حديقة, أمن و حماية, صالة رياضية أو نادي صحي, مسبح, عداد كهرباء, يطل على البحر, نظام تبريد مركزي, مناطق تخزين, خط أرضي, مكبّ نفايات, مركز للإسعافات الأولية, التملك الحر, غرفة غسيل, انترنت واسع النطاق, كابل قنوات تلفزيونية, مركز أعمال, غرفة اجتماعات, اتصال داخلي, جاكوزي, منطقة لعب للأطفال, ساونا, غرفة بخار, مكان مخصص للشواء, نوافذ زجاجية مزدوجة, تدفئة مركزية, مركز رعاية أطفال, نظام كهرباء احتياطي للطوارئ, garden, sea view, balcony",,50.0,,,132133.33333333334,
503987531,https://www.bayut.eg/en/property/details-503987531.html,algolia,True,detail_html,sale,villa,27686000.0,,EGP,4.0,3.0,305.0,"Egypt, Cairo, Madinaty",AL Essamy Group,False,2026-08-24,"Old booking with installment over 10 years at the corner of a corridor in VG3
First installment payment over 10 years

The best model of a twin villa in my city E3
Land area: 305 m²
Building area: 266 m²
Features
Directly on a garden view
Facing east-west
The villa is located in a very distinguished place next to the services of the stage
And next to the Four Seasons resort
The unit is with a comfortable installment system
Free transfer of ownership with Talaat Moustafa
Situated on a decent, non-wasted land area

Divided into
The ground floor:
3 reception pieces + kitchen + guest bathroom + storage
The first floor:
3 bedrooms, including a master room - 2 bathrooms - living room
The roof:
Service room with bathroom on an area of 25% of the building area

Financial details

Total price of the villa = 27,686,000
Total deposit = 1,800,000
Total payments = 8,250,000
The offer = 6,000,000
Required down payment =
14,250,000

Property code: 36502",en,Madinaty,Talaat Moustafa Group (TMG),Cairo,Madinaty,Madinaty,,,,resale,installments,14250000.0,,10.0,,,,garden,,,,,90773.77049180328,
503987465,https://www.bayut.eg/en/property/details-503987465.html,algolia,True,detail_html,sale,other,15285001.0,,EGP,1.0,1.0,55.0,"Egypt, Matruh, North Coast, Alamein, Marina 5",Jusq Real Estate,False,2026-08-24,"Inspect and receive a first-floor studio by the sea in Lisan Al-Wuzara (Marina 5)
In one of the strongest opportunities on the North Coast
الطابق الأول
View: Wide sea view
For inspection: View Contact Detail
Luxurious hotel finishing
Includes furniture and electrical appliances
Total price: 15,285,001
15% دفعة مقدمة على مدى 3 سنوات
For more details please contact us at View Contact Detail
or WhatsApp for quick response",mixed,Marina,,Matruh,North Coast,Alamein,,ready,,primary,installments,2292750.0,15.0,,,,,"Pets Allowed, Security Staff, Gym or Health Club, Swimming Pool, Sea view, Landline, Waste Disposal, Broadband Internet, Satellite/Cable TV, Business Center, Conference Room, Intercom, Jacuzzi, Maintenance Staff, CCTV Security, 24 Hours Concierge, Cleaning Services, مسموح بالحيوانات الاليفة, أمن و حماية, صالة رياضية أو نادي صحي, مسبح, يطل على البحر, خط أرضي, مكبّ نفايات, انترنت واسع النطاق, كابل قنوات تلفزيونية, مركز أعمال, غرفة اجتماعات, اتصال داخلي, جاكوزي, خدمات صيانة, نظام كاميرات مراقبة, حراسة 24 ساعة, خدمات تنظيف, sea view",1.0,,,,277909.10909090907,
503987348,https://www.bayut.eg/en/property/details-503987348.html,algolia,True,detail_html,sale,chalet,15000000.0,,EGP,3.0,3.0,170.0,"Egypt, Matruh, North Coast, Ramla",Falcon Real Estate,False,2026-08-24,"Distinguished chalet for sale with a breathtaking 100% panoramic sea view. 
Ultra-super deluxe finishing + air conditioning

Area: 169sq m {3 bedrooms with panoramic views - 3 bathrooms}

For details: View Contact Detail (WhatsApp/Phone)
cash price 15,000,000
-----------------------------------------------------------------------

The village is in the heart of the North Coast, a prime location - next to Emirati cities. 

Direct access to Al-Fouka Road. 

30 minutes from Al-Ula Airport. 

Gated community with the beauty of the North Coast. 

A fully serviced village.",en,Hacienda Red,SODIC,Matruh,North Coast,Ramla,super lux,,,primary,cash,,,,,,36.0,"Covered parking, Pets Allowed, Gym or Health Club, Swimming Pool, Electricity Meter, Barbeque Area, Sea view, Water Meter, Natural Gas, Landline, Day Care Center, First Aid Medical Center, Jacuzzi, Kids Play Area, Sauna, Steam Room, Cafeteria or Canteen, Facilities for Disabled, مواقف مغطاة للسيارات, مسموح بالحيوانات الاليفة, صالة رياضية أو نادي صحي, مسبح, عداد كهرباء, مكان مخصص للشواء, يطل على البحر, عداد مياه, غاز طبيعي, خط أرضي, مركز رعاية أطفال, مركز للإسعافات الأولية, جاكوزي, منطقة لعب للأطفال, ساونا, غرفة بخار, كافيتيريا, تسهيلات لأصحاب الهمم, sea view",,,,,88235.29411764706,
503987245,https://www.bayut.eg/en/property/details-503987245.html,algolia,True,detail_html,sale,villa,25500000.0,,EGP,6.0,6.0,331.0,"Egypt, Cairo, New Cairo, 5th Settlement, Hyde Park New Cairo Compound",Falcon Real Estate,False,2026-08-24,"Standalone villa with complete privacy for sale in a prime location and stunning views in Hyde Park. 

3 floors with ultra-super-lux finishing. 

Fully facing north with an open view overlooking the landscape and lagoons. 

Area: 330 square meters with a smart layout (6 bedrooms, 6 bathrooms). 

Prime Location Compound: Located right on 90th Street, next to Mivida & Mountain View. 

For details and a video, contact us now via WhatsApp or phone at View Contact Detail. 

------------------------------------------------------------------------------------------------------------------------------------------",en,Hyde Park,Mountain View (DMG),Cairo,New Cairo,5th Settlement,super lux,ready,,primary,,,,,,,,"pool, garden",,,,,77039.2749244713,
503987036,https://www.bayut.eg/en/property/details-503987036.html,algolia,True,detail_html,sale,villa,35000000.0,,EGP,11.0,11.0,670.0,"Egypt, Giza, 6th of October, West Somid",داركو العقارية,False,2026-08-24,"*For Sale: Standalone Villa, 670 sq m | 4 Floors | Super Lux | West Somid - 35 Million*

*A prime living and investment opportunity*

*Standalone Villa for Sale | West Somid - Villa District* Next to the Banks Complex*

*Location and Area:*

- *Land Area*: 670 sq m, fully built upon

- *Buildings*: Basement + Ground Floor + First Floor + Second Floor + Roof

- *Location*: West Somed, 6th of October City - directly next to the banks complex

- *View*: Open landscape view - Northeast facing

- *Features*: Steps from the central axis and close to all services

*Layout Details:*

Each floor is a complete apartment occupying the entire floor area

- *Basement*: Large apartment occupying the entire floor area

- *Ground Floor*: Large reception area (5 pieces) + 4 bedrooms + 3 bathrooms + kitchen

- *First Floor*: Same layout as the ground floor

- *Second Floor*: Same layout as the ground floor

- *Roof*: Fully occupied space

*Finishing and Features:*

- *Finishing*: Fully Super Lux

- *Orientation*: Northeast facing

- *View*: Direct view of Landscape

- *Condition*: Ready to move in

*Price*:

*35,000,000 EGP*

*Suitable for*: Luxury family residence - Investment",en,,,Giza,6th of October,West Somid,super lux,ready,,primary,,,,,,,,"Balcony or Terrace, Lawn or Garden, Laundry Room, شرفة أو تراس, حديقة, غرفة غسيل, garden, sea view",,,,,52238.80597014925,
503986905,https://www.bayut.eg/en/property/details-503986905.html,algolia,True,detail_html,sale,apartment,6045000.0,,EGP,3.0,2.0,157.0,"Egypt, Cairo, New Cairo, 5th Settlement, Beit Al Watan",El Boushi For Real Estate,False,2026-08-24,"Detailed Apartment & Property Description A great opportunity to own a premium fully finished apartment in the 8th District – Beit El Watan, featuring a practical layout and a modern architectural façade that combines elegance and privacy, directly from the owner. 

Apartment FeaturesPractical layout ideal for family living. 3 bedrooms, including a Master Bedroom with a private bathroom. Spacious reception area suitable for both living and dining areas. Separate, practically designed kitchen. Well-distributed bathrooms serving all areas of the apartment. Terrace providing a pleasant outdoor space and an open view. Well-planned layout offering a good level of privacy, with a clear separation between the bedrooms and reception area. Multiple windows providing excellent natural light and ventilation. Fully finished and ready for immediate occupancy, saving you the time and cost of finishing. Ideal for both family living and investment. 
 Property FeaturesModern and elegant façade with a distinctive architectural design. Stylish stone details and coordinated colors that add a luxurious touch. Multiple balconies providing good views and natural ventilation. Well-designed exterior fencing adding both beauty and privacy. Clear and practical building entrance. Well-maintained outdoor areas with trees and landscaping in front of the property. Corner location, providing greater openness, better natural lighting, and improved ventilation. Wide surrounding streets offering easy access and convenient movement. 
 Location AdvantagesThe property is located in the 8th District – Beit El Watan – New Cairo, a strategically positioned area offering convenient access to several major roads and key transportation routes. 
The location provides an excellent combination of peace, privacy, and proximity to essential services, with easy access to commercial areas, services, and surrounding residential communities. 
In short: Fully finished apartment + practical layout + modern building façade + prime corner location = an excellent choice for premium living or investment in New Cairo.",en,,,Cairo,New Cairo,5th Settlement,fully finished,ready,,primary,installments,2418000.0,,,,,,"Nearby Public Transport, Parking Spaces, Total Floors, Pets Allowed, Nearby Shopping Malls, Distance From Airport (kms), Completion Year, Balcony or Terrace, Covered parking, Electricity Meter, Water Meter, Service Elevators, Freehold, Prayer Room, Intercom, Land Area, Number of Bathrooms, Number of Bedrooms, Elevators in Building, Reception/Waiting Room, Nearby Schools, Nearby Hospitals, Storage Areas, Down Payment, Lobby in Building, Double Glazed Windows, مواصلات نقل عامة قريبة, مواقف سيارات, عدد الطوابق, مسموح بالحيوانات الاليفة, مراكز تسوق قريبة, المسافة من المطار (كم), سنة البناء, شرفة أو تراس, مواقف مغطاة للسيارات, عداد كهرباء, عداد مياه, خدمات المصاعد, التملك الحر, غرفة صلاة, اتصال داخلي, مساحة الأرض, عدد دورات المياه, عدد الغرف, مصاعد, غرفة استقبال /انتظار, مدارس قريبة, مستشفيات قريبة, مناطق تخزين, المقدم, ردهة إستقبال, نوافذ زجاجية مزدوجة, balcony",,,,,38503.1847133758,
503986770,https://www.bayut.eg/en/property/details-503986770.html,algolia,True,detail_html,sale,apartment,7000000.0,,EGP,3.0,3.0,75.0,"Egypt, Giza, Sheikh Zayed, ZED West Compound",Property Hills Plus,False,2026-08-24,"Fully finished apartment with air conditioning and ready to move in a prime location in Compound Zed West, Ora Development, Naguib Sawiris, Al Nozha Street, minutes from Arkan Plaza and Capital Business, and minutes from Beverly Hills. Strategic location close to all services. 

Apartment area: 175 meters
_ 3 bedrooms
_ 3 bathrooms

Services within Zed Sheikh Zayed Towers Compound:
Zed Strip Mall Restaurants and cafes
Clubhouse. Gym
Children's entertainment areas. 
Social club. 
Trails for running, walking, and cycling. 
Mosque designed in a sophisticated Islamic style. 
Luxury beauty centers
Underground garages
Security and guarding, modern surveillance cameras
Pharmacies
International school
Administrative building",en,Beverly Hills,Ora Developers,Giza,Sheikh Zayed,ZED West Compound,super lux,ready,,primary,,,,,,,,"Built in Kitchen Appliances, Covered parking, Barbeque Area, Day Care Center, Maintenance Staff, CCTV Security, Cafeteria or Canteen, Lawn or Garden, Security Staff, Gym or Health Club, Swimming Pool, Electricity Meter, Kids Play Area, Sauna, Down Payment, First Aid Medical Center, Business Center, Jacuzzi, أجهزة مطبخ مدمجة, مواقف مغطاة للسيارات, مكان مخصص للشواء, مركز رعاية أطفال, خدمات صيانة, نظام كاميرات مراقبة, كافيتيريا, حديقة, أمن و حماية, صالة رياضية أو نادي صحي, مسبح, عداد كهرباء, منطقة لعب للأطفال, ساونا, المقدم, مركز للإسعافات الأولية, مركز أعمال, جاكوزي, security, garage, clubhouse, gym",,,,,93333.33333333333,
503986679,https://www.bayut.eg/en/property/details-503986679.html,algolia,True,detail_html,sale,townhouse,11000000.0,,EGP,3.0,3.0,190.0,"Egypt, Giza, 6th of October, Palm Hills",Property Hills,False,2026-08-24,"Villa Townhouse in the Heart of Palm Hills


Villa Details:

Buildings: 190 m²

3 Bedrooms
3 Bathrooms
Living Room
Dining Room + Reception
Separate Kitchen
Nanny Room + Private Bathroom
Driver Room + Private Bathroom
2 Terraces with Open Views


Features of Palm Hills Project – A Complete Smart City:

Commercial Services:

The two largest shopping malls within the project:

Mall of Majid Al Futtaim

Mall of Badreldin

A complete commercial area to serve residents and visitors


Security and Technology:

A fully smart city relying on modern systems

Face ID entry system for complete security

CCTV cameras and electronic gates


Green Spaces and Landscapes:

A large landscape covering most areas

Artificial lakes and stunning natural views

Open spaces for walking and relaxation


Entertainment and Sports:

A complete gym

Running and cycling tracks

Areas designated for children


Ease of Access to Daily Services:

Only 5 minutes to any daily needs (supermarkets, pharmacies, essential services)

10 minutes to reach weekly activities (restaurants, entertainment centers, larger services)

15 minutes to reach monthly activities (huge malls, specialized services, major events)

Project Location:

In the heart of West Cairo

Just minutes away from main routes: Wahat Road – Regional Ring Road – July 26 Axis

Close to Sheikh Zayed, 6th of October, the Grand Egyptian Museum, Sphinx Airport

Among its most prominent projects:
Palm Hills October, Hacienda Bay, Hacienda White, Hacienda West, Badya, Palm Hills Alexandria
:

Call or WhatsApp: View Contact Detail",en,Palm Hills Alexandria,Palm Hills Developments,Giza,6th of October,Palm Hills,,,,primary,,,,,,monthly,,"Balcony or Terrace, Built in Kitchen Appliances, Central A/C & heating, Covered parking, Pets Allowed, Lawn or Garden, Security Staff, Gym or Health Club, Swimming Pool, Electricity Meter, Centrally Air-Conditioned, Water Meter, Natural Gas, Landline, Barbeque Area, Waste Disposal, Laundry Room, Broadband Internet, Satellite/Cable TV, Intercom, Maintenance Staff, CCTV Security, Laundry Facility, Cleaning Services, شرفة أو تراس, أجهزة مطبخ مدمجة, تدفئة وتكييف مركزي, مواقف مغطاة للسيارات, مسموح بالحيوانات الاليفة, حديقة, أمن و حماية, صالة رياضية أو نادي صحي, مسبح, عداد كهرباء, نظام تبريد مركزي, عداد مياه, غاز طبيعي, خط أرضي, مكان مخصص للشواء, مكبّ نفايات, غرفة غسيل, انترنت واسع النطاق, كابل قنوات تلفزيونية, اتصال داخلي, خدمات صيانة, نظام كاميرات مراقبة, خدمة غسيل ملابس, خدمات تنظيف, security, garden, gym, balcony",,,,,57894.73684210526,
503986618,https://www.bayut.eg/en/property/details-503986618.html,algolia,True,detail_html,sale,chalet,8952000.0,,EGP,3.0,2.0,110.0,"Egypt, Matruh, North Coast, Fouka Bay",Falcon Real Estate,False,2026-08-24,"Chalet for sale in Fouka Bay Village by Tatweer Misr in Ras El Hekma North Coast

Area 110m (3 bedrooms, one master, reception with lagoon view, 2 bathrooms)
Direct sea view on the lagoon
Fully finished ultra-modern

Installment plan: Down payment of 10% and the rest in installments over 10 years
For details: View Contact Detail Call & WhatsApp",en,Fouka Bay,Tatweer Misr,Matruh,North Coast,Fouka Bay,fully finished,ready,,primary,installments,,10.0,10.0,,,,"Balcony or Terrace, Built in Kitchen Appliances, Lawn or Garden, Security Staff, Swimming Pool, Centrally Air-Conditioned, Water Meter, Storage Areas, Landline, Barbeque Area, CCTV Security, Cafeteria or Canteen, Double Glazed Windows, Day Care Center, Electricity Backup, Waste Disposal, First Aid Medical Center, Laundry Room, Broadband Internet, Satellite/Cable TV, Business Center, Conference Room, Intercom, Jacuzzi, Kids Play Area, Sauna, Steam Room, Maintenance Staff, 24 Hours Concierge, Cleaning Services, Laundry Facility, Shared Kitchen, شرفة أو تراس, أجهزة مطبخ مدمجة, حديقة, أمن و حماية, مسبح, نظام تبريد مركزي, عداد مياه, مناطق تخزين, خط أرضي, مكان مخصص للشواء, نظام كاميرات مراقبة, كافيتيريا, نوافذ زجاجية مزدوجة, مركز رعاية أطفال, نظام كهرباء احتياطي للطوارئ, مكبّ نفايات, مركز للإسعافات الأولية, غرفة غسيل, انترنت واسع النطاق, كابل قنوات تلفزيونية, مركز أعمال, غرفة اجتماعات, اتصال داخلي, جاكوزي, منطقة لعب للأطفال, ساونا, غرفة بخار, خدمات صيانة, حراسة 24 ساعة, خدمات تنظيف, خدمة غسيل ملابس, مطبخ مشترك, pool, sea view",,,,,81381.81818181818,
503986428,https://www.bayut.eg/en/property/details-503986428.html,algolia,True,detail_html,sale,apartment,5835000.0,,EGP,3.0,3.0,140.0,"Egypt, Matruh, North Coast, Alamein, Latin District",Falcon Real Estate,False,2026-08-24,"Own and invest in the heart of El Alamein City on the North Coast, overlooking Lake El Alamein in the latin District. 

Contract now for a fully finished apartment ready for viewing
in a prime location on lagoon in the latin district of New El Alamein City. 

Area: 140 sqm 
ready for viewing
luxury design with an open view. 
- (Fully finished)

toal price : 5,835,000 with 10% dp and rest up to 12yrs equal installments

- For details and site visit: View Contact Detail (Mobile & WhatsApp)",en,العلمين الجديدة,,Matruh,North Coast,Alamein,super lux,ready,,primary,installments,583500.0,,12.0,,,,pool,,,,,41678.57142857143,
503986394,https://www.bayut.eg/en/property/details-503986394.html,algolia,True,detail_html,sale,chalet,6490250.0,,EGP,2.0,2.0,86.0,"Egypt, Matruh, North Coast, Ras Al Hekma, Cali Coast",Falcon Real Estate,False,2026-08-24,"Prime Chalet for Sale with open sea and lagoon views in Cali Coast, Ras El Hekma, North Coast. 
Location: Kilo 193, just minutes away from Fouka Road. Area: 86 sqmFinishing: Fully Finished (Ultra Super Luxe)Layout: 2Bedrooms + 2Bathrooms + Reception & Kitchen
Payment Plan:Cash Price after 35% Off : 6,490,250 EGP with 6 yrs installments
For more details & viewings, contact: View Contact Detail (Call & WhatsApp)",en,Cali Coast,SODIC,Matruh,North Coast,Ras Al Hekma,super lux,ready,,primary,installments,649025.0,,6.0,,,,pool,,,,,75468.02325581395,
503986065,https://www.bayut.eg/en/property/details-503986065.html,algolia,True,detail_html,sale,villa,22100000.0,,EGP,3.0,3.0,200.0,"Egypt, Red Sea, Soma Bay",Apart Investment,False,2026-08-24,"OWN YOUR BEACHFRONT HOME WITH AN EASY PAYMENT PLAN!

LOCATION: RED SEA

PROPERTY TYPE: VILLA

BUILT-UP AREA: 200 SQM + 110 SQM PRIVATE GARDEN

LAYOUT: 3 BEDROOMS + 3 BATHROOMS + NANY ROOM

VIEW: DIRECT LAGOON VIEW - STEPS FROM THE BEACH

FINISHING: FULLY FINISHED WITH EXCELLENT SPECIFICATIONS

DELIVERY: WITHIN 3 YEARS

PAYMENT PLAN: UP TO 8 YEARS



Location
Prime Location In Soma Bay – Red Sea

Easy Access Via:

Hurghada – Safaga Road

Approximately 45 Minutes From Hurghada International Airport
Approximately 20 Minutes From Safag
30 Minutes Away From Hurghada AirPort

---

About The Project

Soma Bay is one of Egypt's most prestigious luxury coastal destinations, offering an exceptional beachfront lifestyle surrounded by crystal-clear waters, white sandy beaches, breathtaking sea views, and world-class leisure experiences. 

The master-planned peninsula is home to luxury residences, five-star resorts, championship golf courses, a world-renowned marina, premium wellness and spa facilities, water sports centers, and beautifully landscaped open spaces, creating an exclusive destination for both year-round living and high-return investment. 

---

About The Developer

Developed By Abu Soma Touristic Development Company, the visionary developer behind Soma Bay, renowned for creating one of the Red Sea's most exclusive integrated resort destinations with exceptional quality, premium hospitality, and outstanding long-term investment value. 

---
#SomaBay #RedSea #ApartmentForSale #FullyFinished #GroundApartment #PrivateGarden #SeaView #ReadyToDeliver #LuxuryLiving #RealEstateEgypt #InvestmentOpportunity #HolidayHome #BeachfrontLiving #SomaBay",en,Somabay,,Red Sea,Soma Bay,Soma Bay,super lux,ready,,primary,installments,2210000.0,5.0,8.0,,,,"Double Glazed Windows, Central Heating, Day Care Center, Electricity Backup, Waste Disposal, First Aid Medical Center, Service Elevators, Freehold, Furnished, Prayer Room, Laundry Room, Broadband Internet, Satellite/Cable TV, Business Center, Conference Room, Balcony or Terrace, Built in Kitchen Appliances, Central A/C & heating, Covered parking, Maids Room, Security Staff, Gym or Health Club, Swimming Pool, Electricity Meter, Sea view, Pets Allowed, Lawn or Garden, Centrally Air-Conditioned, Water Meter, Storage Areas, Natural Gas, Landline, Barbeque Area, Lobby in Building, Intercom, ATM Facility, Jacuzzi, Kids Play Area, Cleaning Services, Reception/Waiting Room, Sauna, Steam Room, Maintenance Staff, CCTV Security, Cafeteria or Canteen, Laundry Facility, Shared Kitchen, Facilities for Disabled, Study Room, 24 Hours Concierge, نوافذ زجاجية مزدوجة, تدفئة مركزية, مركز رعاية أطفال, نظام كهرباء احتياطي للطوارئ, مكبّ نفايات, مركز للإسعافات الأولية, خدمات المصاعد, التملك الحر, مفروشة, غرفة صلاة, غرفة غسيل, انترنت واسع النطاق, كابل قنوات تلفزيونية, مركز أعمال, غرفة اجتماعات, شرفة أو تراس, أجهزة مطبخ مدمجة, تدفئة وتكييف مركزي, مواقف مغطاة للسيارات, غرفة خدم, أمن و حماية, صالة رياضية أو نادي صحي, مسبح, عداد كهرباء, يطل على البحر, مسموح بالحيوانات الاليفة, حديقة, نظام تبريد مركزي, عداد مياه, مناطق تخزين, غاز طبيعي, خط أرضي, مكان مخصص للشواء, ردهة إستقبال, اتصال داخلي, توفر أجهزة السحب الآلي, جاكوزي, منطقة لعب للأطفال, خدمات تنظيف, غرفة استقبال /انتظار, ساونا, غرفة بخار, خدمات صيانة, نظام كاميرات مراقبة, كافيتيريا, خدمة غسيل ملابس, مطبخ مشترك, تسهيلات لأصحاب الهمم, غرفة دراسة, حراسة 24 ساعة, pool, garden, sea view",,,,,110500.0,
503986003,https://www.bayut.eg/en/property/details-503986003.html,algolia,True,detail_html,sale,chalet,15000000.0,,EGP,3.0,3.0,141.0,"Egypt, Matruh, North Coast, Ras Al Hekma, June Sodic",URZ Property,False,2026-08-24,"For a limited time!! Up to 30% discount! Own your chalet with luxurious finishes and air conditioning. Enjoy a panoramic view overlooking the lagoon and a full sea view. Flexible payment plans are available to suit your budget. 

For more details, contact us now: View Contact Detail

Area: 141 sq m
Layout: [3 bedrooms | 3 bathrooms | 3-piece reception | kitchen]
Price in installments over 10 years = 24,500,000 EGP
Price in installments over 5 years = 15,500,000 EGP

Payment plan: Only 10% down payment
Location: | D. o. s. e North Coast | Km 174 Alexandria-Matrouh Road

Important note: The photos included in the advertisement were taken on-site during previous phases that have been fully completed.",en,The Waterway,,Matruh,North Coast,Ras Al Hekma,fully finished,,,primary,installments,1500000.0,0.0,10.0,,,,"pool, sea view",,,,,106382.97872340426,
503985910,https://www.bayut.eg/en/property/details-503985910.html,algolia,True,detail_html,sale,chalet,8000000.0,,EGP,2.0,2.0,93.0,"Egypt, Matruh, North Coast, Ras Al Hekma, Cali Coast",URZ Property,False,2026-08-24,"Book now your chalet with “ULTRA SUPER LUX” finishing, including air conditioning
With a panoramic view of the sea and first row on the lagoon in the best village in Ras El Hikma
[At a 31% discount] for a limited time, the highest discount rate on the North Coast
• Contact us and inquire about the discount: View Contact Detail

Area: 93 m²
Division: (2 rooms + 2 bathrooms + reception + kitchen)
Finishing level: ULTRA SUPER LUX
Price = 8,000,000 EGP
Payment method: 5% down payment + payments over 9 years without interest
Location: Cali Coast Village

Important note: The attached photos are of a previous stage that was already delivered on the ground",en,Cali Coast,,Matruh,North Coast,Ras Al Hekma,super lux,ready,,primary,installments,800000.0,5.0,9.0,,,,pool,,,,,86021.50537634408,
503985869,https://www.bayut.eg/en/property/details-503985869.html,algolia,True,detail_html,sale,chalet,9100000.0,,EGP,1.0,1.0,75.0,"Egypt, Matruh, North Coast, Silver Sands",URZ Property,False,2026-08-24,"Own a Panoramic Lagoon View Chalet in Ras El Hekma – North Coast
A great opportunity for both living and investment in one of the North Coast's finest destinations. Enjoy premium finishing, stunning lagoon and landscape views, and a sandy beach with crystal-clear turquoise waters. 
Unit Details
• Area: 75 sqm
• 1 Bedroom
• 1 Bathroom
• Reception
• Direct views of the lagoon and landscape
Payment Plan
• Down Payment: EGP 800,000
• Flexible installments over several years
Prime Location
Located in Cali Coast, Ras El Hekma — a fully operational and inhabited community with available amenities and services. 
For details, prices & site visits
View Contact Detail (Call & WhatsApp)
Model photos from one of the project phases.",en,Cali Coast,La Vista Developments,Matruh,North Coast,Silver Sands,fully finished,,,primary,installments,800000.0,,9.0,,,,"pool, garden",,,,,121333.33333333333,
503985846,https://www.bayut.eg/en/property/details-503985846.html,algolia,True,detail_html,sale,chalet,2800000.0,,EGP,2.0,1.0,60.0,"Egypt, Matruh, North Coast, Hammam, Remas",Horizon Real Estate,False,2026-08-24,"In the heart of New Alamein, Porto Golf Marina
A 60-meter chalet with a distinctive layout including
two rooms, a reception, a bathroom, a kitchen, a terrace
super luxury finish with furniture and appliances
sea view over the pool
total price of the unit: 2,800,000
not including commission and waiver
delivery upon key handover

project features:
Prime location in the North Coast and close to Alexandria. Beautiful views and large green spaces. Golf course and sports and recreational facilities. Diverse swimming pools. Beaches and recreational areas suitable for families. Diverse units suitable for vacation and investment. 24/7 services and security. Restaurants, cafes, and essential services within the village. Quiet atmosphere suitable for families. Good investment and resale or rental opportunity.",en,Marina,,Matruh,North Coast,Hammam,furnished,,,primary,,,,,,,,"Balcony or Terrace, Covered parking, Lawn or Garden, First Aid Medical Center, Jacuzzi, Kids Play Area, Sauna, Steam Room, Cafeteria or Canteen, Gym or Health Club, Swimming Pool, Electricity Meter, Barbeque Area, Day Care Center, شرفة أو تراس, مواقف مغطاة للسيارات, حديقة, مركز للإسعافات الأولية, جاكوزي, منطقة لعب للأطفال, ساونا, غرفة بخار, كافيتيريا, صالة رياضية أو نادي صحي, مسبح, عداد كهرباء, مكان مخصص للشواء, مركز رعاية أطفال, pool, security, sea view, balcony",,,,,46666.666666666664,
503985659,https://www.bayut.eg/en/property/details-503985659.html,algolia,True,detail_html,sale,chalet,8960000.0,,EGP,3.0,3.0,140.0,"Egypt, Suez, Ain Sukhna, La Vista 6",Falcon Real Estate,False,2026-08-24,"own a chalet with a Prime Sea view, Ready TO Move, in La Vista 6, Ain Sokhna, fully finished, Ultra Super Lux. 
-------------------------------------------------
Area: 140 meters
-------------------------------------------------
Enjoy a project on an area of: 225 acres
Depth: 1050 meters
Beach width: 1300 meters
------------------------------------------------
To visit the site and for details, contact us on mobile or WhatsApp: View Contact Detail",en,,La Vista Developments,Suez,Ain Sukhna,La Vista 6,super lux,ready,,primary,,,,,,,,"Covered parking, Pets Allowed, Electricity Meter, Sea view, Water Meter, Natural Gas, Landline, مواقف مغطاة للسيارات, مسموح بالحيوانات الاليفة, عداد كهرباء, يطل على البحر, عداد مياه, غاز طبيعي, خط أرضي, sea view",,,,,64000.0,
503985564,https://www.bayut.eg/en/property/details-503985564.html,algolia,True,detail_html,sale,apartment,17000000.0,,EGP,3.0,3.0,160.0,"Egypt, Cairo, New Cairo, 5th Settlement",Falcon Real Estate,False,2026-08-24,"Rare Unit Prime Location _ North-Facing_ Corner [100% Privacy]

160 sqm Apartment + 66 sqm Private Garden
3 Bedrooms (1 Master Suite) +3 Bathrooms + Reception
Ultra Lux Finish + ACs Included + Private Parking Garage

All photos are of the actual unit + Daily Viewings. 
Apartment video available on WhatsApp View Contact Detail or call

===================",en,Mountain View iCity,Mountain View (DMG),Cairo,New Cairo,5th Settlement,fully finished,ready,,primary,,,,,,,,"Gym or Health Club, Swimming Pool, Barbeque Area, Covered parking, Security Staff, Business Center, Jacuzzi, Sauna, Cafeteria or Canteen, Shared Kitchen, 24 Hours Concierge, صالة رياضية أو نادي صحي, مسبح, مكان مخصص للشواء, مواقف مغطاة للسيارات, أمن و حماية, مركز أعمال, جاكوزي, ساونا, كافيتيريا, مطبخ مشترك, حراسة 24 ساعة, garage, garden",,3.0,,,106250.0,
503985500,https://www.bayut.eg/en/property/details-503985500.html,algolia,True,detail_html,sale,other,25825000.0,,EGP,4.0,4.0,393.0,"Egypt, Giza, Sheikh Zayed, Etapa Compound",Property Hills,False,2026-08-24,"Standalone Villa for Sale – Immediate Delivery in Central El Sheikh Zayed

Unit Specifications:

Total Area: 393 sqm
Interior Layout: 4 Bedrooms + 4 Bathrooms + Spacious Reception + Kitchen
Delivery Status: Immediate delivery (Ready to move in)
Location Highlights:

Prime strategic location in the most prestigious and vibrant sector of El Sheikh Zayed. 
Direct access to major highways including the 26th of July Corridor and Dahshur Link. 
Minutes away from top commercial hubs, international schools, and medical centers. 
Compound Features & Amenities:

Premium architectural design ensuring complete privacy and efficient use of generous spaces. 
Expansive landscaped greenery surrounding the villa. 
24/7 security service equipped with advanced CCTV surveillance systems. 
Private parking facilities and fully integrated essential utilities. 
Value Proposition:

Highly competitive price point combining immediate occupancy, vast living space, and placement in a top-tier central Sheikh Zayed location.",en,,,Giza,Sheikh Zayed,Etapa Compound,,ready,,primary,,,,,,,,"Covered parking, Pets Allowed, Gym or Health Club, Swimming Pool, Electricity Meter, Landline, Double Glazed Windows, Electricity Backup, Waste Disposal, Furnished, Balcony or Terrace, Built in Kitchen Appliances, Central A/C & heating, Laundry Room, Broadband Internet, Satellite/Cable TV, Business Center, Conference Room, Intercom, Maids Room, Central Heating, Day Care Center, Kids Play Area, Reception/Waiting Room, Sauna, Lawn or Garden, Natural Gas, Freehold, Cleaning Services, Security Staff, Centrally Air-Conditioned, Water Meter, Storage Areas, Barbeque Area, Lobby in Building, First Aid Medical Center, Service Elevators, Prayer Room, ATM Facility, Jacuzzi, Steam Room, Maintenance Staff, CCTV Security, Cafeteria or Canteen, Laundry Facility, Shared Kitchen, Facilities for Disabled, Study Room, 24 Hours Concierge, مواقف مغطاة للسيارات, مسموح بالحيوانات الاليفة, صالة رياضية أو نادي صحي, مسبح, عداد كهرباء, خط أرضي, نوافذ زجاجية مزدوجة, نظام كهرباء احتياطي للطوارئ, مكبّ نفايات, مفروشة, شرفة أو تراس, أجهزة مطبخ مدمجة, تدفئة وتكييف مركزي, غرفة غسيل, انترنت واسع النطاق, كابل قنوات تلفزيونية, مركز أعمال, غرفة اجتماعات, اتصال داخلي, غرفة خدم, تدفئة مركزية, مركز رعاية أطفال, منطقة لعب للأطفال, غرفة استقبال /انتظار, ساونا, حديقة, غاز طبيعي, التملك الحر, خدمات تنظيف, أمن و حماية, نظام تبريد مركزي, عداد مياه, مناطق تخزين, مكان مخصص للشواء, ردهة إستقبال, مركز للإسعافات الأولية, خدمات المصاعد, غرفة صلاة, توفر أجهزة السحب الآلي, جاكوزي, غرفة بخار, خدمات صيانة, نظام كاميرات مراقبة, كافيتيريا, خدمة غسيل ملابس, مطبخ مشترك, تسهيلات لأصحاب الهمم, غرفة دراسة, حراسة 24 ساعة, security, garage, garden",,,,,65712.46819338422,
503984995,https://www.bayut.eg/en/property/details-503984995.html,algolia,True,detail_html,sale,apartment,7067249.0,,EGP,2.0,2.0,142.0,"Egypt, Cairo, Katameya, Stone Park Compound",Falcon Real Estate,False,2026-08-24,"Apartment for sale in a distinguished compound next to Katameya Heights in the Fifth Settlement (Stone Park Compound)

With an area of 142m
With a wide division: 2 rooms, one master + 2 bathrooms + reception, lagoon view + 2 terraces
Open view in front of landscape & lagoon
3 minutes from club house

Cash required 1,352,969 and the rest in installments over 8 years without interest
For more details: View Contact Detail call & WhatsApp",en,Katameya Heights,,Cairo,Katameya,Stone Park Compound,,ready,,primary,both,,,8.0,,,,"Laundry Room, Broadband Internet, Satellite/Cable TV, Intercom, Jacuzzi, Day Care Center, Electricity Backup, Waste Disposal, First Aid Medical Center, Kids Play Area, Parking Spaces, 24 Hours Concierge, Cleaning Services, Balcony or Terrace, Covered parking, Pets Allowed, Security Staff, Gym or Health Club, Water Meter, Storage Areas, Natural Gas, Landline, Elevators in Building, Barbeque Area, Double Glazed Windows, CCTV Security, Cafeteria or Canteen, Laundry Facility, Facilities for Disabled, Electricity Meter, Sauna, Steam Room, Maintenance Staff, غرفة غسيل, انترنت واسع النطاق, كابل قنوات تلفزيونية, اتصال داخلي, جاكوزي, مركز رعاية أطفال, نظام كهرباء احتياطي للطوارئ, مكبّ نفايات, مركز للإسعافات الأولية, منطقة لعب للأطفال, مواقف سيارات, حراسة 24 ساعة, خدمات تنظيف, شرفة أو تراس, مواقف مغطاة للسيارات, مسموح بالحيوانات الاليفة, أمن و حماية, صالة رياضية أو نادي صحي, عداد مياه, مناطق تخزين, غاز طبيعي, خط أرضي, مصاعد, مكان مخصص للشواء, نوافذ زجاجية مزدوجة, نظام كاميرات مراقبة, كافيتيريا, خدمة غسيل ملابس, تسهيلات لأصحاب الهمم, عداد كهرباء, ساونا, غرفة بخار, خدمات صيانة, pool, garden, clubhouse, balcony",,,,,49769.359154929574,
503984992,https://www.bayut.eg/en/property/details-503984992.html,algolia,True,detail_html,sale,apartment,8929749.0,,EGP,1.0,1.0,104.0,"Egypt, Cairo, Heliopolis, Marriott Residence",Falcon Real Estate,False,2026-08-24,"Apartment for sale in a prime location in Nasr City, next to City Centre Almaza. 

Prime location with three facades. Ultra-modern finishing with air conditioning. 104 m Unobstructed, unobstructed sea view. 

10% down payment, the rest in installments over 6 years. 

Contact: View Contact Detail (call & WhatsApp)

-------------------------------

Prime location with a facade on the Suez Road and Al-Thawra Street. Next to City Centre Almaza and 5 minutes from Heliopolis.",en,,,Cairo,Heliopolis,Marriott Residence,,ready,,primary,installments,,0.0,6.0,,,,"First Aid Medical Center, Business Center, Cleaning Services, Intercom, Jacuzzi, Kids Play Area, Steam Room, Balcony or Terrace, Built in Kitchen Appliances, Central A/C & heating, Security Staff, Gym or Health Club, Swimming Pool, Centrally Air-Conditioned, Landline, Barbeque Area, Double Glazed Windows, Day Care Center, Electricity Backup, Waste Disposal, Maintenance Staff, CCTV Security, Cafeteria or Canteen, مركز للإسعافات الأولية, مركز أعمال, خدمات تنظيف, اتصال داخلي, جاكوزي, منطقة لعب للأطفال, غرفة بخار, شرفة أو تراس, أجهزة مطبخ مدمجة, تدفئة وتكييف مركزي, أمن و حماية, صالة رياضية أو نادي صحي, مسبح, نظام تبريد مركزي, خط أرضي, مكان مخصص للشواء, نوافذ زجاجية مزدوجة, مركز رعاية أطفال, نظام كهرباء احتياطي للطوارئ, مكبّ نفايات, خدمات صيانة, نظام كاميرات مراقبة, كافيتيريا, sea view",,,,,85862.97115384616,
503984988,https://www.bayut.eg/en/property/details-503984988.html,algolia,True,detail_html,sale,apartment,5920722.0,,EGP,2.0,2.0,130.0,"Egypt, Cairo, Nasr City, Tag Sultan",Falcon Real Estate,False,2026-08-24,"Apartment for sale with a very distinctive view of the landscape and greenery in Taj City Compound. 

The compound is located in a distinctive location with two facades
The first facade is opposite Cairo Airport on the Suez Road
The second facade is opposite the Kempinski Hotel, the JW Marriott, and the Police Academy

Area 130m
(two large bedrooms, one of which is a master bedroom 2 bathrooms and a large reception with a garden view. )
With a distinctive layout
A fully serviced compound with over 600 residents

Total price 5,920,722
for details: View Contact Detail. Call & WhatsApp available",en,,,Cairo,Nasr City,Tag Sultan,,ready,,primary,,,,,,,,"Double Glazed Windows, Balcony or Terrace, Built in Kitchen Appliances, Lawn or Garden, Security Staff, Gym or Health Club, Sauna, Centrally Air-Conditioned, Storage Areas, Landline, Barbeque Area, Day Care Center, Electricity Backup, Waste Disposal, First Aid Medical Center, Broadband Internet, Satellite/Cable TV, Intercom, Jacuzzi, Kids Play Area, Steam Room, Maintenance Staff, CCTV Security, Cafeteria or Canteen, 24 Hours Concierge, Swimming Pool, Cleaning Services, نوافذ زجاجية مزدوجة, شرفة أو تراس, أجهزة مطبخ مدمجة, حديقة, أمن و حماية, صالة رياضية أو نادي صحي, ساونا, نظام تبريد مركزي, مناطق تخزين, خط أرضي, مكان مخصص للشواء, مركز رعاية أطفال, نظام كهرباء احتياطي للطوارئ, مكبّ نفايات, مركز للإسعافات الأولية, انترنت واسع النطاق, كابل قنوات تلفزيونية, اتصال داخلي, جاكوزي, منطقة لعب للأطفال, غرفة بخار, خدمات صيانة, نظام كاميرات مراقبة, كافيتيريا, حراسة 24 ساعة, مسبح, خدمات تنظيف, garden",,,,,45544.015384615384,
503984976,https://www.bayut.eg/en/property/details-503984976.html,algolia,True,detail_html,sale,chalet,7452972.0,,EGP,2.0,2.0,104.0,"Egypt, Suez, Ain Sukhna, Telal Sokhna",Falcon Real Estate,False,2026-08-24,"A very special chalet for sale in Telal El Sokhna village, directly on the sea. 

Area 104m
(two bedrooms, one master + 2 bathrooms + reception with lagoon view)
Breathtaking double view of the lagoon and sea
Fully finished to an ultra-modern standard, including air conditioning and a kitchen
Prime location with two street-facing facades

The price shown is cash only, or you can pay in installments with a 5% down payment and the remaining balance payable over up to 12 years interest-free. 

For details: View Contact Detail (call & WhatsApp)",en,Telal,,Suez,Ain Sukhna,Telal Sokhna,fully finished,ready,,primary,both,,5.0,12.0,,,,"Shared Kitchen, Centrally Air-Conditioned, Water Meter, Storage Areas, Landline, Barbeque Area, Lobby in Building, Conference Room, Lawn or Garden, Security Staff, Balcony or Terrace, Built in Kitchen Appliances, Pets Allowed, Gym or Health Club, Swimming Pool, Double Glazed Windows, Day Care Center, Electricity Backup, Waste Disposal, First Aid Medical Center, Laundry Room, Broadband Internet, Satellite/Cable TV, Business Center, Intercom, Jacuzzi, Kids Play Area, Sauna, Steam Room, Maintenance Staff, CCTV Security, Cafeteria or Canteen, Laundry Facility, 24 Hours Concierge, Cleaning Services, مطبخ مشترك, نظام تبريد مركزي, عداد مياه, مناطق تخزين, خط أرضي, مكان مخصص للشواء, ردهة إستقبال, غرفة اجتماعات, حديقة, أمن و حماية, شرفة أو تراس, أجهزة مطبخ مدمجة, مسموح بالحيوانات الاليفة, صالة رياضية أو نادي صحي, مسبح, نوافذ زجاجية مزدوجة, مركز رعاية أطفال, نظام كهرباء احتياطي للطوارئ, مكبّ نفايات, مركز للإسعافات الأولية, غرفة غسيل, انترنت واسع النطاق, كابل قنوات تلفزيونية, مركز أعمال, اتصال داخلي, جاكوزي, منطقة لعب للأطفال, ساونا, غرفة بخار, خدمات صيانة, نظام كاميرات مراقبة, كافيتيريا, خدمة غسيل ملابس, حراسة 24 ساعة, خدمات تنظيف, pool",,,,,71663.19230769231,
503984968,https://www.bayut.eg/en/property/details-503984968.html,algolia,True,detail_html,sale,chalet,8022972.0,,EGP,1.0,1.0,45.0,"Egypt, Matruh, North Coast, Alamein, Marina 5",Falcon Real Estate,False,2026-08-24,"Hotel-style chalet for sale directly on the beach in Marsa Marina 5

Area 45m direct sea view
Open sea view from all rooms
High-end finishing with appliances and furnishings
Marsa Yachts Private

A great investment opportunity with a high dollar return

Installment plan: 25% down payment, the rest in installments over 5 years with no interest
For details: View Contact Detail (call & WhatsApp)",en,Marina,,Matruh,North Coast,Alamein,,ready,,primary,installments,,25.0,5.0,,,,sea view,,,,,178288.26666666666,
503984965,https://www.bayut.eg/en/property/details-503984965.html,algolia,True,detail_html,sale,apartment,10152769.0,,EGP,3.0,2.0,156.0,"Egypt, Cairo, New Cairo, 1st Settlement, Taj City Compound",Falcon Real Estate,False,2026-08-24,"Apartment for sale with a stunning view in Taj City Compound on the Suez Road

With an area of 156 meters + garden
(three large bedrooms, one of which is a master bedroom + 2 bathrooms + large reception area with a garden view)
Double view overlooking the lagoon and landscape
Prime location ,bahari and two street-facing facades

Installment plan available: 10% down payment and the rest payable over 12 years with no interest
Contact: View Contact Detail (Call & WhatsApp available)

---------------",en,,,Cairo,New Cairo,1st Settlement,,ready,,primary,installments,,0.0,12.0,,,,"CCTV Security, Cafeteria or Canteen, Laundry Facility, Shared Kitchen, 24 Hours Concierge, Cleaning Services, Barbeque Area, Lobby in Building, Double Glazed Windows, Laundry Room, Broadband Internet, Satellite/Cable TV, Business Center, Conference Room, Intercom, Jacuzzi, Kids Play Area, Sauna, Steam Room, Maintenance Staff, Balcony or Terrace, Built in Kitchen Appliances, Lawn or Garden, Security Staff, Gym or Health Club, Swimming Pool, Centrally Air-Conditioned, Water Meter, Storage Areas, Landline, Day Care Center, Electricity Backup, Waste Disposal, First Aid Medical Center, نظام كاميرات مراقبة, كافيتيريا, خدمة غسيل ملابس, مطبخ مشترك, حراسة 24 ساعة, خدمات تنظيف, مكان مخصص للشواء, ردهة إستقبال, نوافذ زجاجية مزدوجة, غرفة غسيل, انترنت واسع النطاق, كابل قنوات تلفزيونية, مركز أعمال, غرفة اجتماعات, اتصال داخلي, جاكوزي, منطقة لعب للأطفال, ساونا, غرفة بخار, خدمات صيانة, شرفة أو تراس, أجهزة مطبخ مدمجة, حديقة, أمن و حماية, صالة رياضية أو نادي صحي, مسبح, نظام تبريد مركزي, عداد مياه, مناطق تخزين, خط أرضي, مركز رعاية أطفال, نظام كهرباء احتياطي للطوارئ, مكبّ نفايات, مركز للإسعافات الأولية, pool, garden",,,,,65081.85256410256,
503984962,https://www.bayut.eg/en/property/details-503984962.html,algolia,True,detail_html,sale,townhouse,18729700.0,,EGP,4.0,3.0,242.0,"Egypt, Cairo, New Cairo, 5th Settlement, Palm Hills New Cairo Compound",Falcon Real Estate,False,2026-08-24,"Townhouse villa for sale in a prime location in Palm Hills Compound, Fifth Settlement

Prime location: Next to Mountain View iCity, directly on the Ring Road and 10 minutes from 90th Street

Area: 242 meters
(Ground floor with garden + First floor + Roof)
Corner villa in a prime location
Direct golf course view

8-year interest-free installment plan available
For details: View Contact Detail (call & WhatsApp)",en,Palm Hills New Cairo,Mountain View (DMG),Cairo,New Cairo,5th Settlement,,ready,,primary,installments,,,,,,,"Balcony or Terrace, Covered parking, Security Staff, Electricity Meter, Waste Disposal, Jacuzzi, Sauna, Steam Room, Storage Areas, Natural Gas, Maintenance Staff, Pets Allowed, Lawn or Garden, Gym or Health Club, Swimming Pool, Water Meter, Barbeque Area, Lobby in Building, Double Glazed Windows, Day Care Center, Electricity Backup, Landline, First Aid Medical Center, Laundry Room, Broadband Internet, Satellite/Cable TV, Kids Play Area, CCTV Security, Cafeteria or Canteen, Laundry Facility, Facilities for Disabled, Parking Spaces, 24 Hours Concierge, Cleaning Services, شرفة أو تراس, مواقف مغطاة للسيارات, أمن و حماية, عداد كهرباء, مكبّ نفايات, جاكوزي, ساونا, غرفة بخار, مناطق تخزين, غاز طبيعي, خدمات صيانة, مسموح بالحيوانات الاليفة, حديقة, صالة رياضية أو نادي صحي, مسبح, عداد مياه, مكان مخصص للشواء, ردهة إستقبال, نوافذ زجاجية مزدوجة, مركز رعاية أطفال, نظام كهرباء احتياطي للطوارئ, خط أرضي, مركز للإسعافات الأولية, غرفة غسيل, انترنت واسع النطاق, كابل قنوات تلفزيونية, منطقة لعب للأطفال, نظام كاميرات مراقبة, كافيتيريا, خدمة غسيل ملابس, تسهيلات لأصحاب الهمم, مواقف سيارات, حراسة 24 ساعة, خدمات تنظيف, garden",,,,,77395.45454545454,
503984941,https://www.bayut.eg/en/property/details-503984941.html,algolia,True,detail_html,sale,chalet,10700000.0,,EGP,2.0,2.0,86.0,"Egypt, Matruh, North Coast, Silver Sands",URZ Property,False,2026-08-24,"Housing and investment in one place. . . Own your chalet now (increasing value and continuous profits)

Details :

Chalet for sale in the North Coast

Luxury hotel services all year round by the Intercontinental Hotels Group

Fully ultra-modern finishing with air conditioning

Double sea view and lagoon

Area 86 square meters

Consists of 2 bedrooms + 2 bathrooms + reception + American kitchen + terrace

For details or to schedule a viewing

Cash required: 1,200,000 down payment

Flexible installments up to 10 years

Call Now View Contact Detail",en,Silver Sands,La Vista Developments,Matruh,North Coast,Silver Sands,super lux,,,primary,installments,1200000.0,,10.0,,,,"pool, sea view, balcony",,,,,124418.6046511628,
503984934,https://www.bayut.eg/en/property/details-503984934.html,algolia,True,detail_html,sale,villa,14700000.0,,EGP,5.0,3.0,239.0,"Egypt, Cairo, Mostakbal City, Sarai",URZ Property,False,2026-08-24,"Get the privacy you deserve and own your own villa in Sarai. Enjoy an exceptional residential experience that combines enchanting nature with sophisticated architectural design in a prime location directly on the Suez Road, putting you just minutes away from everything you need. 

Villa area: 239 square meters + 117 square meters private garden
Consists of:
5 bedrooms (including one master bedroom with dressing room) + nanny room + 4 bathrooms + 3-piece large reception + kitchen + 2 large terraces
Payment terms:
Down payment of EGP 2,000,000
Equal installments over 12 years, interest-free (equal installments)
Call now: View Contact Detail",en,Bloomfields,La Vista Developments,Cairo,Mostakbal City,Sarai,super lux,,,primary,installments,2000000.0,,12.0,,,,"garden, balcony",,,,,61506.276150627615,
503984930,https://www.bayut.eg/en/property/details-503984930.html,algolia,True,detail_html,sale,chalet,7150000.0,,EGP,2.0,1.0,88.0,"Egypt, Matruh, North Coast, Dose",URZ Property,False,2026-08-24,"Own your own chalet now in one of Ras El Hekma's most prestigious projects (DOSE Akam Al Rajhi) at kilometer 174, and enjoy the most beautiful sandy beach on the coast, next to leading developers. 

Call now: View Contact Detail

And ask about our summer discounts. 

Area: 88 square meters
Layout: 2 master bedrooms + 2 bathrooms + spacious reception and terrace with a stunning view. 
Finishing: Ultra Super Lux (ready with air conditioning and kitchen). 
View: Direct and panoramic view of the sea and the sparkling lagoon. 

Payment Plan:

Cash down payment of 1,050,000

Remaining installments over 5 years with no interest. 

Why choose DOSE Village in particular

Prime location: In the heart of Ras El Hekma Bay (kilometer 174), next to La Vista and Amwaj. Hotel Life: 5-star hotel services and infinity pools. 

Largest Crystal Lagoon: Enjoy the sea throughout the resort. 

Recreational Activities: Aqua park, international cafes and restaurants, and a gym and spa right on the beach.",en,Amwaj,La Vista Developments,Matruh,North Coast,Dose,super lux,ready,,primary,installments,1050000.0,,5.0,,,,"pool, gym, balcony",,,,,81250.0,
503984928,https://www.bayut.eg/en/property/details-503984928.html,algolia,True,detail_html,sale,chalet,6300000.0,,EGP,2.0,1.0,86.0,"Egypt, Matruh, North Coast, Ras Al Hekma, Koun",URZ Property,False,2026-08-24,"Chalet for sale in the North Coast directly on the lagoon. 

Call now: View Contact Detail

For reservations or more details:

High-end finishing
A very prime and lively location, minutes away from LaVista & Waterway. 
Full sea view from all rooms

Chalet area: 86 m²

Consists of:
2 master bedrooms
2 bathrooms
Reception
Terrace

Payment plan:

Cash down payment of 1,050,000
Remaining installments over 10 years interest-free

A special 40% discount is available. 

Private beach + beachfront clubhouse + clubhouse in the middle of the project
VOC Hotel + U Hotel (Thai hotel for room management)
8-acre shopping mall
36,000 square meters of water: Lazy River – lakes – 9 swimming pools (including 2 for women)
13 distinctive lakes – 30 cave pools – a lake with a 500-meter sandy beach in front of the hotel rooms",en,The Waterway,,Matruh,North Coast,Ras Al Hekma,super lux,,,primary,installments,1050002.0,,10.0,,annual,,"pool, sea view, clubhouse, balcony",,,,,73255.81395348837,
503984919,https://www.bayut.eg/en/property/details-503984919.html,algolia,True,detail_html,sale,chalet,12759237.0,,EGP,4.0,2.0,185.0,"Egypt, Matruh, North Coast, Alamein, La Vista Cascada",Falcon Real Estate,False,2026-08-24,"Chalet for sale with a distinctive roof terrace in Lavista Cascada, North Coast

Area 185 m + 150 m private roof terrace
(4 bedrooms, one master + 2 bathrooms + reception with lagoon view)
bahari and finished to a high standard
ready to move
Prime location, just one minute from the sea

3-year interest-free installment plan available
For details: View Contact Detail (call & WhatsApp)
-------------------",en,,La Vista Developments,Matruh,North Coast,Alamein,super lux,ready,,primary,installments,,,,,,,"Balcony or Terrace, Built in Kitchen Appliances, Covered parking, Lawn or Garden, Security Staff, Gym or Health Club, Swimming Pool, Cafeteria or Canteen, Laundry Facility, Intercom, Jacuzzi, Kids Play Area, Sauna, Steam Room, Maintenance Staff, CCTV Security, 24 Hours Concierge, Cleaning Services, Shared Kitchen, Centrally Air-Conditioned, Storage Areas, Landline, Barbeque Area, Lobby in Building, Double Glazed Windows, Day Care Center, Electricity Backup, Waste Disposal, First Aid Medical Center, Laundry Room, Broadband Internet, Satellite/Cable TV, Business Center, Conference Room, شرفة أو تراس, أجهزة مطبخ مدمجة, مواقف مغطاة للسيارات, حديقة, أمن و حماية, صالة رياضية أو نادي صحي, مسبح, كافيتيريا, خدمة غسيل ملابس, اتصال داخلي, جاكوزي, منطقة لعب للأطفال, ساونا, غرفة بخار, خدمات صيانة, نظام كاميرات مراقبة, حراسة 24 ساعة, خدمات تنظيف, مطبخ مشترك, نظام تبريد مركزي, مناطق تخزين, خط أرضي, مكان مخصص للشواء, ردهة إستقبال, نوافذ زجاجية مزدوجة, مركز رعاية أطفال, نظام كهرباء احتياطي للطوارئ, مكبّ نفايات, مركز للإسعافات الأولية, غرفة غسيل, انترنت واسع النطاق, كابل قنوات تلفزيونية, مركز أعمال, غرفة اجتماعات, pool, balcony",,,,,68968.84864864865,
503984920,https://www.bayut.eg/en/property/details-503984920.html,algolia,True,detail_html,sale,chalet,8250000.0,,EGP,2.0,2.0,86.0,"Egypt, Matruh, North Coast, Seazen",URZ Property,False,2026-08-24,"Chalet for sale in the North Coast, ground floor with a garden and private beach directly on the lagoon. 

Call now: View Contact Detail

For reservations or more details:

High-end finishing

Full sea view from all rooms

Prime and vibrant location, minutes from LaVista & Waterway

Chalet area: 86 sq m + 50 sq m garden

Consists of:

2 master bedrooms

2 bathrooms

Reception

Terrace

Payment plan:

Cash down payment of 1,250,000

Remaining installments over 10 years interest-free

Private beach + Clubhouse on the sea + Clubhouse in the center of the project

International hotel + U Hotel
Thai hotel for room management

8-acre shopping mall

36,000 sq m of water features: Lazy River – Lakes – 9 swimming pools (including 2 ladies' pools)

13 distinctive lakes – 30 Cave Pool – A 500m sandy beach lake in front of the hotel rooms

Central kitchen serving guests at cost price

Restaurants – Cafes – Playgrounds – Water games and activities",en,The Waterway,La Vista Developments,Matruh,North Coast,Seazen,super lux,,,primary,installments,1250000.0,,10.0,,,,"pool, garden, sea view, clubhouse, balcony",0.0,,,,95930.23255813954,
503984914,https://www.bayut.eg/en/property/details-503984914.html,algolia,True,detail_html,sale,villa,6259229.0,,EGP,3.0,3.0,166.0,"Egypt, Cairo, New Heliopolis, Talala",Falcon Real Estate,False,2026-08-24,"Villa for sale in Talala Compound, New Heliopolis, next to Sodic East

Area 166m
(three bedrooms + living room + 3 bathrooms + 2 reception rooms with garden view)
Fully finished to an ultra-modern standard
Prime location
Stunning landscape view

Total price 6,259,229

For details: View Contact Detail (call & WhatsApp)
---------------------------------------",en,Madinaty,SODIC,Cairo,New Heliopolis,Talala,super lux,ready,,primary,,,,,,,,"Balcony or Terrace, Laundry Room, Broadband Internet, Built in Kitchen Appliances, Lawn or Garden, Security Staff, Steam Room, Gym or Health Club, Maintenance Staff, CCTV Security, Cafeteria or Canteen, Laundry Facility, Shared Kitchen, 24 Hours Concierge, Swimming Pool, Centrally Air-Conditioned, Water Meter, Storage Areas, Landline, Barbeque Area, Lobby in Building, Day Care Center, Electricity Backup, Waste Disposal, First Aid Medical Center, Satellite/Cable TV, Business Center, Conference Room, Intercom, Jacuzzi, Kids Play Area, Sauna, Cleaning Services, شرفة أو تراس, غرفة غسيل, انترنت واسع النطاق, أجهزة مطبخ مدمجة, حديقة, أمن و حماية, غرفة بخار, صالة رياضية أو نادي صحي, خدمات صيانة, نظام كاميرات مراقبة, كافيتيريا, خدمة غسيل ملابس, مطبخ مشترك, حراسة 24 ساعة, مسبح, نظام تبريد مركزي, عداد مياه, مناطق تخزين, خط أرضي, مكان مخصص للشواء, ردهة إستقبال, مركز رعاية أطفال, نظام كهرباء احتياطي للطوارئ, مكبّ نفايات, مركز للإسعافات الأولية, كابل قنوات تلفزيونية, مركز أعمال, غرفة اجتماعات, اتصال داخلي, جاكوزي, منطقة لعب للأطفال, ساونا, خدمات تنظيف, pool, garden",,,,,37706.198795180724,
503984905,https://www.bayut.eg/en/property/details-503984905.html,algolia,True,detail_html,sale,apartment,11350000.0,,EGP,3.0,2.0,135.0,"Egypt, Cairo, New Cairo, 5th Settlement, Hyde Park New Cairo Compound",URZ Property,False,2026-08-24,"VIP Apartment for Sale in Hyde Park Compound, New Cairo

Exceptional Location:

Directly on South 90th Street, minutes from the American University in Cairo and Golden Square

Area: 135 square meters + 71 garden
a very distinctive layout

Unobstructed sea view overlooking the largest central park in the compound (15 acres)

Down payment of 1,350,000 EGP cash only

The remaining balance is payable in equal installments over 10 years with no interest

For details and to view the compound,

Call now on: View Contact Detail",en,Hyde Park,Mountain View (DMG),Cairo,New Cairo,5th Settlement,super lux,,,primary,installments,1700000.0,,10.0,,,,"garden, sea view",,,,,84074.07407407407,
503984900,https://www.bayut.eg/en/property/details-503984900.html,algolia,True,detail_html,sale,apartment,3352726.0,,EGP,3.0,2.0,134.0,"Egypt, Cairo, New Capital City, Al Maqsad",Falcon Real Estate,False,2026-08-24,"Apartment for sale Bahri Frank in the new capital in R3 in front of the iconic tower
In Al Maqsed Compound

With an area of 134m

With a distinctive division (3 rooms, one master + 2 bathrooms + 3-piece reception + 2 terraces)
Fully open and sea view
Ultra modern finishing
Next to Carrefour and the mall

Total cash price: 3,352,726
Installment option available: 10% down payment, remaining balance payable over 10 years

To contact View Contact Detail call & WhatsApp",en,المقصد,,Cairo,New Capital City,Al Maqsad,fully finished,ready,,primary,both,,0.0,10.0,,,,"Balcony or Terrace, Steam Room, Maintenance Staff, Built in Kitchen Appliances, Water Meter, Storage Areas, Kids Play Area, Sauna, 24 Hours Concierge, Cleaning Services, Lawn or Garden, Security Staff, Gym or Health Club, Swimming Pool, Centrally Air-Conditioned, Landline, Business Center, Conference Room, Intercom, Jacuzzi, CCTV Security, Cafeteria or Canteen, Laundry Facility, Shared Kitchen, Barbeque Area, Lobby in Building, Double Glazed Windows, Day Care Center, Electricity Backup, Waste Disposal, First Aid Medical Center, Laundry Room, Broadband Internet, Satellite/Cable TV, شرفة أو تراس, غرفة بخار, خدمات صيانة, أجهزة مطبخ مدمجة, عداد مياه, مناطق تخزين, منطقة لعب للأطفال, ساونا, حراسة 24 ساعة, خدمات تنظيف, حديقة, أمن و حماية, صالة رياضية أو نادي صحي, مسبح, نظام تبريد مركزي, خط أرضي, مركز أعمال, غرفة اجتماعات, اتصال داخلي, جاكوزي, نظام كاميرات مراقبة, كافيتيريا, خدمة غسيل ملابس, مطبخ مشترك, مكان مخصص للشواء, ردهة إستقبال, نوافذ زجاجية مزدوجة, مركز رعاية أطفال, نظام كهرباء احتياطي للطوارئ, مكبّ نفايات, مركز للإسعافات الأولية, غرفة غسيل, انترنت واسع النطاق, كابل قنوات تلفزيونية, sea view, balcony",,,,,25020.34328358209,
503984896,https://www.bayut.eg/en/property/details-503984896.html,algolia,True,detail_html,sale,apartment,17529627.0,,EGP,3.0,3.0,204.0,"Egypt, Cairo, New Cairo, 5th Settlement, District 5 Compound",Falcon Real Estate,False,2026-08-24,"Apartment for sale in District 5 Compound, New Cairo, Fifth Settlement
Minutes from the American University in Cairo

Area 204m
(three bedrooms, one master + 3 bathrooms + nanny's room + large reception with garden view + 40 m terrace)
bahari view and overlooking the landscape
Prime location, immediate occupancy
The apartment is semi-finished, and finished apartments are also available. 

Down payment of 2,767,932 EGP, and the rest in installments over 7 years with no interest
For details: View Contact Detail (Call & WhatsApp available)",en,District 5,,Cairo,New Cairo,5th Settlement,semi-finished,ready,,primary,installments,2767932.0,,7.0,,,,"Satellite/Cable TV, Business Center, CCTV Security, Cafeteria or Canteen, Laundry Facility, Shared Kitchen, 24 Hours Concierge, Cleaning Services, Gym or Health Club, Swimming Pool, Centrally Air-Conditioned, Storage Areas, Landline, Barbeque Area, Lobby in Building, Maintenance Staff, Balcony or Terrace, Built in Kitchen Appliances, Lawn or Garden, Security Staff, Conference Room, Intercom, Jacuzzi, Kids Play Area, Sauna, Steam Room, Double Glazed Windows, Day Care Center, Electricity Backup, Waste Disposal, First Aid Medical Center, Laundry Room, Broadband Internet, كابل قنوات تلفزيونية, مركز أعمال, نظام كاميرات مراقبة, كافيتيريا, خدمة غسيل ملابس, مطبخ مشترك, حراسة 24 ساعة, خدمات تنظيف, صالة رياضية أو نادي صحي, مسبح, نظام تبريد مركزي, مناطق تخزين, خط أرضي, مكان مخصص للشواء, ردهة إستقبال, خدمات صيانة, شرفة أو تراس, أجهزة مطبخ مدمجة, حديقة, أمن و حماية, غرفة اجتماعات, اتصال داخلي, جاكوزي, منطقة لعب للأطفال, ساونا, غرفة بخار, نوافذ زجاجية مزدوجة, مركز رعاية أطفال, نظام كهرباء احتياطي للطوارئ, مكبّ نفايات, مركز للإسعافات الأولية, غرفة غسيل, انترنت واسع النطاق, garden, balcony",,,,,85929.54411764706,
503984893,https://www.bayut.eg/en/property/details-503984893.html,algolia,True,detail_html,sale,villa,12579227.0,,EGP,3.0,3.0,145.0,"Egypt, Matruh, North Coast, Ras Al Hekma, Salt",Falcon Real Estate,False,2026-08-24,"villa for sale directly on the marina in Salt North Coast Village

Area 145m
(three bedrooms, one master bedroom + reception with sea view +Roof with sea view)
Fully finished to an ultra-modern standard -
bahari with a stunning marina view -
Two-sided facade and prime locatio -

Installment plan: 10% down payment and the rest in installments up to 10 years interest-free
For details: View Contact Detail (call & WhatsApp)",en,Marina,,Matruh,North Coast,Ras Al Hekma,fully finished,ready,,primary,installments,,0.0,10.0,,,,"Centrally Air-Conditioned, Water Meter, Gym or Health Club, First Aid Medical Center, Balcony or Terrace, Built in Kitchen Appliances, Lawn or Garden, Lobby in Building, Double Glazed Windows, Kids Play Area, Sauna, Steam Room, Maintenance Staff, CCTV Security, Cafeteria or Canteen, Laundry Facility, Day Care Center, Electricity Backup, Waste Disposal, Laundry Room, Broadband Internet, Satellite/Cable TV, Business Center, Conference Room, Intercom, Jacuzzi, Security Staff, Swimming Pool, Sea view, Storage Areas, Landline, Barbeque Area, Shared Kitchen, 24 Hours Concierge, Cleaning Services, نظام تبريد مركزي, عداد مياه, صالة رياضية أو نادي صحي, مركز للإسعافات الأولية, شرفة أو تراس, أجهزة مطبخ مدمجة, حديقة, ردهة إستقبال, نوافذ زجاجية مزدوجة, منطقة لعب للأطفال, ساونا, غرفة بخار, خدمات صيانة, نظام كاميرات مراقبة, كافيتيريا, خدمة غسيل ملابس, مركز رعاية أطفال, نظام كهرباء احتياطي للطوارئ, مكبّ نفايات, غرفة غسيل, انترنت واسع النطاق, كابل قنوات تلفزيونية, مركز أعمال, غرفة اجتماعات, اتصال داخلي, جاكوزي, أمن و حماية, مسبح, يطل على البحر, مناطق تخزين, خط أرضي, مكان مخصص للشواء, مطبخ مشترك, حراسة 24 ساعة, خدمات تنظيف, sea view",,,,,86753.28965517241,
503984891,https://www.bayut.eg/en/property/details-503984891.html,algolia,True,detail_html,sale,chalet,14150000.0,,EGP,2.0,2.0,110.0,"Egypt, Matruh, North Coast, Ras Al Hekma, June Sodic",URZ Property,False,2026-08-24,"Experience unparalleled luxury and own a luxurious chalet in the most prestigious location on the North Coast, where the blue sea meets luxury. 

Chalet for sale

Ground floor with a private garden

High-end finishing with air conditioning

Full sea view from all rooms

Chalet area: 110 m² + 188 m² garden

Consists of:

2 master bedrooms

2 bathrooms

Reception

Terrace

Payment plan:

Cash down payment of EGP 1,750,000

Remaining installments over 8 years interest-free


Call now: View Contact Detail",en,,La Vista Developments,Matruh,North Coast,Ras Al Hekma,super lux,ready,,primary,installments,1750000.0,,8.0,,,,"pool, garden, sea view, balcony",0.0,,,,128636.36363636363,
503984888,https://www.bayut.eg/en/property/details-503984888.html,algolia,True,detail_html,sale,chalet,11952762.0,,EGP,3.0,2.0,135.0,"Egypt, Matruh, North Coast, Ras Al Hekma, Salt",Falcon Real Estate,False,2026-08-24,"Chalet for sale directly on the marina in Salt North Coast Village

Area 135m
(three bedrooms, one master bedroom + reception with sea view + large terrace )
Fully finished to an ultra-modern standard -
bahari with a stunning marina view -
Two-sided facade and prime locatio -

Installment plan: 10% down payment and the rest in installments up to 10 years interest-free
For details: View Contact Detail (call & WhatsApp)",en,Marina,,Matruh,North Coast,Ras Al Hekma,fully finished,ready,,primary,installments,1195276.0,0.0,10.0,,,,"Balcony or Terrace, Built in Kitchen Appliances, Pets Allowed, Lawn or Garden, Security Staff, Day Care Center, Electricity Backup, Waste Disposal, Jacuzzi, Kids Play Area, Sauna, Gym or Health Club, Swimming Pool, Intercom, Sea view, Centrally Air-Conditioned, Storage Areas, Landline, Barbeque Area, First Aid Medical Center, Cleaning Services, Laundry Room, Broadband Internet, Satellite/Cable TV, Cafeteria or Canteen, Laundry Facility, Shared Kitchen, 24 Hours Concierge, Lobby in Building, Double Glazed Windows, Business Center, Conference Room, Steam Room, Maintenance Staff, CCTV Security, شرفة أو تراس, أجهزة مطبخ مدمجة, مسموح بالحيوانات الاليفة, حديقة, أمن و حماية, مركز رعاية أطفال, نظام كهرباء احتياطي للطوارئ, مكبّ نفايات, جاكوزي, منطقة لعب للأطفال, ساونا, صالة رياضية أو نادي صحي, مسبح, اتصال داخلي, يطل على البحر, نظام تبريد مركزي, مناطق تخزين, خط أرضي, مكان مخصص للشواء, مركز للإسعافات الأولية, خدمات تنظيف, غرفة غسيل, انترنت واسع النطاق, كابل قنوات تلفزيونية, كافيتيريا, خدمة غسيل ملابس, مطبخ مشترك, حراسة 24 ساعة, ردهة إستقبال, نوافذ زجاجية مزدوجة, مركز أعمال, غرفة اجتماعات, غرفة بخار, خدمات صيانة, نظام كاميرات مراقبة, sea view, balcony",,,,,88538.97777777778,
503984882,https://www.bayut.eg/en/property/details-503984882.html,algolia,True,detail_html,sale,apartment,7559722.0,,EGP,3.0,3.0,176.0,"Egypt, Cairo, Sheraton, Stoda Residence",Falcon Real Estate,False,2026-08-24,"Apartment for sale in a prestigious compound in Heliopolis, one of IL Cazar's projects. 

Features a unique layout: 3 bedrooms (one master), 3 bathrooms, and a reception area with a garden view
Located on the sea with open views from two facades
Fully finished to an ultra-modern standard
Prime location

Installment plan available over 10 years

For details please call or WhatsApp View Contact Detail
---------------------------",en,,,Cairo,Sheraton,Stoda Residence,fully finished,ready,,primary,installments,,,10.0,,,,"Cafeteria or Canteen, Laundry Facility, Shared Kitchen, 24 Hours Concierge, Balcony or Terrace, Built in Kitchen Appliances, Lawn or Garden, Security Staff, Gym or Health Club, Swimming Pool, Centrally Air-Conditioned, Water Meter, Storage Areas, Landline, Electricity Backup, Waste Disposal, First Aid Medical Center, Barbeque Area, Lobby in Building, Double Glazed Windows, Day Care Center, Laundry Room, Broadband Internet, Satellite/Cable TV, Business Center, Conference Room, Intercom, Jacuzzi, Kids Play Area, Sauna, Steam Room, Maintenance Staff, CCTV Security, Cleaning Services, كافيتيريا, خدمة غسيل ملابس, مطبخ مشترك, حراسة 24 ساعة, شرفة أو تراس, أجهزة مطبخ مدمجة, حديقة, أمن و حماية, صالة رياضية أو نادي صحي, مسبح, نظام تبريد مركزي, عداد مياه, مناطق تخزين, خط أرضي, نظام كهرباء احتياطي للطوارئ, مكبّ نفايات, مركز للإسعافات الأولية, مكان مخصص للشواء, ردهة إستقبال, نوافذ زجاجية مزدوجة, مركز رعاية أطفال, غرفة غسيل, انترنت واسع النطاق, كابل قنوات تلفزيونية, مركز أعمال, غرفة اجتماعات, اتصال داخلي, جاكوزي, منطقة لعب للأطفال, ساونا, غرفة بخار, خدمات صيانة, نظام كاميرات مراقبة, خدمات تنظيف, garden",,,,,42952.96590909091,
503984875,https://www.bayut.eg/en/property/details-503984875.html,algolia,True,detail_html,sale,apartment,7777229.0,,EGP,2.0,2.0,117.0,"Egypt, Cairo, New Cairo, 1st Settlement, Taj City Compound",Falcon Real Estate,False,2026-08-24,"Apartment for sale with a stunning view in Taj City Compound on the Suez Road

Area 117m
(two large bedrooms, one of which is a master bedroom + 2 bathrooms + large reception area with a garden view)
Double view overlooking the lagoon and landscape
Prime location ,bahari and two street-facing facades

Installment plan available: 10% down payment and the rest payable over 12 years with no interest
Contact: View Contact Detail (Call & WhatsApp available)

---------------",en,تاج سيتي Taj City,,Cairo,New Cairo,1st Settlement,,ready,,primary,installments,,0.0,12.0,,,,"Shared Kitchen, 24 Hours Concierge, Cleaning Services, Balcony or Terrace, Swimming Pool, Central Heating, Built in Kitchen Appliances, Central A/C & heating, Intercom, Jacuzzi, Maids Room, Lawn or Garden, Security Staff, Gym or Health Club, Centrally Air-Conditioned, Water Meter, Business Center, Conference Room, Kids Play Area, Sauna, Steam Room, Maintenance Staff, CCTV Security, Cafeteria or Canteen, Laundry Facility, Natural Gas, Landline, Barbeque Area, Lobby in Building, Double Glazed Windows, Day Care Center, Electricity Backup, Waste Disposal, First Aid Medical Center, Laundry Room, Broadband Internet, Satellite/Cable TV, مطبخ مشترك, حراسة 24 ساعة, خدمات تنظيف, شرفة أو تراس, مسبح, تدفئة مركزية, أجهزة مطبخ مدمجة, تدفئة وتكييف مركزي, اتصال داخلي, جاكوزي, غرفة خدم, حديقة, أمن و حماية, صالة رياضية أو نادي صحي, نظام تبريد مركزي, عداد مياه, مركز أعمال, غرفة اجتماعات, منطقة لعب للأطفال, ساونا, غرفة بخار, خدمات صيانة, نظام كاميرات مراقبة, كافيتيريا, خدمة غسيل ملابس, غاز طبيعي, خط أرضي, مكان مخصص للشواء, ردهة إستقبال, نوافذ زجاجية مزدوجة, مركز رعاية أطفال, نظام كهرباء احتياطي للطوارئ, مكبّ نفايات, مركز للإسعافات الأولية, غرفة غسيل, انترنت واسع النطاق, كابل قنوات تلفزيونية, pool, garden",,,,,66472.04273504273,
503984713,https://www.bayut.eg/en/property/details-503984713.html,algolia,True,detail_html,sale,chalet,5820000.0,,EGP,1.0,1.0,65.0,"Egypt, Matruh, North Coast, Dose",Falcon Real Estate,False,2026-08-24,"With a stunning view (less than 80 meters from the sea), prime beachfront location in DOSE, Ras El Hekma. - Invest or live in a first-row beachfront chalet at a bargain price in one of the most prestigious locations on the North Coast. - Panoramic view, the best and most distinguished location in the resort, direct sea view. 

- Fully finished, High-End finish. 
- Serviced Apartment

65 square meters, one bedroom. 

- Direct sea view. - Special cash discount. (Call me to find out the discount percentage and price. )

For details and to view the chalet, call View Contact Detail or send me a WhatsApp message and you will receive a video showcasing the chalet + real photos of the resort.",en,Marassi,,Matruh,North Coast,Dose,fully finished,,,primary,cash,,,,,,,"Covered parking, Gym or Health Club, Swimming Pool, Sea view, First Aid Medical Center, Steam Room, CCTV Security, Business Center, Conference Room, Jacuzzi, Built in Kitchen Appliances, Shared Kitchen, 24 Hours Concierge, Kids Play Area, Sauna, Cafeteria or Canteen, Prayer Room, Laundry Room, Lawn or Garden, Security Staff, Barbeque Area, مواقف مغطاة للسيارات, صالة رياضية أو نادي صحي, مسبح, يطل على البحر, مركز للإسعافات الأولية, غرفة بخار, نظام كاميرات مراقبة, مركز أعمال, غرفة اجتماعات, جاكوزي, أجهزة مطبخ مدمجة, مطبخ مشترك, حراسة 24 ساعة, منطقة لعب للأطفال, ساونا, كافيتيريا, غرفة صلاة, غرفة غسيل, حديقة, أمن و حماية, مكان مخصص للشواء, sea view",,,,,89538.46153846153,
503984692,https://www.bayut.eg/en/property/details-503984692.html,algolia,True,detail_html,sale,apartment,10500000.0,,EGP,3.0,3.0,175.0,"Egypt, Giza, Sheikh Zayed, Village West Compound",Property Hills,False,2026-08-24,"Apartment for Sale – Immediate Delivery in Central El Sheikh Zayed

Unit Specifications:

Total Area: 175 sqm
Interior Layout: 3 Bedrooms + 3 Bathrooms + Nanny's Room with En-suite Bathroom + Spacious Reception + Kitchen
Delivery Status: Immediate delivery (Ready to move in)
Location Highlights:

Prime strategic position in the most vibrant and prestigious sector of El Sheikh Zayed. 
Quick access to main thoroughfares including the 26th of July Corridor and Dahshur Link. 
Minutes away from top commercial centers, international schools, and medical facilities. 
Compound Features & Amenities:

Smart interior planning designed to ensure privacy and optimal family comfort. 
Landscaped green spaces surrounding the residence. 
24/7 security service equipped with advanced CCTV surveillance systems. 
Private parking facilities and fully integrated essential utilities. 
Value Proposition:

Highly competitive price point combining immediate occupancy, a practical layout including a nanny's suite, and a central El Sheikh Zayed location.",en,,,Giza,Sheikh Zayed,Village West Compound,,ready,,primary,,,,,,,,"Storage Areas, Intercom, ATM Facility, Jacuzzi, Shared Kitchen, Covered parking, Maids Room, Pets Allowed, Security Staff, Centrally Air-Conditioned, Landline, Barbeque Area, Central Heating, Day Care Center, Electricity Backup, Waste Disposal, First Aid Medical Center, Service Elevators, Freehold, Broadband Internet, Kids Play Area, Sauna, Steam Room, CCTV Security, Cafeteria or Canteen, Study Room, 24 Hours Concierge, Built in Kitchen Appliances, Water Meter, Prayer Room, Satellite/Cable TV, Business Center, Conference Room, Reception/Waiting Room, Cleaning Services, Laundry Room, Balcony or Terrace, Central A/C & heating, Lawn or Garden, Gym or Health Club, Swimming Pool, Electricity Meter, Natural Gas, Lobby in Building, Double Glazed Windows, Furnished, Maintenance Staff, Laundry Facility, Facilities for Disabled, مناطق تخزين, اتصال داخلي, توفر أجهزة السحب الآلي, جاكوزي, مطبخ مشترك, مواقف مغطاة للسيارات, غرفة خدم, مسموح بالحيوانات الاليفة, أمن و حماية, نظام تبريد مركزي, خط أرضي, مكان مخصص للشواء, تدفئة مركزية, مركز رعاية أطفال, نظام كهرباء احتياطي للطوارئ, مكبّ نفايات, مركز للإسعافات الأولية, خدمات المصاعد, التملك الحر, انترنت واسع النطاق, منطقة لعب للأطفال, ساونا, غرفة بخار, نظام كاميرات مراقبة, كافيتيريا, غرفة دراسة, حراسة 24 ساعة, أجهزة مطبخ مدمجة, عداد مياه, غرفة صلاة, كابل قنوات تلفزيونية, مركز أعمال, غرفة اجتماعات, غرفة استقبال /انتظار, خدمات تنظيف, غرفة غسيل, شرفة أو تراس, تدفئة وتكييف مركزي, حديقة, صالة رياضية أو نادي صحي, مسبح, عداد كهرباء, غاز طبيعي, ردهة إستقبال, نوافذ زجاجية مزدوجة, مفروشة, خدمات صيانة, خدمة غسيل ملابس, تسهيلات لأصحاب الهمم, security, garage, garden",,,,,60000.0,
503984572,https://www.bayut.eg/en/property/details-503984572.html,algolia,True,detail_html,sale,villa,10000000.0,,EGP,5.0,4.0,502.0,"Egypt, Dakahlia, New Mansoura, Zahya",Sky prime,False,2026-08-24,"For a quick sale at the old price!!

A ready-to-move-in villa in Zahia Compound, New Mansoura, directly on the sea, available for viewing now. Developed by the Urban Communities Authority. 

For details or to schedule a viewing: View Contact Detail

Area: 502 sq m

Immediate delivery

Very distinctive layout

Compound with all facilities and services

Affiliated with the Ministry of Housing and Urban Development

Private beach

Private swimming pools

Price: 10 million EGP

Installments available with a 5% down payment and the remaining balance payable over 12 years

#Zahia

#NewMansoura",en,زاهية,,Dakahlia,New Mansoura,Zahya,,ready,,primary,installments,500000.0,5.0,12.0,,,,"Kids Play Area, Balcony or Terrace, Cafeteria or Canteen, Laundry Facility, Facilities for Disabled, 24 Hours Concierge, Cleaning Services, Lobby in Building, Built in Kitchen Appliances, Central A/C & heating, Covered parking, Central Heating, Day Care Center, Electricity Backup, Waste Disposal, Freehold, Prayer Room, Conference Room, Intercom, Jacuzzi, Sauna, CCTV Security, Maids Room, Lawn or Garden, Security Staff, Gym or Health Club, Swimming Pool, Electricity Meter, Centrally Air-Conditioned, Water Meter, Storage Areas, Natural Gas, Landline, Barbeque Area, Double Glazed Windows, Laundry Room, Broadband Internet, Satellite/Cable TV, Business Center, Steam Room, Maintenance Staff, منطقة لعب للأطفال, شرفة أو تراس, كافيتيريا, خدمة غسيل ملابس, تسهيلات لأصحاب الهمم, حراسة 24 ساعة, خدمات تنظيف, ردهة إستقبال, أجهزة مطبخ مدمجة, تدفئة وتكييف مركزي, مواقف مغطاة للسيارات, تدفئة مركزية, مركز رعاية أطفال, نظام كهرباء احتياطي للطوارئ, مكبّ نفايات, التملك الحر, غرفة صلاة, غرفة اجتماعات, اتصال داخلي, جاكوزي, ساونا, نظام كاميرات مراقبة, غرفة خدم, حديقة, أمن و حماية, صالة رياضية أو نادي صحي, مسبح, عداد كهرباء, نظام تبريد مركزي, عداد مياه, مناطق تخزين, غاز طبيعي, خط أرضي, مكان مخصص للشواء, نوافذ زجاجية مزدوجة, غرفة غسيل, انترنت واسع النطاق, كابل قنوات تلفزيونية, مركز أعمال, غرفة بخار, خدمات صيانة, pool",,,,,19920.3187250996,
503984450,https://www.bayut.eg/en/property/details-503984450.html,algolia,True,detail_html,sale,apartment,7000000.0,,EGP,3.0,3.0,98.0,"Egypt, Giza, Sheikh Zayed, Beverly Hills Compound",Property Hills Plus,False,2026-08-24,"Prime located Finished apartment with air conditioners ready to move in Allegria inside Beverly Hills by Sodic in the heart of Sheikh Zayed near Arkan Plaza and Al Rabwa

Unit area (198 SQM)
Consists of :
3 rooms, including a master room
nanny’s room
4 bathrooms
Reception 3 pieces

The most important services in Allegria :
Landscape
Water features
Sports club
Restaurants and cafes
swimming pools
international school
Underground parking lots

Sodic's most important constructions:
The Estates
Sodic East
June North Coast
Forty West
Vye
Karmell
Six west

To contact : View Contact Detail",en,Beverly Hills,SODIC,Giza,Sheikh Zayed,Beverly Hills Compound,super lux,ready,,primary,,,,,,,,"Balcony or Terrace, Laundry Room, CCTV Security, Central A/C & heating, Covered parking, Maids Room, Jacuzzi, Sauna, Maintenance Staff, Lawn or Garden, Security Staff, Gym or Health Club, Swimming Pool, Down Payment, شرفة أو تراس, غرفة غسيل, نظام كاميرات مراقبة, تدفئة وتكييف مركزي, مواقف مغطاة للسيارات, غرفة خدم, جاكوزي, ساونا, خدمات صيانة, حديقة, أمن و حماية, صالة رياضية أو نادي صحي, مسبح, المقدم, pool, garage, garden, gym",,,,,71428.57142857143,
503984227,https://www.bayut.eg/en/property/details-503984227.html,algolia,True,detail_html,sale,duplex,12200000.0,,EGP,3.0,3.0,156.0,"Egypt, Matruh, North Coast, Ras Al Hekma, Cali Coast",Egypt Best Properties (EBP),False,2026-08-24,"Own a Premium 3-Bedroom Chalet at Cali Coast – Ras El Hekma
Unit Details:
• Chalet
• 3 Bedrooms
• Area: 156 SQM
• Price: EGP 12,200,000
• 5% Down Payment & Installments Up to 6 Years
• Prime Location within the Project
Project Facilities:
• Private Beach
• Crystal Lagoons & Multiple Swimming Pools
• Clubhouse & Beach Club
• Fine Dining Restaurants & Cafés
• Retail & Commercial Areas
• Sports Facilities & Fitness Center
• Kids’ Play Areas
• Walking & Cycling Tracks
• Beautiful Landscaped Gardens
• 24/7 Security & Gated Community
Cali Coast – Ras El Hekma
Own a premium 3-bedroom chalet with 156 SQM, with a 5% down payment and installments over 6 years.",en,Cali Coast,,Matruh,North Coast,Ras Al Hekma,fully finished,,,primary,installments,610000.0,5.0,6.0,,,,"pool, security, garden, clubhouse, gym",,,,,78205.1282051282,
503984116,https://www.bayut.eg/en/property/details-503984116.html,algolia,True,detail_html,sale,chalet,8000000.0,,EGP,3.0,3.0,141.0,"Egypt, Suez, Ain Sukhna, La Vista 6",Falcon Real Estate,False,2026-08-24,"VIP Chalet with a breathtaking, unobstructed sea view

Fully finished to a high standard

140 square meters divided into 3 bedrooms with stunning views

Prime location in Ain Sokhna, next to Porto Cairo - just one hour from Cairo

For viewing and more details, contact us now via WhatsApp or phone at View Contact Detail",en,IL Monte Galala,La Vista Developments,Suez,Ain Sukhna,La Vista 6,super lux,,,primary,,,,,,,,"First Aid Medical Center, Gym or Health Club, Swimming Pool, Barbeque Area, Day Care Center, Sauna, Steam Room, Jacuzzi, Kids Play Area, Cafeteria or Canteen, مركز للإسعافات الأولية, صالة رياضية أو نادي صحي, مسبح, مكان مخصص للشواء, مركز رعاية أطفال, ساونا, غرفة بخار, جاكوزي, منطقة لعب للأطفال, كافيتيريا, garden, sea view",,,,,56737.58865248227,
503984111,https://www.bayut.eg/en/property/details-503984111.html,algolia,True,detail_html,sale,duplex,20952672.0,,EGP,4.0,4.0,290.0,"Egypt, Cairo, New Cairo, 5th Settlement, Villette Compound",Falcon Real Estate,False,2026-08-24,"Ground floor duplex with garden for sale in a prime location in Sodic Villette Compound, Fifth Settlement

Area 290 m + large garden
Double view overlooking landscape & lagoon
Two facades and a VIP location
Fully finished to ultra-modern standards

Contact: View Contact Detail (Call & WhatsApp)
----------------------------",en,Villette,SODIC,Cairo,New Cairo,5th Settlement,super lux,ready,,primary,,,,,,,,"Kids Play Area, Sauna, Balcony or Terrace, Built in Kitchen Appliances, Waste Disposal, First Aid Medical Center, Barbeque Area, Covered parking, Lawn or Garden, Security Staff, Gym or Health Club, Swimming Pool, Centrally Air-Conditioned, Water Meter, Storage Areas, Landline, Lobby in Building, Double Glazed Windows, Day Care Center, Electricity Backup, Laundry Room, Broadband Internet, Satellite/Cable TV, Business Center, Conference Room, Intercom, Jacuzzi, Steam Room, Maintenance Staff, CCTV Security, Cafeteria or Canteen, Laundry Facility, Shared Kitchen, 24 Hours Concierge, Cleaning Services, منطقة لعب للأطفال, ساونا, شرفة أو تراس, أجهزة مطبخ مدمجة, مكبّ نفايات, مركز للإسعافات الأولية, مكان مخصص للشواء, مواقف مغطاة للسيارات, حديقة, أمن و حماية, صالة رياضية أو نادي صحي, مسبح, نظام تبريد مركزي, عداد مياه, مناطق تخزين, خط أرضي, ردهة إستقبال, نوافذ زجاجية مزدوجة, مركز رعاية أطفال, نظام كهرباء احتياطي للطوارئ, غرفة غسيل, انترنت واسع النطاق, كابل قنوات تلفزيونية, مركز أعمال, غرفة اجتماعات, اتصال داخلي, جاكوزي, غرفة بخار, خدمات صيانة, نظام كاميرات مراقبة, كافيتيريا, خدمة غسيل ملابس, مطبخ مشترك, حراسة 24 ساعة, خدمات تنظيف, pool, garden",,,,,72250.59310344828,
503984110,https://www.bayut.eg/en/property/details-503984110.html,algolia,True,detail_html,sale,villa,12279235.0,,EGP,4.0,3.0,230.0,"Egypt, Matruh, North Coast, Alamein, Marina 8",Falcon Real Estate,False,2026-08-24,"Villa for sale in Marina 8 North Coast

Area 230m
(four bedrooms + reception with lagoon view + large terrace)
Breathtaking and unique lagoon view
3 minutes from the sea
Prime location

Payment plan: Down payment of 1,227,923 and the rest in installments up to 12 years
For details and viewing: View Contact Detail (call & WhatsApp)

---------------------",en,Marina 8,,Matruh,North Coast,Alamein,,ready,,primary,installments,1227923.0,,12.0,,,,"Barbeque Area, Balcony or Terrace, Built in Kitchen Appliances, Satellite/Cable TV, Business Center, Security Staff, Covered parking, Lawn or Garden, Gym or Health Club, Swimming Pool, Centrally Air-Conditioned, Storage Areas, Landline, Lobby in Building, Double Glazed Windows, Day Care Center, Electricity Backup, Laundry Room, Broadband Internet, Conference Room, Sauna, Steam Room, Maintenance Staff, CCTV Security, Cafeteria or Canteen, Laundry Facility, Shared Kitchen, 24 Hours Concierge, Cleaning Services, Waste Disposal, First Aid Medical Center, Intercom, Jacuzzi, Kids Play Area, مكان مخصص للشواء, شرفة أو تراس, أجهزة مطبخ مدمجة, كابل قنوات تلفزيونية, مركز أعمال, أمن و حماية, مواقف مغطاة للسيارات, حديقة, صالة رياضية أو نادي صحي, مسبح, نظام تبريد مركزي, مناطق تخزين, خط أرضي, ردهة إستقبال, نوافذ زجاجية مزدوجة, مركز رعاية أطفال, نظام كهرباء احتياطي للطوارئ, غرفة غسيل, انترنت واسع النطاق, غرفة اجتماعات, ساونا, غرفة بخار, خدمات صيانة, نظام كاميرات مراقبة, كافيتيريا, خدمة غسيل ملابس, مطبخ مشترك, حراسة 24 ساعة, خدمات تنظيف, مكبّ نفايات, مركز للإسعافات الأولية, اتصال داخلي, جاكوزي, منطقة لعب للأطفال, pool, balcony",,,,,53387.97826086957,
503984107,https://www.bayut.eg/en/property/details-503984107.html,algolia,True,detail_html,sale,duplex,9752962.0,,EGP,4.0,3.0,224.0,"Egypt, Cairo, New Cairo, 1st Settlement, Taj City Compound",Falcon Real Estate,False,2026-08-24,"Duplex for sale 224 meters private roof on a very special view landscape & greenery compound in Taj City Compound

With an area of 224 meters + 77 meters private roof
(4 large rooms, one of them is a master + 3 bathrooms + large reception garden view)
With a distinctive division
A fully serviced compound and more than 600 families live

Cash required 1,189,967 and the rest is in installments over 8 years without interest
for more details View Contact Detail Available call & WhatsApp
---------
The compound is in a distinctive location with two destinations

The first destination is in front of Cairo Airport on the Suez Road
The second destination is in front of Kempinski Hotel, JW Marriott and the Police Academy",en,,,Cairo,New Cairo,1st Settlement,,ready,,primary,both,,,8.0,,,,"Laundry Facility, Shared Kitchen, 24 Hours Concierge, Cleaning Services, Centrally Air-Conditioned, Water Meter, Storage Areas, Landline, Barbeque Area, Swimming Pool, Business Center, Conference Room, Intercom, Jacuzzi, Kids Play Area, Day Care Center, Electricity Backup, Waste Disposal, Balcony or Terrace, Built in Kitchen Appliances, Lawn or Garden, Security Staff, Gym or Health Club, Lobby in Building, Double Glazed Windows, First Aid Medical Center, Laundry Room, Broadband Internet, Satellite/Cable TV, Sauna, Steam Room, Maintenance Staff, CCTV Security, Cafeteria or Canteen, خدمة غسيل ملابس, مطبخ مشترك, حراسة 24 ساعة, خدمات تنظيف, نظام تبريد مركزي, عداد مياه, مناطق تخزين, خط أرضي, مكان مخصص للشواء, مسبح, مركز أعمال, غرفة اجتماعات, اتصال داخلي, جاكوزي, منطقة لعب للأطفال, مركز رعاية أطفال, نظام كهرباء احتياطي للطوارئ, مكبّ نفايات, شرفة أو تراس, أجهزة مطبخ مدمجة, حديقة, أمن و حماية, صالة رياضية أو نادي صحي, ردهة إستقبال, نوافذ زجاجية مزدوجة, مركز للإسعافات الأولية, غرفة غسيل, انترنت واسع النطاق, كابل قنوات تلفزيونية, ساونا, غرفة بخار, خدمات صيانة, نظام كاميرات مراقبة, كافيتيريا, garden",,,,,43540.00892857143,
503983934,https://www.bayut.eg/en/property/details-503983934.html,algolia,True,detail_html,sale,other,17100000.0,,EGP,0.0,0.0,76.0,"Egypt, Giza, Sheikh Zayed, THRU",Abrag Two,False,2026-08-24,"76 sqm shop for sale in Thru Mall, Sheikh Zayed City—located directly on the Dahshur Link Road

Situated at the entrance to New Sheikh Zayed City

Prime location

Delivery in two years

The shop features a prominent frontage, making it suitable for a maintenance center, automotive service facility (e. g. , Fit & Fix), or car showroom

Option to easily install a mezzanine or a vehicle lift

Ceiling height: 5.5 meters

Down payment: 1,700,000

Remaining balance: 15,400,000

Quarterly installments: 481,250

Total price: 17,100,000",en,,,Giza,Sheikh Zayed,THRU,,,,,installments,1710000.0,,,,quarterly,,elevator,,,,,225000.0,
503971586,https://www.bayut.eg/en/property/details-503971586.html,algolia,True,detail_html,sale,other,67500000.0,,EGP,0.0,0.0,250.0,"Egypt, Cairo, New Cairo, 5th Settlement, Podium Cairo Festival City Admin Buildings",Egypt Best Properties (EBP),False,2026-08-20,"Office for Sale in Cairo Festival City 5th Settlement New Cairo. 
Resale Under Market Price. 
Ready to Move. High End Fully Finished. 
250sqm. 
Prime Location. Podim 6
Contact us for Showing & More Units in CFC
Price 67.500. 000 Cash

At EBP, we are more than just a real estate agency. For nearly 20 years, we have provided excellent service to clients from all over the world and managed a portfolio of properties for a wide range of buyers, investors, international companies, and local organizations.",en,,,Cairo,New Cairo,5th Settlement,fully finished,ready,,resale,cash,,,,,,,"Covered parking, Security Staff, Electricity Meter, Centrally Air-Conditioned, Water Meter, Elevators in Building, Lobby in Building, Double Glazed Windows, Electricity Backup, Service Elevators, Business Center, Conference Room, Reception/Waiting Room, CCTV Security, مواقف مغطاة للسيارات, أمن و حماية, عداد كهرباء, نظام تبريد مركزي, عداد مياه, مصاعد, ردهة إستقبال, نوافذ زجاجية مزدوجة, نظام كهرباء احتياطي للطوارئ, خدمات المصاعد, مركز أعمال, غرفة اجتماعات, غرفة استقبال /انتظار, نظام كاميرات مراقبة",,,,,270000.0,
503971092,https://www.bayut.eg/en/property/details-503971092.html,algolia,True,detail_html,sale,other,86000000.0,,EGP,0.0,0.0,483.0,"Egypt, Cairo, New Cairo, 5th Settlement, One Ninety Compound",Egypt Best Properties (EBP),False,2026-08-20,"Office For Sale in One Ninety Mall Fifth Settlement New Cairo
Resale Under Market Price
483 sqm. 
Delivery 2027
Prime Location
Contact us for More Units in One Ninety
Down Payment 42.740. 000
Maintenance 4.479. 000
Total Price 86.000. 000

At EBP, we are more than just a real estate agency. For nearly 20 years, we have provided excellent service to clients from all over the world and managed a portfolio of properties for a wide range of buyers, investors, international companies, and local organizations.",en,,,Cairo,New Cairo,5th Settlement,,off-plan,2027,resale,installments,42740000.0,,4.0,,,,"Covered parking, Security Staff, Electricity Meter, Water Meter, Elevators in Building, Lobby in Building, Double Glazed Windows, Electricity Backup, Service Elevators, Business Center, Conference Room, ATM Facility, Reception/Waiting Room, CCTV Security, مواقف مغطاة للسيارات, أمن و حماية, عداد كهرباء, عداد مياه, مصاعد, ردهة إستقبال, نوافذ زجاجية مزدوجة, نظام كهرباء احتياطي للطوارئ, خدمات المصاعد, مركز أعمال, غرفة اجتماعات, توفر أجهزة السحب الآلي, غرفة استقبال /انتظار, نظام كاميرات مراقبة",,,,,178053.83022774328,
208730015,https://www.bayut.eg/en/property/details-208730015.html,algolia,True,detail_html,sale,apartment,7000000.0,,EGP,3.0,2.0,176.0,"Egypt, Cairo, New Cairo, 5th Settlement, Al Narges",,False,2026-08-19,"من المالك مباشرة بدون وسيط
للتواصل : View Contact Detail#View Contact Detail

شقة بالتجمع الخامس - منطقة النرجس 1
موقع مميز جدا
- دقيقه مشي لشارع التسعين الجنوبي
- دقيقتين مشي لمحطه المونوريل
- ٥ دقائق مشي لمنطقة الخدمات و كارفور

مواصفات الشقه:
شقة 176 متر + جراج
- ٣ غرف + ريسبشن + غرفه معيشه صغيره + ٢ حمام + مطبخ
- الدور الأول - ناصيه ( بانوراما )
- تشطيب سوبر لوكس ( جاهزه للسكن فورا )
- ٢ بلكونه
- عداد مياه منفصل
- عداد كهرباء
- الغاز داخل للمطبخ ( بدون عداد )
- هاتف أرضي
- أسانسير للعقار
- جراج تحت العقار
- أمن أمام مدخل العقار ٢٤ ساعه
- موقع مميز جدا ( أمام فندق توليب )
- غير مجروحه تماما
- بحري
- بالمطبخ
- أطقم الحمام ديوراڤيت و إيديال ستاندارد ( عالي الجوده )
- بدون أجهزه كهربائيه ( التكييف و السخان … إلخ )
- يوجد حارس خاص بالعقار",mixed,,,Cairo,New Cairo,5th Settlement,super lux,ready,,primary,,,,,,,,"Completion Year, سنة البناء, garage, elevator",1.0,,,,39772.72727272727,
503869801,https://www.bayut.eg/en/property/details-503869801.html,algolia,True,detail_html,sale,apartment,5300000.0,,EGP,3.0,2.0,155.0,"Egypt, Alexandria, Smoha",Remax Avalon,False,2026-08-01,"شقة للبيع 155 م سموحة ( كومباوند ايست تاورز ) - 5,300,000 ج - الوكيل / أحمد ماهر View Contact Detail
* 3 غرف 2 ريسيبشن 2 حمام
* منهم غرفة ماستر
* مرخصة
* تشطيب كامل
* فيو مفتوح
* مدخل فندقي
* دور منخفض
* 2 اسانسير
* كود : 041376
* تواصل واتس اب : https://wa. me/View Contact Detail
________________________________________",mixed,,,Alexandria,Smoha,Smoha,fully finished,ready,,resale,,,,,,,,elevator,,,,,34193.54838709677,
503826338,https://www.bayut.eg/en/property/details-503826338.html,algolia,True,detail_html,sale,apartment,5805000.0,,EGP,3.0,3.0,215.0,"Egypt, Cairo, New Cairo, 5th Settlement, Beit Al Watan",Gohara el Shiek Real Estate,False,2026-07-22,"Apartment for Sale in New Cairo – Fifth Settlement – Beit Al Watan –
District 8
Area: 215 sqm
Third Floor
3 Bedrooms
Master Bedroom with Private Bathroom & Dressing Room
3 Bathrooms
Located in a Fully Serviced and Ready-to-Live Area
Practical Layout and Spacious Living Areas
Ideal for Family Living or Investment
Prime Location Close to Major Services and Main Roads
Close to Al Ahly Club
Close to Clubs Street
Close to Bin Zayed Axis
Close to the New Administrative Capital
Close to the Monorail Station
Close to Al-Fattah Al-Aleem Mosque
A Great Opportunity for Luxury Living or Investment in One of the Best Locations in New Cairo",en,,,Cairo,New Cairo,5th Settlement,super lux,ready,,primary,installments,2902500.0,,,,,,"Completion Year, Parking Spaces, Total Floors, Balcony or Terrace, Elevators in Building, Down Payment, Service Elevators, Number of Bathrooms, Number of Bedrooms, سنة البناء, مواقف سيارات, عدد الطوابق, شرفة أو تراس, مصاعد, المقدم, خدمات المصاعد, عدد دورات المياه, عدد الغرف",3.0,,,,27000.0,
503345607,https://www.bayut.eg/en/property/details-503345607.html,algolia,True,detail_html,sale,townhouse,13400000.0,,EGP,4.0,4.0,176.0,"Egypt, Cairo, New Cairo, 5th Settlement, Azzar 2",4 C,False,2026-04-08,"Townhouse Villa for sale 4 bdr dp & installments in a prime location with open landscaped view in Azzar 2 Fifth Settlement New Cairo near Marasem Fifth Square


Azzar 2 Fifth Settlement

New Cairo

Townhouse Villa for Sale

ready to move

Prime Location

Open Landscape View

4 Bedrooms

4 Bathrooms

Reception

Nanny room with bathroom

Down Payment 11,200,000


__
Project Overview
Azzar 2 is a distinctive residential project developed by ReMark, located in the heart of the Fifth Settlement near 90 Street. The project features modern designs, wide green spaces, integrated services, and a strong location suitable for living and investment
__
Nearby Projects
Katameya Dunes
Mivida
Marasem Fifth Square
Palm Hills New Cairo",en,Palm Hills New Cairo,Palm Hills Developments,Cairo,New Cairo,5th Settlement,,ready,,resale,installments,11200000.0,,,,,,"Kids Play Area, Cafeteria or Canteen, Covered parking, Pets Allowed, Lawn or Garden, Day Care Center, منطقة لعب للأطفال, كافيتيريا, مواقف مغطاة للسيارات, مسموح بالحيوانات الاليفة, حديقة, مركز رعاية أطفال, garden",,,,,76136.36363636363,
502763166,https://www.bayut.eg/en/property/details-502763166.html,algolia,True,detail_html,sale,villa,14000000.0,,EGP,4.0,3.0,185.0,"Egypt, Cairo, New Cairo, 5th Settlement, Azzar Compound",Egy Property,False,2025-10-30,"CODE : VY-D-01675-00005

Villa with a prime view and a special price for sale in Azzar Compound, New Cairo

Bua: 185 sqm

4 bedrooms
3 bathrooms

Prime location
Available for installments over the longest period

Greenery View
Special price for a limited time

You can also offer your unit with us!
Contact us for more details!

CODE : VY-D-01675-00005

EgyProperty connects you with Egypt's most sought-after residential and investment opportunities. Explore premium developments including Mivida, Uptown Cairo, Marassi, Hyde Park, Hacienda Bay, Palm Hills, and more, with expert guidance, verified listings, transparent advice, and a seamless property-buying experience from your first inquiry to handover.",en,Hacienda Bay,Palm Hills Developments,Cairo,New Cairo,5th Settlement,super lux,ready,,resale,installments,,,,,,,"CCTV Security, Maintenance Staff, Pets Allowed, Business Center, Natural Gas, Lobby in Building, Built in Kitchen Appliances, Water Meter, Landline, Balcony or Terrace, Covered parking, Lawn or Garden, Security Staff, Cleaning Services, Electricity Meter, نظام كاميرات مراقبة, خدمات صيانة, مسموح بالحيوانات الاليفة, مركز أعمال, غاز طبيعي, ردهة إستقبال, أجهزة مطبخ مدمجة, عداد مياه, خط أرضي, شرفة أو تراس, مواقف مغطاة للسيارات, حديقة, أمن و حماية, خدمات تنظيف, عداد كهرباء, garden",,,,,75675.67567567568,
321886869,https://www.bayut.eg/تفاصيل-503989083/العقار.html,algolia,False,,sale,apartment,11400000.0,,EGP,3.0,2.0,190.0,"Egypt, Cairo, New Cairo, 5th Settlement, Beit Al Watan",أكاديا العقارية,False,2026-08-24,,,,,Cairo,New Cairo,5th Settlement,,ready,,resale,,,,,,,,"24 Hours Concierge, Maintenance Staff, Security Staff, Waste Disposal, CCTV Security, Cleaning Services, حراسة 24 ساعة, خدمات صيانة, أمن و حماية, مكبّ نفايات, نظام كاميرات مراقبة, خدمات تنظيف, garden",,120.0,,,60000.0,
321884787,https://www.bayut.eg/تفاصيل-503988089/العقار.html,algolia,False,,sale,apartment,8000000.0,,EGP,3.0,3.0,152.0,"Egypt, Cairo, New Cairo, 5th Settlement, Galleria Moon Valley Compound",Better Estate,False,2026-08-24,,,Galleria Moon Valley,,Cairo,New Cairo,5th Settlement,,ready,,resale,cash,,,,,,,garage,,,,,52631.57894736842,
503987438,https://www.bayut.eg/en/property/details-503987438.html,algolia,True,detail_html,sale,villa,20000000.0,,EGP,4.0,3.0,200.0,"Egypt, Cairo, New Cairo, 5th Settlement, Hyde Park New Cairo Compound",Falcon Real Estate,False,2026-08-24,"Own Your Villa with a 25% Discount in One of the Most Prestigious Projects in New Cairo – Hyde Park New Cairo
Villa Area: 200 sqm + Private Garden
3 Floors: Ground Floor with Garden + First Floor + Roof
Exceptional Layout: 4 Bedrooms + 4 Bathrooms + Reception with a Breathtaking View
Prime Location in the Heart of Golden Square with an Exceptional View
For Viewings and More Details: View Contact Detail + WhatsApp",en,Palm Hills,Mountain View (DMG),Cairo,New Cairo,5th Settlement,,ready,,primary,,,,,,,,"Balcony or Terrace, Built in Kitchen Appliances, Lawn or Garden, Security Staff, Gym or Health Club, Swimming Pool, Barbeque Area, Day Care Center, First Aid Medical Center, Jacuzzi, Sauna, CCTV Security, شرفة أو تراس, أجهزة مطبخ مدمجة, حديقة, أمن و حماية, صالة رياضية أو نادي صحي, مسبح, مكان مخصص للشواء, مركز رعاية أطفال, مركز للإسعافات الأولية, جاكوزي, ساونا, نظام كاميرات مراقبة, garden",,3.0,,,100000.0,
503985277,https://www.bayut.eg/en/property/details-503985277.html,algolia,True,detail_html,sale,villa,19000000.0,,EGP,5.0,5.0,265.0,"Egypt, Matruh, North Coast, Alamein, Marina 5",Falcon Real Estate,False,2026-08-24,"Your dream villa, first row on the sand – directly facing the sea. 

100% breathtaking sea view from every direction with a private beach. 

Fully furnished for immediate occupancy (ultra-super-lux finishing + furniture + appliances + kitchen + air conditioning). 

Area: 265 square meters + 80 square meter garden. 

Smart layout with open sea view. 

You'll see the sea from every angle, whether from the reception or bedrooms. You'll feel like the sea is right in front of you every moment. 

For details and a video, contact us now: View Contact Detail (WhatsApp/Phone).",en,Marassi,,Matruh,North Coast,Alamein,furnished,ready,,primary,,,,,,,,"First Aid Medical Center, Jacuzzi, Kids Play Area, Sauna, Cafeteria or Canteen, Electricity Meter, Built in Kitchen Appliances, Covered parking, Pets Allowed, Lawn or Garden, Gym or Health Club, Swimming Pool, Sea view, Water Meter, Natural Gas, Landline, Barbeque Area, Day Care Center, Facilities for Disabled, مركز للإسعافات الأولية, جاكوزي, منطقة لعب للأطفال, ساونا, كافيتيريا, عداد كهرباء, أجهزة مطبخ مدمجة, مواقف مغطاة للسيارات, مسموح بالحيوانات الاليفة, حديقة, صالة رياضية أو نادي صحي, مسبح, يطل على البحر, عداد مياه, غاز طبيعي, خط أرضي, مكان مخصص للشواء, مركز رعاية أطفال, تسهيلات لأصحاب الهمم, garden, sea view",,,,,71698.11320754717,
321856439,https://www.bayut.eg/تفاصيل-208669341/العقار.html,algolia,False,,sale,chalet,20000000.0,,EGP,2.0,2.0,122.0,"Egypt, Matruh, North Coast, South Med",,False,2026-08-21,,,,,Matruh,North Coast,South Med,,ready,,resale,installments,,,,,monthly,,"Completion Year, Balcony or Terrace, Built in Kitchen Appliances, Security Staff, Swimming Pool, For vacation, سنة البناء, شرفة أو تراس, أجهزة مطبخ مدمجة, أمن و حماية, مسبح, للعطلة, balcony",,,,,163934.4262295082,
321491700,https://www.bayut.eg/تفاصيل-503831858/العقار.html,algolia,False,,sale,apartment,2996000.0,,EGP,1.0,2.0,94.0,"Egypt, Matruh, North Coast, Alamein, Latin District",Sales spot Real Estate,False,2026-07-23,,,,,Matruh,North Coast,Alamein,super lux,ready,,primary,both,,,,,,,"Balcony or Terrace, Lawn or Garden, Security Staff, Gym or Health Club, Waste Disposal, First Aid Medical Center, Freehold, Maintenance Staff, CCTV Security, Facilities for Disabled, Cleaning Services, شرفة أو تراس, حديقة, أمن و حماية, صالة رياضية أو نادي صحي, مكبّ نفايات, مركز للإسعافات الأولية, التملك الحر, خدمات صيانة, نظام كاميرات مراقبة, تسهيلات لأصحاب الهمم, خدمات تنظيف",,,,,31872.340425531915,
503988437,https://www.bayut.eg/en/property/details-503988437.html,algolia,True,detail_html,sale,apartment,7150000.0,,EGP,3.0,2.0,119.0,"Egypt, Cairo, New Cairo, Rehab City",Home approach,False,2026-08-24,"119 sqm apartment for sale in Rehab City, Phase 7, located on the first floor with full northern exposure and an open view overlooking landscaped areas. 
The apartment features:
3 Bedrooms3 BathroomsSpacious 2-piece receptionGood finishingNatural gasLow annual maintenance feesPrime location close to the Eastern Market, restaurants, banks, Martyr Pilot Hisham Mosque, the club, and Gate 21.",en,Al Rehab,,Cairo,New Cairo,Rehab City,,ready,,resale,,,,,,,,garden,,,,,60084.033613445376,
321883937,https://www.bayut.eg/تفاصيل-503987180/العقار.html,algolia,False,,sale,apartment,13872270.0,,EGP,3.0,3.0,178.0,"Egypt, Cairo, Madinaty",AL Essamy Group,False,2026-08-24,,,Madinaty,,Cairo,Madinaty,,,ready,,resale,installments,7333000.0,,,,,,"Centrally Air-Conditioned, Water Meter, Storage Areas, Natural Gas, Electricity Backup, Waste Disposal, First Aid Medical Center, Business Center, Conference Room, Intercom, Kids Play Area, Maintenance Staff, CCTV Security, Cafeteria or Canteen, Laundry Facility, Shared Kitchen, 24 Hours Concierge, Cleaning Services, Balcony or Terrace, Built in Kitchen Appliances, Central A/C & heating, Covered parking, Pets Allowed, Lawn or Garden, Security Staff, Gym or Health Club, Electricity Meter, Service Elevators, Freehold, Furnished, Laundry Room, Broadband Internet, Satellite/Cable TV, Landline, Barbeque Area, Double Glazed Windows, Central Heating, Day Care Center, نظام تبريد مركزي, عداد مياه, مناطق تخزين, غاز طبيعي, نظام كهرباء احتياطي للطوارئ, مكبّ نفايات, مركز للإسعافات الأولية, مركز أعمال, غرفة اجتماعات, اتصال داخلي, منطقة لعب للأطفال, خدمات صيانة, نظام كاميرات مراقبة, كافيتيريا, خدمة غسيل ملابس, مطبخ مشترك, حراسة 24 ساعة, خدمات تنظيف, شرفة أو تراس, أجهزة مطبخ مدمجة, تدفئة وتكييف مركزي, مواقف مغطاة للسيارات, مسموح بالحيوانات الاليفة, حديقة, أمن و حماية, صالة رياضية أو نادي صحي, عداد كهرباء, خدمات المصاعد, التملك الحر, مفروشة, غرفة غسيل, انترنت واسع النطاق, كابل قنوات تلفزيونية, خط أرضي, مكان مخصص للشواء, نوافذ زجاجية مزدوجة, تدفئة مركزية, مركز رعاية أطفال, garden, balcony",,,,,77934.10112359551,
321881869,https://www.bayut.eg/تفاصيل-503985813/العقار.html,algolia,False,,sale,duplex,10550000.0,,EGP,3.0,3.0,280.0,"Egypt, Cairo, New Cairo, 5th Settlement, Mountain View iCity Compound",Egypt Best Properties (EBP),False,2026-08-24,,,Mountain View iCity,Mountain View (DMG),Cairo,New Cairo,5th Settlement,semi-finished,ready,,primary,installments,8750000.0,,,,,,"Kids Play Area, Sauna, Steam Room, CCTV Security, 24 Hours Concierge, Balcony or Terrace, Built in Kitchen Appliances, Covered parking, Lawn or Garden, Security Staff, Gym or Health Club, Swimming Pool, Electricity Meter, Barbeque Area, Day Care Center, Jacuzzi, Cafeteria or Canteen, Laundry Facility, Shared Kitchen, First Aid Medical Center, Laundry Room, Business Center, Conference Room, منطقة لعب للأطفال, ساونا, غرفة بخار, نظام كاميرات مراقبة, حراسة 24 ساعة, شرفة أو تراس, أجهزة مطبخ مدمجة, مواقف مغطاة للسيارات, حديقة, أمن و حماية, صالة رياضية أو نادي صحي, مسبح, عداد كهرباء, مكان مخصص للشواء, مركز رعاية أطفال, جاكوزي, كافيتيريا, خدمة غسيل ملابس, مطبخ مشترك, مركز للإسعافات الأولية, غرفة غسيل, مركز أعمال, غرفة اجتماعات",,,,,37678.57142857143,
321886760,https://www.bayut.eg/تفاصيل-503985251/العقار.html,algolia,False,,sale,chalet,6400000.0,,EGP,1.0,1.0,100.0,"Egypt, Matruh, North Coast, Alamein, Mazarine",Falcon Real Estate,False,2026-08-24,,,Marassi,,Matruh,North Coast,Alamein,,ready,,primary,installments,,,,,,,"Balcony or Terrace, Covered parking, Maids Room, Pets Allowed, Security Staff, Gym or Health Club, CCTV Security, Sea view, شرفة أو تراس, مواقف مغطاة للسيارات, غرفة خدم, مسموح بالحيوانات الاليفة, أمن و حماية, صالة رياضية أو نادي صحي, نظام كاميرات مراقبة, يطل على البحر, pool, sea view",,,,,64000.0,
503077506,https://www.bayut.eg/en/property/details-503077506.html,algolia,True,detail_html,sale,other,6800000.0,,EGP,0.0,0.0,42.0,"Egypt, Cairo, New Cairo, 5th Settlement",VRE Developments,False,2026-01-24,"Shop for sale in New Cairo's Fifth Settlement, in the largest commercial, administrative, and medical mall in the area. The shop is 42 square meters, located on the plaza, directly in front of the escalators, and includes a parking space. Suitable for any business activity. 

Location:

Second building from North 90th Street, one minute from the Public Prosecutor's Office, in the Golden Square area, opposite Dar Al Qarnafel 5 & 7. 

About the project:

- Commercial, administrative, and medical mall

- Built on an area of 2700 square meters

- Consists of: Ground floor + 3 floors

- Ground and first floors: Retail shops

- Second floor: Medical clinics

- Third floor: Administrative offices

Mall services:

- Security and guarding
- Panoramic elevators
- Regular elevators
- Escalators
- Private parking
- Restaurants and cafes
- Kids' area
- Gym
- Maintenance and cleaning services

Payment plans:

No down payment and installments up to 5 years

Only a 10% down payment and installments up to 6 years with no interest

Down payment starting from only 15%, installments up to 7 years with no interest",en,,,Cairo,New Cairo,5th Settlement,,,,,installments,680000.0,0.0,6.0,,,,"First Aid Medical Center, Total Floors, Business Center, Kids Play Area, Elevators in Building, Cafeteria or Canteen, Shared Kitchen, Service Elevators, Double Glazed Windows, Intercom, Built in Kitchen Appliances, Balcony or Terrace, Day Care Center, Lobby in Building, Waste Disposal, Freehold, Reception/Waiting Room, Maintenance Staff, CCTV Security, Covered parking, Laundry Facility, Facilities for Disabled, Parking Spaces, 24 Hours Concierge, Cleaning Services, Maids Room, Pets Allowed, Security Staff, Gym or Health Club, Electricity Meter, Down Payment, Barbeque Area, Electricity Backup, Prayer Room, Laundry Room, Broadband Internet, Satellite/Cable TV, Conference Room, ATM Facility, مركز للإسعافات الأولية, عدد الطوابق, مركز أعمال, منطقة لعب للأطفال, مصاعد, كافيتيريا, مطبخ مشترك, خدمات المصاعد, نوافذ زجاجية مزدوجة, اتصال داخلي, أجهزة مطبخ مدمجة, شرفة أو تراس, مركز رعاية أطفال, ردهة إستقبال, مكبّ نفايات, التملك الحر, غرفة استقبال /انتظار, خدمات صيانة, نظام كاميرات مراقبة, مواقف مغطاة للسيارات, خدمة غسيل ملابس, تسهيلات لأصحاب الهمم, مواقف سيارات, حراسة 24 ساعة, خدمات تنظيف, غرفة خدم, مسموح بالحيوانات الاليفة, أمن و حماية, صالة رياضية أو نادي صحي, عداد كهرباء, المقدم, مكان مخصص للشواء, نظام كهرباء احتياطي للطوارئ, غرفة صلاة, غرفة غسيل, انترنت واسع النطاق, كابل قنوات تلفزيونية, غرفة اجتماعات, توفر أجهزة السحب الآلي, security, garage, elevator, gym",,,,,161904.7619047619,
502465566,https://www.bayut.eg/en/property/details-502465566.html,algolia,True,detail_html,sale,penthouse,9050000.0,,EGP,3.0,2.0,125.0,"Egypt, Matruh, North Coast, Ras Al Hekma, Mountain View Ras Al Hekma",Gate Real Estate,False,2025-08-25,"Hot Deal for Sale – Resale

Unit Type: Penthouse Chalet – Corner
Project: Mountain View North Coast
Phase: Evia

BUA: 125 sqm + Roof 72 sqm
Layout: 3 Bedrooms – 2 Bathrooms
Floor: Second

Finishing: Fully Finished – Super Lux


Down Payment: 5,800,000 EGP
Maintenance Deposit",en,Mountain View Ras El Hikma,Mountain View (DMG),Matruh,North Coast,Ras Al Hekma,super lux,,,resale,installments,5600000.0,,,,,,"Natural Gas, Balcony or Terrace, Security Staff, Electricity Meter, Water Meter, CCTV Security, غاز طبيعي, شرفة أو تراس, أمن و حماية, عداد كهرباء, عداد مياه, نظام كاميرات مراقبة, pool",,,72.0,,72400.0,
321883752,https://www.bayut.eg/تفاصيل-503986912/العقار.html,algolia,False,,sale,villa,10500000.0,,EGP,3.0,4.0,160.0,"Egypt, Cairo, New Cairo, 1st Settlement, Taj City Compound",Falcon Real Estate,False,2026-08-24,,,,,Cairo,New Cairo,1st Settlement,furnished,ready,,primary,cash,,,,,,,"Lawn or Garden, Gym or Health Club, Swimming Pool, Barbeque Area, Day Care Center, First Aid Medical Center, Jacuzzi, Sauna, Cafeteria or Canteen, حديقة, صالة رياضية أو نادي صحي, مسبح, مكان مخصص للشواء, مركز رعاية أطفال, مركز للإسعافات الأولية, جاكوزي, ساونا, كافيتيريا, garden",,,,,65625.0,
321883727,https://www.bayut.eg/تفاصيل-503986898/العقار.html,algolia,False,,sale,villa,19000000.0,,EGP,5.0,5.0,265.0,"Egypt, Matruh, North Coast, Alamein, Marina 5",Falcon Real Estate,False,2026-08-24,,,Marina,,Matruh,North Coast,Alamein,furnished,ready,,primary,,,,,,,,"Built in Kitchen Appliances, Covered parking, Natural Gas, Landline, Barbeque Area, Day Care Center, Sauna, Cafeteria or Canteen, Facilities for Disabled, Pets Allowed, Lawn or Garden, Gym or Health Club, Swimming Pool, Electricity Meter, Sea view, Water Meter, First Aid Medical Center, Jacuzzi, Kids Play Area, أجهزة مطبخ مدمجة, مواقف مغطاة للسيارات, غاز طبيعي, خط أرضي, مكان مخصص للشواء, مركز رعاية أطفال, ساونا, كافيتيريا, تسهيلات لأصحاب الهمم, مسموح بالحيوانات الاليفة, حديقة, صالة رياضية أو نادي صحي, مسبح, عداد كهرباء, يطل على البحر, عداد مياه, مركز للإسعافات الأولية, جاكوزي, منطقة لعب للأطفال, garden, sea view",,,,,71698.11320754717,
503985937,https://www.bayut.eg/en/property/details-503985937.html,algolia,True,detail_html,sale,apartment,3685000.0,,EGP,3.0,2.0,134.0,"Egypt, Cairo, New Cairo, 5th Settlement, Beit Al Watan",بيتي للمقاولات,False,2026-08-24,"The latest project by Beity Real Estate Development
- A prime location for both residence and investment
- Situated in the prestigious ""North House"" district of Beit Al-Watan
- Located along key main arteries:
- Suez Road
- North 90th Street
- Minutes away from Madinaty and Al Rehab City
- Minutes away from Al Ahly Club
- 20 minutes to the New Administrative Capital
- 10 minutes to Cairo Airport
- North-facing frontage overlooking a large park
- Unit sizes: 169 m² (typical floors) / 134–143 m² (ground floor)
- Flexible payment plans over 48 months
- Down payment starting from 25%
- Includes a share in the land, garage space, and a storage unit
- No commissions; deal directly with the developer",en,Madinaty,,Cairo,New Cairo,5th Settlement,,,,primary,installments,921250.0,25.0,,,,,"Freehold, Pets Allowed, Lawn or Garden, Electricity Meter, Water Meter, Storage Areas, Elevators in Building, Completion Year, Balcony or Terrace, Covered parking, Number of Bathrooms, Number of Bedrooms, Distance From Airport (kms), Parking Spaces, Total Floors, التملك الحر, مسموح بالحيوانات الاليفة, حديقة, عداد كهرباء, عداد مياه, مناطق تخزين, مصاعد, سنة البناء, شرفة أو تراس, مواقف مغطاة للسيارات, عدد دورات المياه, عدد الغرف, المسافة من المطار (كم), مواقف سيارات, عدد الطوابق, garage, garden",,,,,27500.0,
503985368,https://www.bayut.eg/en/property/details-503985368.html,algolia,True,detail_html,sale,chalet,8000000.0,,EGP,2.0,2.0,89.0,"Egypt, Matruh, North Coast, Dose",URZ Property,False,2026-08-24,"Double-view chalet in a prime location | Beautiful sandy beach with crystal-clear water |
A private corner chalet in North Coast with high privacy, open views, fully finished and equipped with ACs. 
Details:
Area: 89 sqm + garden
Layout: 2 bedrooms + 2 bathrooms
Location: First row
Finishing: Fully finished + ACs
Payment Plan:
Down payment: EGP 990,000
Installments: Up to 9 years
Limited-time discount available
Call for discount details: View Contact Detail + WhatsApp
Seize the opportunity and reserve your unit now before the premium units at Kali Coast sell out.",en,,,Matruh,North Coast,Dose,fully finished,,,primary,installments,990000.0,,9.0,,,,"pool, garden",,,,,89887.6404494382,
503985203,https://www.bayut.eg/en/property/details-503985203.html,algolia,True,detail_html,sale,villa,8200000.0,,EGP,4.0,5.0,212.0,"Egypt, Cairo, Mostakbal City, Sarai",Falcon Real Estate,False,2026-08-24,"Luxury villa in a prime location, spacious and offering complete privacy with a 54% discount

Breathtaking views of the landscape and artificial lakes. 

212 square meters. 
Smart layout with 4 bedrooms and 4 bathrooms. 

Cash price: 8,200,000
Or installments: 28,000 + payments (price varies). 

To visit the compound, contact us now via WhatsApp or phone at View Contact Detail.",en,Sarai,,Cairo,Mostakbal City,Sarai,super lux,,,primary,both,850000.0,54.0,,28000.0,,54.0,"Covered parking, Pets Allowed, Swimming Pool, Electricity Meter, Water Meter, Natural Gas, First Aid Medical Center, Jacuzzi, Facilities for Disabled, Gym or Health Club, Landline, Barbeque Area, Day Care Center, Lawn or Garden, Kids Play Area, Sauna, Steam Room, Cafeteria or Canteen, مواقف مغطاة للسيارات, مسموح بالحيوانات الاليفة, مسبح, عداد كهرباء, عداد مياه, غاز طبيعي, مركز للإسعافات الأولية, جاكوزي, تسهيلات لأصحاب الهمم, صالة رياضية أو نادي صحي, خط أرضي, مكان مخصص للشواء, مركز رعاية أطفال, حديقة, منطقة لعب للأطفال, ساونا, غرفة بخار, كافيتيريا, garden",,,,,38679.24528301887,
321484535,https://www.bayut.eg/تفاصيل-503826186/العقار.html,algolia,False,,sale,apartment,3600000.0,,EGP,3.0,3.0,206.0,"Egypt, Giza, 6th of October",Gohara el Shiek Real Estate,False,2026-07-22,,,,,Giza,6th of October,,semi-finished,ready,,primary,installments,1440000.0,,,,,,"CCTV Security, Number of Bedrooms, Security Staff, Completion Year, Balcony or Terrace, Electricity Meter, Elevators in Building, Covered parking, Number of Bathrooms, نظام كاميرات مراقبة, عدد الغرف, أمن و حماية, سنة البناء, شرفة أو تراس, عداد كهرباء, مصاعد, مواقف مغطاة للسيارات, عدد دورات المياه, garage, elevator",,,,,17475.728155339806,
321884785,https://www.bayut.eg/تفاصيل-503988040/العقار.html,algolia,False,,sale,apartment,7531110.0,,EGP,2.0,2.0,115.0,"Egypt, Giza, Sheikh Zayed, Jazal",Amlak investment,False,2026-08-24,,,,,Giza,Sheikh Zayed,Jazal,,ready,,primary,installments,753111.0,,,,,,"Balcony or Terrace, Security Staff, Number of Bathrooms, Number of Bedrooms, شرفة أو تراس, أمن و حماية, عدد دورات المياه, عدد الغرف, garage",,,,,65487.913043478264,
321884534,https://www.bayut.eg/تفاصيل-503987833/العقار.html,algolia,False,,sale,apartment,18500000.0,,EGP,3.0,3.0,187.0,"Egypt, Cairo, New Cairo, 5th Settlement, Eastown Compound",Aqarpedia For Resale,False,2026-08-24,,,Eastown,SODIC,Cairo,New Cairo,5th Settlement,super lux,ready,,resale,,,,,,,,"Balcony or Terrace, Built in Kitchen Appliances, Covered parking, Laundry Room, شرفة أو تراس, أجهزة مطبخ مدمجة, مواقف مغطاة للسيارات, غرفة غسيل, garage, central ac",,,,,98930.48128342246,
321884032,https://www.bayut.eg/تفاصيل-503987296/العقار.html,algolia,False,,sale,apartment,15000000.0,,EGP,2.0,2.0,140.0,"Egypt, Cairo, New Cairo, 5th Settlement, Mountain View iCity Compound",Egypt Best Properties (EBP),False,2026-08-24,,,Mountain View iCity,Mountain View (DMG),Cairo,New Cairo,5th Settlement,,ready,,primary,installments,750000.0,,8.0,,,,"Kids Play Area, Balcony or Terrace, Built in Kitchen Appliances, Laundry Facility, Shared Kitchen, Barbeque Area, Day Care Center, First Aid Medical Center, Laundry Room, Jacuzzi, Cafeteria or Canteen, Covered parking, Lawn or Garden, Gym or Health Club, Swimming Pool, Electricity Meter, منطقة لعب للأطفال, شرفة أو تراس, أجهزة مطبخ مدمجة, خدمة غسيل ملابس, مطبخ مشترك, مكان مخصص للشواء, مركز رعاية أطفال, مركز للإسعافات الأولية, غرفة غسيل, جاكوزي, كافيتيريا, مواقف مغطاة للسيارات, حديقة, صالة رياضية أو نادي صحي, مسبح, عداد كهرباء, pool, garden, balcony",,,,,107142.85714285714,
503985050,https://www.bayut.eg/en/property/details-503985050.html,algolia,True,detail_html,sale,chalet,12650000.0,,EGP,2.0,2.0,114.0,"Egypt, Matruh, North Coast, Ras Al Hekma, Hacienda West",Abrag Two,False,2026-08-24,"Chalet Resale At Koun North Coast

Bua : 114m
Second Floor
Ultra Super Lux
Very Prime Location View Pool

Reception
2 Bedrooms
2 Bathrooms
Terrace
Air Conditioners

Down Payment : 8,500,000
Installments : 4,150,000 Till 6/2031

Total Price : 12,650,000

Delivery 12/2026",en,هاسيندا ويست,,Matruh,North Coast,Ras Al Hekma,super lux,ready,2026,resale,installments,8500000.0,,,,,,"Cleaning Services, Number of Bathrooms, Number of Bedrooms, Maintenance Staff, Completion Year, Balcony or Terrace, Pets Allowed, Security Staff, Swimming Pool, Centrally Air-Conditioned, Down Payment, خدمات تنظيف, عدد دورات المياه, عدد الغرف, خدمات صيانة, سنة البناء, شرفة أو تراس, مسموح بالحيوانات الاليفة, أمن و حماية, مسبح, نظام تبريد مركزي, المقدم, pool, balcony",,,,,110964.91228070176,
503313937,https://www.bayut.eg/en/property/details-503313937.html,algolia,True,detail_html,sale,apartment,37500000.0,,EGP,3.0,3.0,230.0,"Egypt, Cairo, New Cairo, 5th Settlement, Mivida Compound",Egy Property,False,2026-04-02,"CODE: RG-22607

Apartment For Sale in Mivida - New Cairo

For More Details Call Us Now!

3 Bedrooms

3 Bathrooms

BUA: 230 SQM

Fully Finished

Delivery Date: Ready To Move


For More Details Call Us Now!
You Can Also Offer Your Unit With Us. 

CODE: RG-22607

EgyProperty:
Your #1 choice for stress-free s acquisition. Our experienced agents provide updated market information for informed decisions and higher returns of investments. Buy, rent, or invest with ease.",en,Mivida,,Cairo,New Cairo,5th Settlement,super lux,ready,,resale,,,,,,,,"Balcony or Terrace, 24 Hours Concierge, Number of Bathrooms, Lawn or Garden, Security Staff, Number of Bedrooms, Maintenance Staff, CCTV Security, شرفة أو تراس, حراسة 24 ساعة, عدد دورات المياه, حديقة, أمن و حماية, عدد الغرف, خدمات صيانة, نظام كاميرات مراقبة",,,,,163043.47826086957,
503985892,https://www.bayut.eg/en/property/details-503985892.html,algolia,True,detail_html,sale,apartment,7900000.0,,EGP,2.0,2.0,120.0,"Egypt, Giza, Sheikh Zayed, ONe33",Abrag Three,False,2026-08-24,"For sale at a bargain price and with the longest payment plan: a two-bedroom apartment in One 33 Arkan Palm Compound by Badr El Din Real Estate Development (one of the largest developers in the Egyptian real estate market). 

The apartment is 120 square meters and offered at the best price by a leading developer in West Cairo. 

The project is located steps away from the main Dahshur Link, at the Boulevard entrance, opposite the Zayed 3 entrance, next to the UNESCO building. 

The area boasts several upscale residential communities such as October Plaza Sodic, Mountain View iCity October, and Grand Heights Compound, in addition to many other distinguished projects. 

Badr El Din Real Estate Development is one of the most important real estate developers in the Egyptian market, having developed and operated numerous successful projects, most notably Arkan Plaza Mall and Arkan 205 project in the heart of Sheikh Zayed.",en,Mountain View iCity,Mountain View (DMG),Giza,Sheikh Zayed,ONe33,,,,primary,installments,395000.0,5.0,9.0,,,,"Cleaning Services, Security Staff, Electricity Meter, Landline, Barbeque Area, Balcony or Terrace, Covered parking, Lawn or Garden, Lobby in Building, Waste Disposal, Broadband Internet, Satellite/Cable TV, Intercom, Kids Play Area, Maintenance Staff, CCTV Security, Cafeteria or Canteen, 24 Hours Concierge, Business Center, خدمات تنظيف, أمن و حماية, عداد كهرباء, خط أرضي, مكان مخصص للشواء, شرفة أو تراس, مواقف مغطاة للسيارات, حديقة, ردهة إستقبال, مكبّ نفايات, انترنت واسع النطاق, كابل قنوات تلفزيونية, اتصال داخلي, منطقة لعب للأطفال, خدمات صيانة, نظام كاميرات مراقبة, كافيتيريا, حراسة 24 ساعة, مركز أعمال",,,,,65833.33333333333,
503985442,https://www.bayut.eg/en/property/details-503985442.html,algolia,True,detail_html,sale,apartment,5000000.0,,EGP,3.0,3.0,160.0,"Egypt, Giza, 6th of October, Dreamland Compound",Property Hills,False,2026-08-24,"Apartment with immediate delivery for sale in Dream Land - 6 October

A prime location within Dream Land directly on the Wahat Road, near Mall of Egypt, 26th of July Axis, and the Ring Road, with easy access to Sheikh Zayed and the most important areas of West Cairo. 

Apartment size: 160 square meters
Practical division and spacious areas
Quiet view of green spaces
Immediate delivery

Project features:
24/7 security and guarding
Wide green spaces
Sports and social club
Integrated garages and services
Restaurants and cafés
Schools and medical services
Integrated residential community with high privacy
Dream Land is one of the largest and most famous residential compounds in 6 October, distinguished by its tranquility and the services available within the project. 


For contact: View Contact Detail",en,Dreamland,,Giza,6th of October,Dreamland Compound,,ready,,primary,,,,,,,,"Jacuzzi, Kids Play Area, Sauna, Water Meter, Landline, Covered parking, Lawn or Garden, Gym or Health Club, Swimming Pool, First Aid Medical Center, Steam Room, Cafeteria or Canteen, Electricity Meter, Barbeque Area, Day Care Center, 24 Hours Concierge, جاكوزي, منطقة لعب للأطفال, ساونا, عداد مياه, خط أرضي, مواقف مغطاة للسيارات, حديقة, صالة رياضية أو نادي صحي, مسبح, مركز للإسعافات الأولية, غرفة بخار, كافيتيريا, عداد كهرباء, مكان مخصص للشواء, مركز رعاية أطفال, حراسة 24 ساعة, security, garage, gym",,,,,31250.0,
503814813,https://www.bayut.eg/en/property/details-503814813.html,algolia,True,detail_html,sale,other,34439727.0,,EGP,0.0,0.0,1291.0,"Egypt, Cairo, New Cairo, 5th Settlement, Nexus Industrial Parks",Al maher developments,False,2026-07-20,"Area:1291 sqm
Delivery in 24 months
Ready-to-operate
Available activities (food, engineering, furniture, warehousing, textiles and clothing)
Price: 34,439,727 million
Down payment: 8,103,465 million
Nexus Industrial Park
Concept: The first fully integrated industrial park in New Cairo, Third Settlement Industrial Zone. 
Area: Spanning 14 Acres. 
Unit Sizes: Areas starting from 450 sqm. 
Location Accessibility:
5 minutes from the American University in Cairo (AUC). 
2 minutes from the Ain Sokhna Road. 
20 minutes from the New Administrative Capital (NAC). 
Capacity: Includes 85 industrial units and warehouses. 
Amenities: Features an Administrative and Commercial Mall on the project's facade",en,,,Cairo,New Cairo,5th Settlement,,ready,,,installments,8103465.0,,,,,,"Covered parking, Electricity Meter, Storage Areas, Water Meter, Business Center, Natural Gas, Maintenance Staff, Waste Disposal, Service Elevators, ATM Facility, CCTV Security, Cleaning Services, Security Staff, Electricity Backup, Facilities for Disabled, مواقف مغطاة للسيارات, عداد كهرباء, مناطق تخزين, عداد مياه, مركز أعمال, غاز طبيعي, خدمات صيانة, مكبّ نفايات, خدمات المصاعد, توفر أجهزة السحب الآلي, نظام كاميرات مراقبة, خدمات تنظيف, أمن و حماية, نظام كهرباء احتياطي للطوارئ, تسهيلات لأصحاب الهمم",,,,,26676.783113865222,
321884721,https://www.bayut.eg/تفاصيل-503988023/العقار.html,algolia,False,,sale,apartment,8500000.0,,EGP,2.0,2.0,156.0,"Egypt, Cairo, New Cairo, 5th Settlement, Village Gate Compound",LandMax,False,2026-08-24,,,فيلليدج جيت,,Cairo,New Cairo,5th Settlement,super lux,ready,,resale,,,,,,,,"Landline, Kids Play Area, Lawn or Garden, Security Staff, Gym or Health Club, Swimming Pool, Electricity Meter, Centrally Air-Conditioned, Water Meter, Storage Areas, Natural Gas, Barbeque Area, Jacuzzi, Cleaning Services, Reception/Waiting Room, Sauna, Steam Room, Maintenance Staff, CCTV Security, Cafeteria or Canteen, Laundry Facility, Shared Kitchen, Facilities for Disabled, Study Room, 24 Hours Concierge, Lobby in Building, Double Glazed Windows, Central Heating, Day Care Center, Electricity Backup, Waste Disposal, First Aid Medical Center, Service Elevators, Freehold, Prayer Room, Laundry Room, Broadband Internet, Satellite/Cable TV, Business Center, Conference Room, Intercom, ATM Facility, Balcony or Terrace, Built in Kitchen Appliances, Central A/C & heating, Covered parking, Maids Room, Pets Allowed, خط أرضي, منطقة لعب للأطفال, حديقة, أمن و حماية, صالة رياضية أو نادي صحي, مسبح, عداد كهرباء, نظام تبريد مركزي, عداد مياه, مناطق تخزين, غاز طبيعي, مكان مخصص للشواء, جاكوزي, خدمات تنظيف, غرفة استقبال /انتظار, ساونا, غرفة بخار, خدمات صيانة, نظام كاميرات مراقبة, كافيتيريا, خدمة غسيل ملابس, مطبخ مشترك, تسهيلات لأصحاب الهمم, غرفة دراسة, حراسة 24 ساعة, ردهة إستقبال, نوافذ زجاجية مزدوجة, تدفئة مركزية, مركز رعاية أطفال, نظام كهرباء احتياطي للطوارئ, مكبّ نفايات, مركز للإسعافات الأولية, خدمات المصاعد, التملك الحر, غرفة صلاة, غرفة غسيل, انترنت واسع النطاق, كابل قنوات تلفزيونية, مركز أعمال, غرفة اجتماعات, اتصال داخلي, توفر أجهزة السحب الآلي, شرفة أو تراس, أجهزة مطبخ مدمجة, تدفئة وتكييف مركزي, مواقف مغطاة للسيارات, غرفة خدم, مسموح بالحيوانات الاليفة",,,,,54487.179487179485,
321884413,https://www.bayut.eg/تفاصيل-503987043/العقار.html,algolia,False,,sale,chalet,18158000.0,,EGP,2.0,2.0,115.0,"Egypt, Matruh, North Coast, Sidi Abdel Rahman, Playa",Property Hills One 1,False,2026-08-24,,,,,Matruh,North Coast,Sidi Abdel Rahman,furnished,ready,,primary,installments,1816000.0,,,,,,"pool, garage, sea view",,,,,157895.65217391305,
503985747,https://www.bayut.eg/en/property/details-503985747.html,algolia,True,detail_html,sale,chalet,9880000.0,,EGP,3.0,2.0,114.0,"Egypt, Matruh, North Coast, Ras Al Hekma, Cali Coast",URZ Property,False,2026-08-24,"114 sqm Chalet | Delivery Within One Year | Special Discount or Up to 8 Years Installments
Own a 90 sqm chalet at Cali Coast – Ras El Hekma, one of the North Coast's most prestigious destinations, with delivery within one year. 
Enjoy luxury fully finished specifications, making it the perfect choice for both a summer home and a high-return investment. Plus, your unit is available with a flexible installment plan. 
Property Details:
Type: ChaletArea: 114 Layout: 3 Bedrooms + 3 Bathrooms + ReceptionFinishing: Fully FinishedPayment Plan:
Down Payment: EGP 1,000,000Or installments up to 8 years with equal payments For details & reservations: View Contact Detail
WhatsApp Available
Model photos are available upon request.",en,Cali Coast,,Matruh,North Coast,Ras Al Hekma,super lux,ready,,primary,installments,1500000.0,,8.0,,,,,,,,,86666.66666666667,
503600599,https://www.bayut.eg/en/property/details-503600599.html,algolia,True,detail_html,sale,townhouse,16500000.0,,EGP,4.0,5.0,330.0,"Egypt, Cairo, Shorouk City, El Shorouk Springs",New Avenue,False,2026-06-07,"Town house Corner for sale Semi Finished at Sherouk Springs by Hassan Allam prime location Ready to move

Built up area 330m + Land 489m + Garden 350m

4 bedrooms + 5 bathrooms + Nanny’s room + Laundry room

Total Price : 16,500,000 M

Landscaped green areas & parks
Walking & jogging tracks
Cycling paths
Clubhouse & social spaces
Swimming pools
Kids’ play areas
Sports courts
Retail & convenience areas
24/7 security & gated community
Water features & scenic lagoons style landscapes

MA/HA",en,,Hassan Allam Properties,Cairo,Shorouk City,El Shorouk Springs,semi-finished,ready,,resale,,,,,,,,"Built in Kitchen Appliances, Central A/C & heating, Maintenance Staff, Lawn or Garden, أجهزة مطبخ مدمجة, تدفئة وتكييف مركزي, خدمات صيانة, حديقة, pool, security, garden, clubhouse",,350.0,,,50000.0,
321884385,https://www.bayut.eg/تفاصيل-503986975/العقار.html,algolia,False,,sale,chalet,18158000.0,,EGP,2.0,2.0,115.0,"Egypt, Matruh, North Coast, Zoya Ghazala Bay",Property Hills One 1,False,2026-08-24,,,,,Matruh,North Coast,Zoya Ghazala Bay,furnished,ready,,primary,installments,1816000.0,,,,,,"pool, sea view",,,,,157895.65217391305,
503985520,https://www.bayut.eg/en/property/details-503985520.html,algolia,True,detail_html,sale,apartment,2900000.0,,EGP,3.0,2.0,125.0,"Egypt, Alexandria, Sidi Beshr",Remax Avalon,False,2026-08-24,"Apartment for sale | Sidi Bishr - Khaled Ibn Al-Waleed Main Street
3 rooms | 2 receptions | 2 bathrooms
Area: 125 m²

• Fully equipped with utilities
• Open view

Total price: 2,900,000 EGP

Unit code: 041380
License number: View Contact Detail
For details and viewing: Real estate agent / Ahmed Abdel Aal View Contact Detail
WhatsApp: https://wa. me/2View Contact Detail",en,,,Alexandria,Sidi Beshr,Sidi Beshr,,ready,,resale,,,,,,,,"Balcony or Terrace, شرفة أو تراس",,,,,23200.0,
321887193,https://www.bayut.eg/تفاصيل-503989336/العقار.html,algolia,False,,rent,other,250000.0,monthly,EGP,0.0,0.0,450.0,"Egypt, Cairo, Maadi",City Group,False,2026-08-24,,,,,Cairo,Maadi,,furnished,ready,,,installments,,,,,,,"Balcony or Terrace, Security Staff, Natural Gas, Lobby in Building, Service Elevators, Broadband Internet, Conference Room, Intercom, Maintenance Staff, 24 Hours Concierge, Cleaning Services, Electricity Meter, Water Meter, Landline, Elevators in Building, Electricity Backup, Waste Disposal, Furnished, CCTV Security, شرفة أو تراس, أمن و حماية, غاز طبيعي, ردهة إستقبال, خدمات المصاعد, انترنت واسع النطاق, غرفة اجتماعات, اتصال داخلي, خدمات صيانة, حراسة 24 ساعة, خدمات تنظيف, عداد كهرباء, عداد مياه, خط أرضي, مصاعد, نظام كهرباء احتياطي للطوارئ, مكبّ نفايات, مفروشة, نظام كاميرات مراقبة, elevator",,,,,555.5555555555555,
321887006,https://www.bayut.eg/تفاصيل-503989183/العقار.html,algolia,False,,rent,apartment,25000.0,monthly,EGP,3.0,3.0,220.0,"Egypt, Cairo, New Cairo, 5th Settlement, El Lotus",Lutsen For Brokerage And Commercial,False,2026-08-24,,,,,Cairo,New Cairo,5th Settlement,,ready,,,,,,,,monthly,,"Built in Kitchen Appliances, أجهزة مطبخ مدمجة, elevator",,,,,113.63636363636364,
321887014,https://www.bayut.eg/تفاصيل-208802693/العقار.html,algolia,False,,rent,other,25000.0,yearly,EGP,2.0,1.0,80.0,"Egypt, Giza, Sheikh Zayed, 9th District",,False,2026-08-24,,,,,Giza,Sheikh Zayed,9th District,furnished,ready,,,,,,,,monthly,,"Completion Year, Balcony or Terrace, Built in Kitchen Appliances, Central A/C & heating, Covered parking, Security Staff, Electricity Meter, Water Meter, Landline, Down Payment, سنة البناء, شرفة أو تراس, أجهزة مطبخ مدمجة, تدفئة وتكييف مركزي, مواقف مغطاة للسيارات, أمن و حماية, عداد كهرباء, عداد مياه, خط أرضي, المقدم",,,,,312.5,
321886922,https://www.bayut.eg/تفاصيل-503989129/العقار.html,algolia,False,,rent,apartment,31000.0,monthly,EGP,3.0,3.0,180.0,"Egypt, Cairo, New Cairo, Rehab City",سماح عبد الحليم محمد,False,2026-08-24,,,Al Rehab,,Cairo,New Cairo,Rehab City,,ready,,resale,,,,,,monthly,,"Balcony or Terrace, CCTV Security, Covered parking, Natural Gas, 24 Hours Concierge, Security Staff, Electricity Meter, Water Meter, شرفة أو تراس, نظام كاميرات مراقبة, مواقف مغطاة للسيارات, غاز طبيعي, حراسة 24 ساعة, أمن و حماية, عداد كهرباء, عداد مياه, elevator",,,,,172.22222222222223,
321886682,https://www.bayut.eg/تفاصيل-503988948/العقار.html,algolia,False,,rent,apartment,10000.0,monthly,EGP,2.0,1.0,90.0,"Egypt, Alexandria, Zizinia",Maskoon,False,2026-08-24,,,,,Alexandria,Zizinia,,furnished,ready,,,installments,,,,,monthly,,elevator,,,,,111.11111111111111,
321886603,https://www.bayut.eg/تفاصيل-503988891/العقار.html,algolia,False,,rent,apartment,18000.0,monthly,EGP,3.0,2.0,107.0,"Egypt, Cairo, New Cairo, Rehab City",Allam,False,2026-08-24,,,Al Rehab,,Cairo,New Cairo,Rehab City,,ready,,,,,,,,monthly,,"elevator, garden",,,,,168.22429906542055,
321886529,https://www.bayut.eg/تفاصيل-503988840/العقار.html,algolia,False,,rent,apartment,60000.0,monthly,EGP,3.0,3.0,155.0,"Egypt, Cairo, New Cairo, Rehab City",Black Horse,False,2026-08-24,,,Al Rehab,,Cairo,New Cairo,Rehab City,furnished,ready,,,,,,,,monthly,,"Lawn or Garden, Swimming Pool, Business Center, Kids Play Area, CCTV Security, Cleaning Services, Security Staff, Landline, Furnished, Distance From Airport (kms), Waste Disposal, Nearby Public Transport, Satellite/Cable TV, Gym or Health Club, Day Care Center, First Aid Medical Center, Broadband Internet, Intercom, Maintenance Staff, Cafeteria or Canteen, حديقة, مسبح, مركز أعمال, منطقة لعب للأطفال, نظام كاميرات مراقبة, خدمات تنظيف, أمن و حماية, خط أرضي, مفروشة, المسافة من المطار (كم), مكبّ نفايات, مواصلات نقل عامة قريبة, كابل قنوات تلفزيونية, صالة رياضية أو نادي صحي, مركز رعاية أطفال, مركز للإسعافات الأولية, انترنت واسع النطاق, اتصال داخلي, خدمات صيانة, كافيتيريا",,,,,387.0967741935484,
321886484,https://www.bayut.eg/تفاصيل-503988798/العقار.html,algolia,False,,rent,villa,80000.0,monthly,EGP,5.0,4.0,600.0,"Egypt, Giza, 6th of October, Green 4 Compound",siag golden home,False,2026-08-24,,,Palm Hills,Palm Hills Developments,Giza,6th of October,Green 4 Compound,super lux,ready,,,,,,,,,,garden,,,,,133.33333333333334,
503988452,https://www.bayut.eg/en/property/details-503988452.html,algolia,True,detail_html,rent,other,13000.0,monthly,EGP,0.0,0.0,60.0,"Egypt, Cairo, Nasr City, Makram Ebeid St.",Echo Real,False,2026-08-24,"For administrative rent: Fully furnished, air-conditioned office space. 

Private rooms for companies and headquarters, designed to make each company appear unique to its clients. 

Main entrance on a main street. 

Administrative lease contracts suitable for obtaining company documents or transferring the commercial registration address. 

The rooms are divided as follows:

First: CEO (Chairman of the Board), including a dedicated meeting room. 

Second: Managers, including a manager's office and reception area. 

Third: Employees, including separate offices or workstations. 

We offer the following:
[Privacy, 24-hour security cameras, super-fast VDSL internet, and no company signage, thus presenting your company in a better light to your clients. ]

Key handover The gate, main door, and your room key allow for open hours from 9 AM to 12 AM. 

. . . . . . . . . . . . . . . . . . . . . . . . . . . . . . . . . . . . . . . . . . . . . . . . . . . . . . . 
All rooms are air-conditioned and equipped according to each company's requirements (furniture can be changed). 

. . . . . . . . . . . . . . . . . . . . . . . . . . . . . . . . . . . . . . . . . . . . . . . . . . . . . . . 
Annual administrative contracts suitable for establishment or address change. 

. . . . . . . . . . . . . . . . . . . . . . . . . . . . . . . . . . . . . . . . . . . . . . . . . . . . . . . 
Electronic tax invoice to document expenses [4% VAT added]. 

. . . . . . . . . . . . . . . . . . . . . . . . . . . . . . . . . . . . . . . . . . . . . . . . . . . . . . . 
. . . . . . . . . . . . . . . . . . . . . . . . . . . . . . . . . . . . . . . . . . . . . . . . . . . . . . . 

[Monthly price includes]
Services (receptionist, cleaning, and catering staff). 
Consumption (air conditioning, internet, maintenance, electricity, and disinfectants). 

. . . . . . . . . . . . . . . . . . . . . . . . . . . . . . . . . . . . . . . . . . . . . . . . . . . . 
. . . . . . . . . . . . . . . . . . . . . . . . . . . . . . . . . . . . . . . . . . . . . . . . . . . . . . . 

Requirements for contract: One month's rent in advance and two months' security deposit. 
If paying quarterly, one month's security deposit. 
>>>>>>>>>>>>>>>>>>>>>>>>>",en,نصر,,Cairo,Nasr City,Makram Ebeid St.,furnished,ready,,,,,,,,monthly,,"CCTV Security, Cafeteria or Canteen, Shared Kitchen, 24 Hours Concierge, Cleaning Services, Lawn or Garden, Security Staff, Waste Disposal, Business Center, Conference Room, Number of Bedrooms, Maintenance Staff, نظام كاميرات مراقبة, كافيتيريا, مطبخ مشترك, حراسة 24 ساعة, خدمات تنظيف, حديقة, أمن و حماية, مكبّ نفايات, مركز أعمال, غرفة اجتماعات, عدد الغرف, خدمات صيانة, security",,,,,216.66666666666666,
321886535,https://www.bayut.eg/تفاصيل-503987522/العقار.html,algolia,False,,rent,apartment,45000.0,monthly,EGP,2.0,2.0,128.0,"Egypt, Cairo, New Cairo, 5th Settlement, EL Patio ORO Compound",Egypt Best Properties (EBP),False,2026-08-24,,,الباتيو اورو,,Cairo,New Cairo,5th Settlement,furnished,ready,,,,,,,,monthly,,"Built in Kitchen Appliances, Swimming Pool, CCTV Security, Balcony or Terrace, Security Staff, Electricity Meter, Water Meter, View, Barbeque Area, Centrally Air-Conditioned, Elevators in Building, Furnished, أجهزة مطبخ مدمجة, مسبح, نظام كاميرات مراقبة, شرفة أو تراس, أمن و حماية, عداد كهرباء, عداد مياه, مطل, مكان مخصص للشواء, نظام تبريد مركزي, مصاعد, مفروشة",,,,,351.5625,
321886537,https://www.bayut.eg/تفاصيل-503987230/العقار.html,algolia,False,,rent,apartment,85000.0,monthly,EGP,2.0,2.0,125.0,"Egypt, Cairo, New Cairo, 5th Settlement, Lake view Residence Compound",Egypt Best Properties (EBP),False,2026-08-24,,,Lake View,,Cairo,New Cairo,5th Settlement,furnished,ready,,,,,,,,monthly,,"Completion Year, Swimming Pool, Water Meter, Furnished, Built in Kitchen Appliances, Security Staff, Barbeque Area, Other Main Features, Centrally Air-Conditioned, CCTV Security, Electricity Meter, سنة البناء, مسبح, عداد مياه, مفروشة, أجهزة مطبخ مدمجة, أمن و حماية, مكان مخصص للشواء, ميزات رئيسية أخرى, نظام تبريد مركزي, نظام كاميرات مراقبة, عداد كهرباء, garden",,90.0,,,680.0,
321886543,https://www.bayut.eg/تفاصيل-503986603/العقار.html,algolia,False,,rent,apartment,60000.0,monthly,EGP,3.0,3.0,185.0,"Egypt, Cairo, New Cairo, 5th Settlement, 90 Avenue Compound",Egypt Best Properties (EBP),False,2026-08-24,,,90 افينيو,,Cairo,New Cairo,5th Settlement,furnished,ready,,,,,,,,monthly,,"Completion Year, Balcony or Terrace, Swimming Pool, Water Meter, Security Staff, Electricity Meter, Centrally Air-Conditioned, Elevators in Building, View, Barbeque Area, CCTV Security, سنة البناء, شرفة أو تراس, مسبح, عداد مياه, أمن و حماية, عداد كهرباء, نظام تبريد مركزي, مصاعد, مطل, مكان مخصص للشواء, نظام كاميرات مراقبة, pool",,,,,324.3243243243243,
503986006,https://www.bayut.eg/en/property/details-503986006.html,algolia,True,detail_html,rent,villa,200000.0,monthly,EGP,5.0,6.0,460.0,"Egypt, Giza, 6th of October, Palm hills golf extension Compound",REV,False,2026-08-24,"Standalone Villa in Compound Golf Extension, Palm Hills, 6th Of October City
First Use
In a Prime Location with Landscape View
Land area: 600m
Built area: 460m
5 Bedrooms, 6 bathrooms, nanny room with bathroom, driver room with bathroom
Include ( Kitchen Cabinets – ACs – Shutters )
Rent price: 200,000 EGP ( Rent for long term – 1 year at least )

About Palm Hills Golf Extension:
---------------------------------------------

Established to provide Palm Hills Developments customers with a natural extension of the Golf Views, the Golf Extension Hotel is in a good location, allowing its customers to enjoy access to PHO [Palm Hills October] brother facilities. Comfort and enjoyment are meant to be the hallmark of an extended golf course, which contains over one million square meters of land and 966 houses. 

Location:
---------------

- Located directly on The Main Axis Road. 
- 3mns away from Hyper One. 
- 3mins away from Palm Hills. 
- 5mins away from Compound Al Khamayel. 
- 7mins away from Mall Of Arabia. 

Facilities:
-------------

- Social Club. 
- Sports Club. 
- Commercial Area. 
- Health Center. 
- Security 24 hours. 
- Maintenance.",en,Palm Hills,Palm Hills Developments,Giza,6th of October,Palm hills golf extension Compound,,ready,,,,,,,,,,"Central A/C & heating, Covered parking, Maids Room, Lawn or Garden, Security Staff, Electricity Meter, Water Meter, Land Area, Balcony or Terrace, View, Other Rooms, Number of Bathrooms, Number of Bedrooms, Reception/Waiting Room, تدفئة وتكييف مركزي, مواقف مغطاة للسيارات, غرفة خدم, حديقة, أمن و حماية, عداد كهرباء, عداد مياه, مساحة الأرض, شرفة أو تراس, مطل, غرف أخرى, عدد دورات المياه, عدد الغرف, غرفة استقبال /انتظار, security, garden, gym",,,,,434.7826086956522,
503985849,https://www.bayut.eg/en/property/details-503985849.html,algolia,True,detail_html,rent,apartment,35000.0,monthly,EGP,2.0,1.0,99.0,"Egypt, Cairo, New Cairo, Rehab City",Start Homes 2,False,2026-08-24,"For those who appreciate elegance and modern furnishings, a furnished apartment is available for rent

In Phase 7

A very prime location

Near:

Martyr Pilot Hisham Hosny Mosque

The Eastern Market

East Court

Area: 99 square meters

Fifth floor with elevator

2 bedrooms + 1 bathroom

Near Gate 20/22 for easy access to and from the city

Price: 35,000

____________

==================

Agent directly from the owner

For more information and inquiries

Hapipa Atalla

View Contact Detail

Or via WhatsApp directly

https://wa. me/View Contact Detail

Start Homes Real Estate Marketing Company in Rehab City and Madinaty. Sales Executive. Start Homes Company. Agent directly from the owner. 

Gateway Mall, Office No. AF6, First Floor, Rehab City New Cairo",en,Madinaty,,Cairo,New Cairo,Rehab City,furnished,ready,,resale,,,,,,,,"24 Hours Concierge, Balcony or Terrace, Covered parking, Security Staff, Electricity Meter, Water Meter, Natural Gas, CCTV Security, Parking Spaces, حراسة 24 ساعة, شرفة أو تراس, مواقف مغطاة للسيارات, أمن و حماية, عداد كهرباء, عداد مياه, غاز طبيعي, نظام كاميرات مراقبة, مواقف سيارات, elevator",,,,,353.5353535353535,
503985357,https://www.bayut.eg/en/property/details-503985357.html,algolia,True,detail_html,rent,penthouse,175000.0,monthly,EGP,4.0,4.0,226.0,"Egypt, Cairo, New Cairo, 5th Settlement, Lake view Residence Compound",Egypt Best Properties (EBP),False,2026-08-24,"4 bedrooms 1 master
4 bathrooms
Semi furnished 226 m
Penthouse at lake view residence
Open view
Rent 3500$ or 175k
------------------------------
Lake View Residence is a huge mixed-use development in New Cairo by El Lake View Development Company. The project is your one-stop shop to live, work, and shop under one roof. 

This all-inclusive project enjoys a wide range of unique selling points, including its central location in Fifth Settlement, its top-tier facilities, and its high-end services all which work together in harmony to offer the residents the best living, shopping, working, and playing experience. 


#Engy",en,Lake View,,Cairo,New Cairo,5th Settlement,furnished,ready,,,,,,,,,,"Sauna, Steam Room, First Aid Medical Center, Laundry Room, Jacuzzi, Built in Kitchen Appliances, Covered parking, Lawn or Garden, Gym or Health Club, Swimming Pool, Electricity Meter, Barbeque Area, Day Care Center, Kids Play Area, Cafeteria or Canteen, Laundry Facility, Shared Kitchen, Balcony or Terrace, ساونا, غرفة بخار, مركز للإسعافات الأولية, غرفة غسيل, جاكوزي, أجهزة مطبخ مدمجة, مواقف مغطاة للسيارات, حديقة, صالة رياضية أو نادي صحي, مسبح, عداد كهرباء, مكان مخصص للشواء, مركز رعاية أطفال, منطقة لعب للأطفال, كافيتيريا, خدمة غسيل ملابس, مطبخ مشترك, شرفة أو تراس, pool",,,,,774.3362831858407,
503985312,https://www.bayut.eg/en/property/details-503985312.html,algolia,True,detail_html,rent,other,230000.0,monthly,EGP,0.0,0.0,500.0,"Egypt, Cairo, Zahraa Al Maadi, 10th Sector",المصرية العقارية,False,2026-08-24,"Administrative headquarters for rent – area 500 meters
Zahraa Al-Maadi

Very distinguished location in front of Carrefour
Distinguished administrative building
Duplex. Ground and first
10 rooms
5 bathrooms
Reception 4 pieces
Large kitchen
Fully air-conditioned + sound system +
First use – modern and elegant finishing
Strategic location suitable for companies and administrative activities
For contact: View Contact Detail
WhatsApp:
https://wa. me/2View Contact Detail",en,,,Cairo,Zahraa Al Maadi,10th Sector,,ready,,,installments,,,,,,,"Landline, Double Glazed Windows, Broadband Internet, Satellite/Cable TV, Balcony or Terrace, Covered parking, Security Staff, Electricity Meter, Centrally Air-Conditioned, Electricity Backup, Intercom, Maintenance Staff, CCTV Security, Parking Spaces, خط أرضي, نوافذ زجاجية مزدوجة, انترنت واسع النطاق, كابل قنوات تلفزيونية, شرفة أو تراس, مواقف مغطاة للسيارات, أمن و حماية, عداد كهرباء, نظام تبريد مركزي, نظام كهرباء احتياطي للطوارئ, اتصال داخلي, خدمات صيانة, نظام كاميرات مراقبة, مواقف سيارات",,,,,460.0,
503984308,https://www.bayut.eg/en/property/details-503984308.html,algolia,True,detail_html,rent,apartment,4000.0,,EGP,3.0,2.0,160.0,"Egypt, Alexandria, Smoha, Al Farik Mohamed Fawzy St.",khaled,False,2026-08-24,"High-end fully furnished apartment for rent in a prime Smouha location. Features brand-new furniture and high-standard finishes in a modern building. 
• Layout: Spacious 3-piece reception, 3 bedrooms, 2 bathrooms, and a fully equipped kitchen. 
• Features: Fully air-conditioned with brand-new furniture and appliances. 
• Amenities: Modern building, 2 elevators, and 24/7 security. 
• For Contact & Booking: View Contact Detail",en,,,Alexandria,Smoha,Al Farik Mohamed Fawzy St.,furnished,ready,,,installments,,,,,,,"security, elevator",,,,,25.0,
503984224,https://www.bayut.eg/en/property/details-503984224.html,algolia,True,detail_html,rent,apartment,3000.0,,EGP,0.0,1.0,60.0,"Egypt, Red Sea, Gouna",R. O. I Real Estate Investment Hurghada,False,2026-08-24,"Discover luxury coastal living in Maraya El Gouna, an exclusive contemporary development designed for upscale resort living with minimalist aesthetics and serene water features. 
Property Overview
Development: Maraya El GounaType: Ground-Floor Studio ApartmentSize: 60 sqmView: Direct Infinity Pool & Courtyard ViewFinishing: Fully Furnished with bespoke modern furnitureUnit Features
Sleeping Area: King-size bed, ambient lighting, smart TV, and sofa bedKitchen: Fully equipped open-concept kitchen with induction cooktop, fridge, microwave, espresso machine, and washerBathroom: Walk-in rainfall shower and floating vanity with LED mirrorOutdoor: Private shaded terrace opening directly onto the pool deckComfort: Fully air-conditioned with high-speed Wi-FiProject Amenities
Signature infinity pool with sun loungersLandscaped walkways and relaxation zones24/7 gated security and controlled accessDedicated on-site parkingFull property management and maintenance servicesPrime Location
5 minutes to Abu Tig Marina5 minutes to Downtown Kafr El Gouna7 minutes to Kite Beach25 minutes to Hurghada International AirportRental & Investment Highlights
Daily Rate: 3,000 EGP per nightTerms: Short-term and holiday rentals availableHigh rental yield potential driven by El Gouna's strong year-round occupancy",en,El Gouna,,Red Sea,Gouna,Gouna,furnished,ready,,,,,,,,,,"Laundry Facility, Central A/C & heating, Lawn or Garden, Completion Year, Balcony or Terrace, Built in Kitchen Appliances, Security Staff, Swimming Pool, Electricity Meter, Furnished, Satellite/Cable TV, Maintenance Staff, CCTV Security, خدمة غسيل ملابس, تدفئة وتكييف مركزي, حديقة, سنة البناء, شرفة أو تراس, أجهزة مطبخ مدمجة, أمن و حماية, مسبح, عداد كهرباء, مفروشة, كابل قنوات تلفزيونية, خدمات صيانة, نظام كاميرات مراقبة, pool, security, garage, garden, balcony",,,,,50.0,
503984203,https://www.bayut.eg/en/property/details-503984203.html,algolia,True,detail_html,rent,villa,279180.0,monthly,EGP,4.0,5.0,303.0,"Egypt, Cairo, New Cairo, 5th Settlement, Villette Compound",Green Home,False,2026-08-24,"Villa SV for Rent in VILLETTE SODIC New Cairo
Prime location next to Lake View Residence and Mivida Emaar

Brand New | Fully Equipped | Ready to Move

Finishing: Brand New
• Fully equipped kitchen
• Appliances
• ACs

BUA: 303m
Land: 600m

Consists of:
4 Bedrooms, all en-suite with bathrooms
Penthouse Living Room + Terrace
Nanny’s Room with Bathroom
Private Swimming Pool
Large Garden overlooking a wide open green pocket

Asking Rent: 279,180 EGP / Month

For more info, call or send WhatsApp:
View Contact Detail

-----------------------------------
Green Homes brokers Company was established in 2016 located in new cairo for the purpose of real estate investment and marketing. The company is considered one of the most distinguished companies in the field of real estate investment. The company works with a lot of Egypt’s top real estate developers such as SODIC, Palm Hills, Mivida, Emaar, Sabbour, Mountain View, projects etc. . . 

011",en,Palm Hills,Mountain View (DMG),Cairo,New Cairo,5th Settlement,fully finished,ready,,primary,,,,,,monthly,,"pool, garden, balcony",,,,,921.3861386138614,
321886558,https://www.bayut.eg/تفاصيل-503982763/العقار.html,algolia,False,,rent,penthouse,60000.0,monthly,EGP,3.0,3.0,180.0,"Egypt, Cairo, New Cairo, 5th Settlement, Mountain View Hyde Park Compound",Egypt Best Properties (EBP),False,2026-08-23,,,Mountain View Hyde Park,Mountain View (DMG),Cairo,New Cairo,5th Settlement,,ready,,,,,,,,monthly,,"Balcony or Terrace, Security Staff, Swimming Pool, View, Electricity Meter, Centrally Air-Conditioned, Water Meter, Elevators in Building, Barbeque Area, Other Main Features, CCTV Security, شرفة أو تراس, أمن و حماية, مسبح, مطل, عداد كهرباء, نظام تبريد مركزي, عداد مياه, مصاعد, مكان مخصص للشواء, ميزات رئيسية أخرى, نظام كاميرات مراقبة",,,100.0,,333.3333333333333,
321886563,https://www.bayut.eg/تفاصيل-503982506/العقار.html,algolia,False,,rent,townhouse,190000.0,monthly,EGP,3.0,4.0,266.0,"Egypt, Cairo, New Cairo, 5th Settlement, Villette Compound",Egypt Best Properties (EBP),False,2026-08-23,,,Villette,SODIC,Cairo,New Cairo,5th Settlement,super lux,ready,,,,,,,,monthly,,"CCTV Security, Balcony or Terrace, Security Staff, Swimming Pool, Electricity Meter, Centrally Air-Conditioned, Covered parking, Barbeque Area, Maids Room, Water Meter, نظام كاميرات مراقبة, شرفة أو تراس, أمن و حماية, مسبح, عداد كهرباء, نظام تبريد مركزي, مواقف مغطاة للسيارات, مكان مخصص للشواء, غرفة خدم, عداد مياه, pool",,,,,714.2857142857143,
321886527,https://www.bayut.eg/تفاصيل-503982090/العقار.html,algolia,False,,rent,apartment,30000.0,monthly,EGP,3.0,2.0,130.0,"Egypt, Cairo, New Cairo, 5th Settlement, Hyde Park New Cairo Compound",Egypt Best Properties (EBP),False,2026-08-23,,,Hyde Park,,Cairo,New Cairo,5th Settlement,super lux,ready,,,,,,,,monthly,,"Balcony or Terrace, Security Staff, Electricity Meter, Barbeque Area, CCTV Security, Elevators in Building, Swimming Pool, Water Meter, شرفة أو تراس, أمن و حماية, عداد كهرباء, مكان مخصص للشواء, نظام كاميرات مراقبة, مصاعد, مسبح, عداد مياه",,,,,230.76923076923077,
321886578,https://www.bayut.eg/تفاصيل-503981662/العقار.html,algolia,False,,rent,apartment,50000.0,monthly,EGP,3.0,3.0,172.0,"Egypt, Cairo, New Cairo, 5th Settlement, Fifth Square Compound",Egypt Best Properties (EBP),False,2026-08-23,,,Fifth Square,Al Marasem Development,Cairo,New Cairo,5th Settlement,super lux,ready,,,,,,,,monthly,,"Centrally Air-Conditioned, Barbeque Area, CCTV Security, Completion Year, Swimming Pool, Elevators in Building, Balcony or Terrace, Water Meter, Security Staff, Electricity Meter, نظام تبريد مركزي, مكان مخصص للشواء, نظام كاميرات مراقبة, سنة البناء, مسبح, مصاعد, شرفة أو تراس, عداد مياه, أمن و حماية, عداد كهرباء, garden",,,,,290.69767441860466,
321886586,https://www.bayut.eg/تفاصيل-503981181/العقار.html,algolia,False,,rent,apartment,65000.0,monthly,EGP,2.0,3.0,150.0,"Egypt, Cairo, New Cairo, 5th Settlement, Eastown Compound",Egypt Best Properties (EBP),False,2026-08-23,,,Eastown,SODIC,Cairo,New Cairo,5th Settlement,,ready,,,,,,,,monthly,,"Completion Year, Electricity Meter, Barbeque Area, Other Main Features, CCTV Security, View, Maids Room, Security Staff, Swimming Pool, Centrally Air-Conditioned, Water Meter, سنة البناء, عداد كهرباء, مكان مخصص للشواء, ميزات رئيسية أخرى, نظام كاميرات مراقبة, مطل, غرفة خدم, أمن و حماية, مسبح, نظام تبريد مركزي, عداد مياه, garden",,80.0,,,433.3333333333333,
321886582,https://www.bayut.eg/تفاصيل-503980411/العقار.html,algolia,False,,rent,apartment,120000.0,monthly,EGP,4.0,3.0,250.0,"Egypt, Cairo, New Cairo, 5th Settlement, Villette Compound",Egypt Best Properties (EBP),False,2026-08-23,,,Villette,SODIC,Cairo,New Cairo,5th Settlement,furnished,ready,,,,,,,,monthly,,"Balcony or Terrace, Security Staff, Swimming Pool, Electricity Meter, Centrally Air-Conditioned, Furnished, CCTV Security, Built in Kitchen Appliances, Water Meter, Elevators in Building, Barbeque Area, شرفة أو تراس, أمن و حماية, مسبح, عداد كهرباء, نظام تبريد مركزي, مفروشة, نظام كاميرات مراقبة, أجهزة مطبخ مدمجة, عداد مياه, مصاعد, مكان مخصص للشواء, garden",,,,,480.0,
321886587,https://www.bayut.eg/تفاصيل-503980147/العقار.html,algolia,False,,rent,apartment,60000.0,monthly,EGP,2.0,2.0,160.0,"Egypt, Cairo, New Cairo, 5th Settlement, District 5 Compound",Egypt Best Properties (EBP),False,2026-08-23,,,District 5,,Cairo,New Cairo,5th Settlement,furnished,ready,,,installments,0.0,,,,,,"Furnished, Barbeque Area, Centrally Air-Conditioned, Water Meter, Balcony or Terrace, Built in Kitchen Appliances, Security Staff, Swimming Pool, Electricity Meter, Elevators in Building, View, CCTV Security, مفروشة, مكان مخصص للشواء, نظام تبريد مركزي, عداد مياه, شرفة أو تراس, أجهزة مطبخ مدمجة, أمن و حماية, مسبح, عداد كهرباء, مصاعد, مطل, نظام كاميرات مراقبة",,,,,375.0,
208790259,https://www.bayut.eg/en/property/details-208790259.html,algolia,True,detail_html,rent,other,375000.0,monthly,EGP,,,2000.0,"Egypt, Cairo, Maadi, Al Lasilki",,False,2026-08-23,"Prime Commercial Building for Rent – El Laselky, Maadi
Location: Heart of El Laselky, Maadi (near USAID) — 2 mins from Autostrad & Ring Road. 
Total Space: 2,000 sqm. 
Layout: Basement + Ground + 9 Floors. 
Ideal For: Corporate Headquarters or Multinational Offices. 
Finishing: 5-Star Luxury (Full exterior finish, Marble & Granite entrance, CCTV security - Electricity Generator for Emergency).",en,,,Cairo,Maadi,Al Lasilki,super lux,ready,,,,,,,,,,"Covered parking, Security Staff, Centrally Air-Conditioned, Storage Areas, مواقف مغطاة للسيارات, أمن و حماية, نظام تبريد مركزي, مناطق تخزين, security",,,,,187.5,
321886592,https://www.bayut.eg/تفاصيل-503979675/العقار.html,algolia,False,,rent,apartment,38000.0,monthly,EGP,2.0,2.0,172.0,"Egypt, Cairo, New Cairo, 5th Settlement, Village Garden Katameya ( VGK )",Egypt Best Properties (EBP),False,2026-08-23,,,,,Cairo,New Cairo,5th Settlement,furnished,ready,,,,,,,,monthly,,"Balcony or Terrace, Water Meter, Barbeque Area, View, CCTV Security, Security Staff, Swimming Pool, Electricity Meter, Centrally Air-Conditioned, Elevators in Building, شرفة أو تراس, عداد مياه, مكان مخصص للشواء, مطل, نظام كاميرات مراقبة, أمن و حماية, مسبح, عداد كهرباء, نظام تبريد مركزي, مصاعد, garden",,,,,220.93023255813952,
207809418,https://www.bayut.eg/en/property/details-207809418.html,algolia,True,detail_html,rent,apartment,27000.0,monthly,EGP,3.0,2.0,150.0,"Egypt, Giza, 6th of October, Mashareq Compound",,False,2026-08-22,"من المالك مباشرة ، فرصة مميزة شقة مفروشة للإيجار بكمباوند مشارق بالقرب من جامعة ال MSA طريق الواحات ، ٦ أكتوبر شقة مناسبة لعشاق الخصوصية ، للعائلات المحترمة و الطالبات المحترمات. 

٥ دقائق من جامعة MSA طريق الواحات، ربع ساعة مول مصر ٣ غرف مجهزة بعفش حديث راقي ، مطبخ و حمام و صالة. و الصالة مكيفة ، مجهزة بكل الأجهزة (ثلاجة ، بوتاجاز ،غسالة، LCD ، سخان، مايكروويف) و يوجد parking

للجادين مطلوب فقط : عائلات محترمة أو طالبات محترمات للاستفسار واتس آب فقط: View Contact Detail#View Contact Detail#(View Contact Detail)

نسعى فقط للمدد الطويلة ، لا تقل عن ٦ أشهر
من المالك مباشرة",mixed,مشارق قريب من Msa,,Giza,6th of October,Mashareq Compound,furnished,ready,,resale,,,,,,,,"Completion Year, Balcony or Terrace, Built in Kitchen Appliances, Covered parking, Lawn or Garden, Security Staff, Electricity Meter, Natural Gas, Landline, Down Payment, سنة البناء, شرفة أو تراس, أجهزة مطبخ مدمجة, مواقف مغطاة للسيارات, حديقة, أمن و حماية, عداد كهرباء, غاز طبيعي, خط أرضي, المقدم, garage",,,,,180.0,
208669887,https://www.bayut.eg/en/property/details-208669887.html,algolia,True,detail_html,rent,apartment,35000.0,monthly,EGP,3.0,1.0,140.0,"Egypt, Cairo, Nasr City",,False,2026-08-21,"شقة للإيجار مفروش مدينة نصر علي محور شينزو ابي موقع مميز بالقرب من مطار القاهرة و محاور الرئيسية
شقة ٣ غرف - مساحة ١٤٠ متر
سوبر لوكس
مفروش بالكامل بالأجهزة و تكيفات
بحري صريح
دور تاني
أسانسير
حارس عقار
باكية جراج
جميع خدمات و مرافق ( غاز طبيعي - كهرباء عداد قديم - نت - مياه )
متاح للإيجار اليومي و مدد طويلة
تواصل علي
View Contact Detail#View Contact Detail
View Contact Detail#View Contact Detail",mixed,نصر موقع مميز شقة,,Cairo,Nasr City,Nasr City,furnished,ready,,,,,,,,,,"Completion Year, Balcony or Terrace, Covered parking, Security Staff, Electricity Meter, Water Meter, Natural Gas, Landline, Elevators in Building, سنة البناء, شرفة أو تراس, مواقف مغطاة للسيارات, أمن و حماية, عداد كهرباء, عداد مياه, غاز طبيعي, خط أرضي, مصاعد, garage, elevator",,,,,250.0,
208765558,https://www.bayut.eg/en/property/details-208765558.html,algolia,True,detail_html,rent,apartment,90000.0,monthly,EGP,2.0,2.0,125.0,"Egypt, Cairo, New Cairo, 5th Settlement, Lake view Residence Compound",,False,2026-08-20,"Beautiful Fully Furnished Apartment for Rent in Lake View Residence

Ground Floor | Prime Location

• 125 sqm apartment
• 90 sqm private garden
• 2 bedrooms
• 2 bathrooms
• Fully furnished
• Fully equipped
• Elegant, comfortable, and move-in ready

A wonderful home offering the perfect combination of indoor comfort and private outdoor space, with a beautiful garden that’s ideal for relaxing, entertaining, or simply enjoying a quiet morning coffee. 

Ready to move in and enjoy!

Serious inquiries are welcome.",en,Lake View,,Cairo,New Cairo,5th Settlement,furnished,ready,,,,,,,,,,"Completion Year, Built in Kitchen Appliances, Covered parking, Lawn or Garden, Security Staff, Electricity Meter, Water Meter, Natural Gas, Elevators in Building, سنة البناء, أجهزة مطبخ مدمجة, مواقف مغطاة للسيارات, حديقة, أمن و حماية, عداد كهرباء, عداد مياه, غاز طبيعي, مصاعد, garden",,,,,720.0,
208758381,https://www.bayut.eg/en/property/details-208758381.html,algolia,True,detail_html,rent,apartment,44000.0,monthly,EGP,3.0,2.0,131.0,"Egypt, Cairo, Madinaty",,False,2026-08-19,"شقة 3 غرف الدور الثالث بارقى واجدد مناطق مدينتي B15 مكيفة بالكامل (4 تكييف) . 
مساحة 131 متر مربع. 
3 غرف وحمامان منهم غرفة ماستر. 
فرش فندقي جديد بالكامل. 
اجهزة جديدة بالكامل. 
مراتب جديدة بالكامل. 
مطبخ مجهز بالكامل. 
قريبة جدا من جميع الخدمات سيرا على الاقدام (ماركت محمود الفار - خدمات من جميع الانواع)
باركينج سيارة تحت المنزل. 
انترنت سريع جدا فايبر. 
اول سكن. 

نعتذر جدا للبروكرز. 
للمدة الطويلة: 44 الف
للمدة القصيرة: 55 الف

3-bedroom apartment, 3rd floor in the finest and newest areas of Madinaty B15, fully air-conditioned (4 ACs). 
Area of 131 square meters. 
3 bedrooms and 2 bathrooms, including a master bedroom. 
Brand new hotel-style furnishings. 
Brand new appliances. 
Brand new mattresses. 
Fully equipped kitchen. 
Very close to all services within walking distance (Mahmoud El-Far Market - services of all kinds). 
Car parking under the building. 
Very fast fiber internet. 
First tenant (brand new). 
Long-term: 44 thousand
Short-term: 55 thousand",mixed,Madinaty,,Cairo,Madinaty,Madinaty,furnished,ready,,,,,,,,,,"Completion Year, Balcony or Terrace, Built in Kitchen Appliances, Central A/C & heating, Security Staff, Electricity Meter, Water Meter, Landline, Elevators in Building, سنة البناء, شرفة أو تراس, أجهزة مطبخ مدمجة, تدفئة وتكييف مركزي, أمن و حماية, عداد كهرباء, عداد مياه, خط أرضي, مصاعد, garage",3.0,,,,335.87786259541986,
208431214,https://www.bayut.eg/en/property/details-208431214.html,algolia,True,detail_html,rent,chalet,3500.0,,EGP,2.0,1.0,68.0,"Egypt, Matruh, North Coast, Alamein, Sia Lagoon",,False,2026-08-15,"شاليه للايجار قريه بورتو جلف منطقه ال سيا لاجون

مساحة 68م (2 غرفه وصاله )
دور رابع فيو علي حمام السباحة
مجهز بالكامل و مفرش فرش فندقي
للايجار اليومى - 3,500ج

Chalet for rent in Porto Golf (Sia Lagoon area)

Area: 68 sqm (2 bedrooms and a living room)
4th floor with a swimming pool view
Fully equipped and furnished to hotel standards
Daily rental: 3,500 EGP",mixed,,,Matruh,North Coast,Alamein,furnished,ready,,,,,,,,,,"Electricity Meter, Water Meter, Elevators in Building, Completion Year, Balcony or Terrace, Built in Kitchen Appliances, Central A/C & heating, Security Staff, Swimming Pool, For vacation, عداد كهرباء, عداد مياه, مصاعد, سنة البناء, شرفة أو تراس, أجهزة مطبخ مدمجة, تدفئة وتكييف مركزي, أمن و حماية, مسبح, للعطلة, pool",4.0,,,,51.470588235294116,
208436476,https://www.bayut.eg/en/property/details-208436476.html,algolia,True,detail_html,rent,chalet,2200.0,,EGP,1.0,1.0,50.0,"Egypt, Matruh, North Coast, Alamein, Golf Porto Marina",,False,2026-08-15,"شاليه للإيجار اليومي في بورتو جولف مارينا – فيو الجولف والعلمين – مكيف بالكامل

استمتع بإقامة مميزة في بورتو جولف مارينا – العلمين داخل شاليه أنيق ومجهز بالكامل، بإطلالة رائعة على الجولف ومدينة العلمين، ومناسب للعائلات. 

تفاصيل الشاليه:
مكيف بالكامل
2 تلفزيون
مطبخ مجهز بالكامل
ثلاجة
بوتاجاز
فرن
ميكروويف
سخان مياه
فرش راقٍ ونظيف
جاهز للاستلام الفوري

المميزات:
فيو مباشر على الجولف والعلمين
موقع مميز داخل بورتو جولف مارينا
جميع الأجهزة الكهربائية متوفرة
مناسب للعائلات
جاهز لقضاء عطلة مريحة ومميزة

الإيجار:
2,200 جنيه يوميًا

للتواصل:
View Contact Detail#View Contact Detail",mixed,Marina,,Matruh,North Coast,Alamein,,ready,,,,,,,,,,"Balcony or Terrace, Built in Kitchen Appliances, Central A/C & heating, Lawn or Garden, Security Staff, Swimming Pool, Electricity Meter, Water Meter, Elevators in Building, For vacation, شرفة أو تراس, أجهزة مطبخ مدمجة, تدفئة وتكييف مركزي, حديقة, أمن و حماية, مسبح, عداد كهرباء, عداد مياه, مصاعد, للعطلة",,,,,44.0,
321308016,https://www.bayut.eg/تفاصيل-503647365/العقار.html,algolia,False,,rent,apartment,40000.0,monthly,EGP,2.0,2.0,120.0,"Egypt, Cairo, New Cairo, 5th Settlement, EL Patio ORO Compound",Horizon,False,2026-06-16,,,,,Cairo,New Cairo,5th Settlement,furnished,ready,,,,,,,,monthly,,"pool, garage, garden, gym",,2.0,,,333.3333333333333,
321187282,https://www.bayut.eg/تفاصيل-503527287/العقار.html,algolia,False,,rent,apartment,37000.0,monthly,EGP,2.0,2.0,145.0,"Egypt, Cairo, New Cairo, 5th Settlement, District 5 Compound",Horizon,False,2026-05-17,,,District 5,Marakez,Cairo,New Cairo,5th Settlement,furnished,ready,,,,,,,,,,"pool, garage, garden, gym",,,,,255.17241379310346,
321172489,https://www.bayut.eg/تفاصيل-503511373/العقار.html,algolia,False,,rent,other,3500.0,,EGP,2.0,1.0,130.0,"Egypt, Cairo, New Cairo",Vision Real Estate,False,2026-05-13,,,,,Cairo,New Cairo,,furnished,ready,,,installments,,,,,,,"Natural Gas, Maintenance Staff, Parking Spaces, 24 Hours Concierge, Cleaning Services, Waste Disposal, Furnished, Central A/C & heating, Double Glazed Windows, Electricity Backup, CCTV Security, Laundry Facility, Security Staff, غاز طبيعي, خدمات صيانة, مواقف سيارات, حراسة 24 ساعة, خدمات تنظيف, مكبّ نفايات, مفروشة, تدفئة وتكييف مركزي, نوافذ زجاجية مزدوجة, نظام كهرباء احتياطي للطوارئ, نظام كاميرات مراقبة, خدمة غسيل ملابس, أمن و حماية",,,,,26.923076923076923,
317080729,https://www.bayut.eg/تفاصيل-502810617/العقار.html,algolia,False,,rent,apartment,65000.0,monthly,EGP,0.0,1.0,105.0,"Egypt, Cairo, New Cairo, 5th Settlement, Mivida Compound",Horizon,False,2025-11-11,,,Mivida,Emaar Misr,Cairo,New Cairo,5th Settlement,furnished,ready,,,,,,,,,,pool,,,,,619.047619047619,
316059692,https://www.bayut.eg/تفاصيل-502684606/العقار.html,algolia,False,,rent,apartment,35000.0,monthly,EGP,3.0,3.0,178.0,"Egypt, Cairo, New Cairo, 5th Settlement, Fifth Square Compound",Horizon,False,2025-10-12,,,Fifth Square,Al Marasem Development,Cairo,New Cairo,5th Settlement,,ready,,,,,,,,,,gym,,,,,196.62921348314606,
321886681,https://www.bayut.eg/تفاصيل-503988900/العقار.html,algolia,False,,rent,apartment,15000.0,monthly,EGP,2.0,1.0,110.0,"Egypt, Alexandria, Saba Pasha",Maskoon,False,2026-08-24,,,,,Alexandria,Saba Pasha,,,ready,,,installments,,,,,monthly,,elevator,,,,,136.36363636363637,
503988203,https://www.bayut.eg/en/property/details-503988203.html,algolia,True,detail_html,rent,apartment,50000.0,monthly,EGP,3.0,3.0,160.0,"Egypt, Cairo, New Cairo, 5th Settlement, Hyde Park New Cairo Compound",Ovk real estate,False,2026-08-24,"An exceptional residential opportunity offering private outdoor space in the prestigious Hyde Park Compound, Fifth Settlement. This ground-floor unit features 160 SQM of built-up area paired with a spacious 100 SQM private garden, ideal for relaxation and outdoor living. Featuring a practical 3-bedroom and 3-bathroom layout, it comes equipped with kitchen cabinets only and is ready for immediate move-in. 
Apartment Details:
Development: Hyde Park - New Cairo. Unit Type: Ground Floor Apartment with Private Garden (For Rent). Built-up Area (BUA): 160 SQM. Private Garden Area: 100 SQM. Layout: 3 Bedrooms + 3 Bathrooms + Spacious Reception opening to the garden + Kitchen & Terrace. Furnishing Status: Equipped with Kitchen Cabinets Only. Asking Price: 50,000 EGP / Month. Compound Amenities:
Premier gated development surrounded by signature green landscapes in New Cairo. 24/7 top-tier security, smart access control, and full CCTV surveillance. Direct access to the famous Central Park, jogging tracks, and open-air lifestyle hubs. Close to ""Hyde Out"" destination, Turf Sporting Club, and commercial strips. Prime strategic location directly on Main 90th Street and the Middle Ring Road.",en,Hyde Park,,Cairo,New Cairo,5th Settlement,super lux,ready,,,installments,,,,,monthly,,"Completion Year, Central A/C & heating, Lawn or Garden, Security Staff, Centrally Air-Conditioned, Natural Gas, Double Glazed Windows, Day Care Center, CCTV Security, سنة البناء, تدفئة وتكييف مركزي, حديقة, أمن و حماية, نظام تبريد مركزي, غاز طبيعي, نوافذ زجاجية مزدوجة, مركز رعاية أطفال, نظام كاميرات مراقبة, security, garden, balcony",,100.0,,,312.5,
321886526,https://www.bayut.eg/تفاصيل-503988202/العقار.html,algolia,False,,rent,villa,150000.0,monthly,EGP,3.0,4.0,550.0,"Egypt, Cairo, New Cairo, 5th Settlement, Zizinia Compound",S Signature,False,2026-08-24,,,زيزينيا التجمع الخامس,,Cairo,New Cairo,5th Settlement,furnished,ready,,,installments,,,,,monthly,,"Central Heating, Broadband Internet, Balcony or Terrace, Lawn or Garden, Security Staff, Swimming Pool, Furnished, Laundry Room, Built in Kitchen Appliances, 24 Hours Concierge, Central A/C & heating, Electricity Meter, Centrally Air-Conditioned, Water Meter, تدفئة مركزية, انترنت واسع النطاق, شرفة أو تراس, حديقة, أمن و حماية, مسبح, مفروشة, غرفة غسيل, أجهزة مطبخ مدمجة, حراسة 24 ساعة, تدفئة وتكييف مركزي, عداد كهرباء, نظام تبريد مركزي, عداد مياه, pool, garden",,,,,272.72727272727275,
503988097,https://www.bayut.eg/en/property/details-503988097.html,algolia,True,detail_html,rent,apartment,30000.0,monthly,EGP,0.0,1.0,65.0,"Egypt, Cairo, Madinaty",Vertex REAL ESTATE MARKTING,False,2026-08-24,"Hotel-Style Studio for Rent – First Use – Madinaty B7A first-use furnished hotel-style studio for rent in Madinaty B7
Area 65 sqm
1 Bedroom
1 Bathroom
Spacious Reception
Kitchen
The studio is furnished with high-end hotel-style furniture and fully equipped with all appliances
Fully air-conditioned and ready for immediate occupancy
Prime location just steps away from services and the mosque
Close to South Park and the main movement areas
Monthly Rent EGP 30,000
For inquiries
Mazen Ali
View Contact Detail
Vertex Real Estate Marketing & Investment",en,Madinaty,,Cairo,Madinaty,Madinaty,furnished,ready,,,,,,,,monthly,,"Balcony or Terrace, Security Staff, Water Meter, Landline, Double Glazed Windows, Furnished, Broadband Internet, Satellite/Cable TV, Maintenance Staff, CCTV Security, 24 Hours Concierge, Cleaning Services, شرفة أو تراس, أمن و حماية, عداد مياه, خط أرضي, نوافذ زجاجية مزدوجة, مفروشة, انترنت واسع النطاق, كابل قنوات تلفزيونية, خدمات صيانة, نظام كاميرات مراقبة, حراسة 24 ساعة, خدمات تنظيف",,,,,461.53846153846155,
503987663,https://www.bayut.eg/en/property/details-503987663.html,algolia,True,detail_html,rent,villa,300000.0,monthly,EGP,6.0,5.0,406.0,"Egypt, Cairo, New Cairo, 5th Settlement, Mivida Compound",Egy Property,False,2026-08-24,"Code: TX-02604

Standalone In Mivida - New Cairo For rent

5 bedrooms + Maid's Room
5 bathrooms

BUA: 409 sqm
Land Area: 550 sqm

Super Lux

Total Rent Value: EGP 300,000

Call Us Now !!
You Can Also Offer Your Unit With Us
No Brokers

Code: TX-02604

EgyProperty connects you with Egypt's most sought-after residential and investment opportunities, offering verified listings, transparent information, and professional guidance for a seamless property-renting experience.",en,Mivida,,Cairo,New Cairo,5th Settlement,super lux,ready,,,,,,,,,,maids room,,,,,738.9162561576354,
503986421,https://www.bayut.eg/en/property/details-503986421.html,algolia,True,detail_html,rent,apartment,30000.0,monthly,EGP,2.0,1.0,78.0,"Egypt, Cairo, Madinaty",Avangrow Investment,False,2026-08-24,"للايجار مفروش في مدينتي شقه 78 متر في b8 ارقي واجدد مراحل مدينتي تشطيب سوبر لوكس وفرش جديد الشقه مكيفه بالكامل بحري صريح خطوات للخدمات بسعر مميز

الشقه عباره عن 2 نوم وحمام ومطبخ وريسبشن وتراس
دور ثالث
بحري
مكيفه
واي فاي
السعر 30000
/////////////////////////////////////////////////////////////////////////////",mixed,Madinaty,,Cairo,Madinaty,Madinaty,furnished,ready,,,,,,,,,,"Covered parking, Balcony or Terrace, Security Staff, Electricity Meter, Water Meter, Double Glazed Windows, Electricity Backup, Waste Disposal, Business Center, Number of Bathrooms, Number of Bedrooms, Maintenance Staff, 24 Hours Concierge, Cleaning Services, مواقف مغطاة للسيارات, شرفة أو تراس, أمن و حماية, عداد كهرباء, عداد مياه, نوافذ زجاجية مزدوجة, نظام كهرباء احتياطي للطوارئ, مكبّ نفايات, مركز أعمال, عدد دورات المياه, عدد الغرف, خدمات صيانة, حراسة 24 ساعة, خدمات تنظيف, balcony",,,,,384.61538461538464,
503986315,https://www.bayut.eg/en/property/details-503986315.html,algolia,True,detail_html,rent,apartment,42000.0,monthly,EGP,2.0,1.0,84.0,"Egypt, Cairo, Madinaty, Privado",Avangrow Investment,False,2026-08-24,"For rent furnished in Madinaty with super luxurious finishes and hotel furniture, an 84-meter apartment in Privado, the best private compound inside Madinaty. The apartment is north-facing, fully air-conditioned, with hotel finishing. 

The apartment consists of 2 bedrooms, a bathroom, a kitchen, a reception, and a large terrace. 
Steps to services phase. 
Third floor with a clear northern view. 
The price is 42000. 
Avangrew Real Estate Investment Company. 
////////////////////////",en,Madinaty,,Cairo,Madinaty,Privado,furnished,ready,,,,,,,,,,"Balcony or Terrace, Built in Kitchen Appliances, Water Meter, Storage Areas, Waste Disposal, Freehold, Maintenance Staff, 24 Hours Concierge, Cleaning Services, Central A/C & heating, Covered parking, Security Staff, Electricity Meter, شرفة أو تراس, أجهزة مطبخ مدمجة, عداد مياه, مناطق تخزين, مكبّ نفايات, التملك الحر, خدمات صيانة, حراسة 24 ساعة, خدمات تنظيف, تدفئة وتكييف مركزي, مواقف مغطاة للسيارات, أمن و حماية, عداد كهرباء, balcony",,,,,500.0,
503985989,https://www.bayut.eg/en/property/details-503985989.html,algolia,True,detail_html,rent,apartment,27000.0,monthly,EGP,2.0,2.0,89.0,"Egypt, Cairo, Madinaty",Start Homes 2,False,2026-08-24,"Furnished Apartment for Rent in Madinaty (B6)

A distinctive, fully furnished apartment situated in a quiet location. It offers a wonderful view of the villas and South Park and is fully equipped for immediate occupancy. 

Apartment Details:

""Smart"" Model

Area: 89 sqm

2 Bedrooms

2 Bathrooms

Reception area

Kitchen

3rd Floor

Fully air-conditioned

Fiber-optic internet

Smart TV

Natural gas

View of villas and South Park

Asking Price: 27,000 EGP per month

For details, viewing, and inquiries:

Start Homes Real Estate Marketing & Investment

Ahmed Al-King

View Contact Detail

===========================

Best offers for rent and sale in Madinaty, Al Rehab, and the Fifth Settlement.",en,Madinaty,,Cairo,Madinaty,Madinaty,furnished,ready,,,,,,,,monthly,,"Balcony or Terrace, Built in Kitchen Appliances, Central A/C & heating, Covered parking, Security Staff, Electricity Meter, Natural Gas, Waste Disposal, Broadband Internet, CCTV Security, 24 Hours Concierge, شرفة أو تراس, أجهزة مطبخ مدمجة, تدفئة وتكييف مركزي, مواقف مغطاة للسيارات, أمن و حماية, عداد كهرباء, غاز طبيعي, مكبّ نفايات, انترنت واسع النطاق, نظام كاميرات مراقبة, حراسة 24 ساعة",3.0,,,,303.3707865168539,
503985882,https://www.bayut.eg/en/property/details-503985882.html,algolia,True,detail_html,rent,apartment,20000.0,monthly,EGP,3.0,2.0,170.0,"Egypt, Giza, Sheikh Zayed, El Khamayel Compound",اعمار للاستثمار العقاري,False,2026-08-24,"A truly exceptional luxury apartment for rent in Khemaeil Compound – Phase 4.
170 SQM, brand new first occupancy, featuring a premium Ultra Super Lux hotel-style finish and an elegant, practical layout. 
3 Bedrooms
2 Bathrooms
Breathtaking panoramic open view
Prime North-facing location
Excellent natural lighting & ventilation
Quiet and prestigious location
Perfect for those looking for luxury, privacy & comfort
A stunning first-occupancy apartment, ready to move in and enjoy an exceptional lifestyle. 
Khemaeil Compound – Phase 4
First Occupancy | Hotel-Style Finish | Panoramic Open View | Prime North-Facing Location",en,,,Giza,Sheikh Zayed,El Khamayel Compound,super lux,ready,,,,,,,,,,"Conference Room, Maintenance Staff, CCTV Security, 24 Hours Concierge, Cleaning Services, Pets Allowed, Security Staff, Waste Disposal, Business Center, غرفة اجتماعات, خدمات صيانة, نظام كاميرات مراقبة, حراسة 24 ساعة, خدمات تنظيف, مسموح بالحيوانات الاليفة, أمن و حماية, مكبّ نفايات, مركز أعمال",,,,,117.6470588235294,
503985278,https://www.bayut.eg/en/property/details-503985278.html,algolia,True,detail_html,rent,duplex,75000.0,monthly,EGP,3.0,3.0,200.0,"Egypt, Cairo, New Cairo, 5th Settlement, Village Gate Compound",Alpha real estate,False,2026-08-24,"Stylish 200m Fully Furnished Duplex for Rent in Village Gate - Palm Hills, New Cairo
Enjoy modern multi-level living in one of New Cairo’s most vibrant and prime communities. Situated on the 2nd and 3rd floors, this spacious 200 sqm duplex combines high-end modern interiors, functional design, custom built-in storage, and full appliance integration. 
Property Details:
Location: Village Gate, Palm Hills, New CairoProperty Type: Duplex ApartmentFloor: 2nd & 3rd FloorsBuilt-up Area: 200 sqmFurnishing: Fully Furnished with Modern DecorInterior Features & Layout:
Elegant living room featuring comfortable sectional seating, modern TV wall unit with built-in shelving, and large sunlit windowsCozy dining area with custom wooden dining set and ambient lighting3 Bedrooms, including a master suite with a massive custom-built walk-in dressing room and extensive shelving3 Bathrooms featuring modern fixturesArchitectural interior wooden staircase with custom built-in geometric storage unit underneathFully equipped dark-finished kitchen featuring a dishwasher, washing machine, microwave, water dispenser, double sink, and ample cabinet spaceRental Details:
Monthly Rent: 75,000 EGPImmediate availability for move-inContact us today to schedule a walkthrough viewing.",en,Palm Hills,Palm Hills Developments,Cairo,New Cairo,5th Settlement,furnished,ready,,,,,,,,monthly,,,,,,,375.0,
503984608,https://www.bayut.eg/en/property/details-503984608.html,algolia,True,detail_html,rent,apartment,45000.0,monthly,EGP,2.0,3.0,125.0,"Egypt, Giza, Sheikh Zayed, Sodic Westown Compound",Utopia For Real Estate,False,2026-08-24,"A well-located apartment for rent in Westown, offering 125 SQM of comfortable living space on the first floor with a practical layout. The apartment comes with a fully equipped kitchen, appliances, and air conditioning units, making it ready for immediate occupancy. 
Property Details:
Area: 125 SQMFirst Floor2 Bedrooms3 BathroomsEquipped KitchenAppliances IncludedAir Conditioning Units IncludedFeatures:
Practical and comfortable layoutPrime location within WestownClose to amenities and servicesReady to move inIdeal for long-term rental",en,Westown,,Giza,Sheikh Zayed,Sodic Westown Compound,furnished,ready,,,,,,,,,,"Completion Year, Balcony or Terrace, Lawn or Garden, Elevators in Building, Double Glazed Windows, Electricity Backup, Service Elevators, Kids Play Area, Number of Bedrooms, Sauna, Cafeteria or Canteen, Laundry Facility, Cleaning Services, Centrally Air-Conditioned, Freehold, Conference Room, Maintenance Staff, Facilities for Disabled, Security Staff, Gym or Health Club, Swimming Pool, Electricity Meter, Landline, First Aid Medical Center, Broadband Internet, Intercom, ATM Facility, Jacuzzi, CCTV Security, Shared Kitchen, 24 Hours Concierge, Built in Kitchen Appliances, Pets Allowed, Water Meter, Storage Areas, Natural Gas, Barbeque Area, Lobby in Building, Day Care Center, Waste Disposal, Laundry Room, Satellite/Cable TV, Business Center, Number of Bathrooms, Steam Room, Total Floors, سنة البناء, شرفة أو تراس, حديقة, مصاعد, نوافذ زجاجية مزدوجة, نظام كهرباء احتياطي للطوارئ, خدمات المصاعد, منطقة لعب للأطفال, عدد الغرف, ساونا, كافيتيريا, خدمة غسيل ملابس, خدمات تنظيف, نظام تبريد مركزي, التملك الحر, غرفة اجتماعات, خدمات صيانة, تسهيلات لأصحاب الهمم, أمن و حماية, صالة رياضية أو نادي صحي, مسبح, عداد كهرباء, خط أرضي, مركز للإسعافات الأولية, انترنت واسع النطاق, اتصال داخلي, توفر أجهزة السحب الآلي, جاكوزي, نظام كاميرات مراقبة, مطبخ مشترك, حراسة 24 ساعة, أجهزة مطبخ مدمجة, مسموح بالحيوانات الاليفة, عداد مياه, مناطق تخزين, غاز طبيعي, مكان مخصص للشواء, ردهة إستقبال, مركز رعاية أطفال, مكبّ نفايات, غرفة غسيل, كابل قنوات تلفزيونية, مركز أعمال, عدد دورات المياه, غرفة بخار, عدد الطوابق",2.0,,,,360.0,
503978706,https://www.bayut.eg/en/property/details-503978706.html,algolia,True,detail_html,rent,apartment,75000.0,monthly,EGP,3.0,2.0,190.0,"Egypt, Cairo, Maadi, Sarayat El Maadi",Maadi Real Estate,False,2026-08-23,"Located in Degla EL Maadi
Apartment | 3 Bedroom(s) | 2 Bathroom(s)
Fully furnished & move-in ready
Balcony
Private Terrace
Security
Wooden Floors
Sunny
Natural Light
Brand New
Prime Location
USD 1٬500/month | Ref: MA0090

Enjoy comfortable living in one of Maadi's most desirable residential areas. This furnished residential offers a modern layout, stylish interiors, and all the essentials for a seamless move-in experience. 

Additional Highlights:
• Quiet and Secure Neighborhood
• Bright and Spacious Living Areas
• Surrounded by Essential Services and Amenities
• Popular Area Among Expats

Location:
Located in Degla, ideally situated close to cafes, restaurants, supermarkets, public transportation, and international schools an excellent choice for families, professionals, and expatriates. 

About Us:
We specialize in premium residential properties in Maadi, offering carefully selected apartments and villas for local residents and expatriates. Our services include property management, maintenance, and relocation assistance. 

Contact us today to schedule a viewing. 
View Contact Detail",mixed,,,Cairo,Maadi,Sarayat El Maadi,furnished,ready,,,installments,,,,,monthly,,"24 Hours Concierge, Security Staff, Water Meter, Natural Gas, Freehold, Furnished, Broadband Internet, Business Center, حراسة 24 ساعة, أمن و حماية, عداد مياه, غاز طبيعي, التملك الحر, مفروشة, انترنت واسع النطاق, مركز أعمال, security, balcony",,,,,394.7368421052632,
503987231,https://www.bayut.eg/en/property/details-503987231.html,algolia,True,detail_html,rent,villa,130000.0,monthly,EGP,3.0,3.0,231.0,"Egypt, Cairo, Madinaty",Madinty Family,False,2026-08-24,"Super Lux furnished villa, first residence, fully air-conditioned, fully shuttered. 
Shower cabins. 

Consists of a ground floor reception, kitchen, and guest bathroom. 
The first floor has 3 bedrooms and 2 bathrooms, including a master bedroom with a private bathroom and a living room. 
Large flat roof with a service room and bathroom. 

Buildings 231. 
Land 250. 
All appliances are new. 
The furniture is completely new. 
Super Lux throughout. 
The villa is for first use. 
The key is available for viewing. 


To contact us, call or WhatsApp View Contact Detail.",en,Madinaty,,Cairo,Madinaty,Madinaty,furnished,ready,,,,,,,,,,,,,,,562.7705627705627,
503986788,https://www.bayut.eg/en/property/details-503986788.html,algolia,True,detail_html,rent,villa,130000.0,monthly,EGP,4.0,4.0,231.0,"Egypt, Cairo, Madinaty",العالميه للعقارات,False,2026-08-24,"""فيلانموذج i تشطيب خاص مفروش الترا سوبر لوكس
فيلا نموذج i اول سكن
مساحة المبانى 231م وارض 237م
مطلوب 130000
لمدة سنه
لو شهر 150000
الفيلا عبارة عن : ارضى (ريسبشن 3 قطع , مطبخ , حمام ضيوف)
دور اول (3 غرف نوم منهم غرفة ماستر رووم )
بـ 2 حمام وليفينج بتراس كبير)
رووف (غرفة خدمات بحمام ومسطح مفتوح )
للتواصل View Contact Detail",mixed,,,Cairo,Madinaty,Madinaty,furnished,ready,,,,,,,,,,"Electricity Meter, Centrally Air-Conditioned, Natural Gas, Lawn or Garden, Security Staff, Balcony or Terrace, Built in Kitchen Appliances, Furnished, Broadband Internet, Central A/C & heating, Maids Room, Pets Allowed, Water Meter, Landline, Waste Disposal, Distance From Airport (kms), 24 Hours Concierge, Cleaning Services, عداد كهرباء, نظام تبريد مركزي, غاز طبيعي, حديقة, أمن و حماية, شرفة أو تراس, أجهزة مطبخ مدمجة, مفروشة, انترنت واسع النطاق, تدفئة وتكييف مركزي, غرفة خدم, مسموح بالحيوانات الاليفة, عداد مياه, خط أرضي, مكبّ نفايات, المسافة من المطار (كم), حراسة 24 ساعة, خدمات تنظيف, balcony",1.0,,,,562.7705627705627,
503985748,https://www.bayut.eg/en/property/details-503985748.html,algolia,True,detail_html,rent,apartment,45000.0,monthly,EGP,2.0,1.0,99.0,"Egypt, Cairo, New Cairo, Rehab City",Start Homes 2,False,2026-08-24,"Furnished apartment for rent in Al Rehab City
Phase 7
Third Floor
Elevator available
Prime location
Steps from Gate 20 for easy access to and from the city
Next to
Martyr Pilot Mosque
Eastern Market
East Court
Area: 99 sq m
Consists of:
Two bedrooms + bathroom
Special finishes and modern furnishings
Apartment ready for viewing and immediate occupancy
Price = 45,000 EGP (negotiable)
==================
Broker directly from the owner
For more information and inquiries
Ashraf Galal
View Contact Detail
Or via WhatsApp

https://wa. me/2View Contact Detail

Start Homes Real Estate Marketing Company in Al Rehab City and Madinaty
Sales Executive
Start Homes Broker directly from the owner

Gateway Mall, Office No. AF6, First Floor, Al Rehab City New Cairo",en,Madinaty,,Cairo,New Cairo,Rehab City,furnished,ready,,resale,,,,,,,,"Balcony or Terrace, Built in Kitchen Appliances, Covered parking, Security Staff, Electricity Meter, Water Meter, Natural Gas, Furnished, CCTV Security, Parking Spaces, 24 Hours Concierge, شرفة أو تراس, أجهزة مطبخ مدمجة, مواقف مغطاة للسيارات, أمن و حماية, عداد كهرباء, عداد مياه, غاز طبيعي, مفروشة, نظام كاميرات مراقبة, مواقف سيارات, حراسة 24 ساعة, elevator",,,,True,454.54545454545456,
503985188,https://www.bayut.eg/en/property/details-503985188.html,algolia,True,detail_html,rent,apartment,2700.0,,EGP,2.0,1.0,130.0,"Egypt, Cairo, Nasr City",الكفائه الليبية,False,2026-08-24,"Luxury Apartment for Rent – 2 Bedrooms | 1 Bathroom | Makram Ebeid | 6th District – Golden Square | Nasr City
A premium VIP apartment in one of the most sought-after locations in Nasr City, located on Makram Ebeid Street in the heart of the Golden Square, combining an exceptional location, comfort and luxury. 

Apartment Features:
2 comfortable bedrooms with modern design
1 bathroom with elegant finishing
Stylish and spacious reception area
Comfortable living area
Ultra Super Lux finishing
Premium modern furniture
Practical layout combining luxury and comfort
High level of privacy and tranquility

Prime Location:
Makram Ebeid Street – 6th District – Golden Square
Close to City Stars Mall
Close to Genena Mall
Close to Al Ahly Club
Surrounded by premium restaurants and cafés
All daily services just minutes away
Pharmacies and medical services nearby
Easy access to Cairo International Airport
Close to Heliopolis, New Cairo and Downtown Cairo

Ideal For:
Families
Business travelers
Tourists and visitors
Short-term and long-term stays

Prime Golden Square location + luxury finishing + premium furnishing + everything you need right around you. 
Available for daily, weekly and monthly rent. 
For Booking & Inquiries:
View Contact Detail
Al Kafaa Al Libeya Real Estate
Luxury Living Starts Here",en,نصر موقع استثنايي,,Cairo,Nasr City,Nasr City,furnished,ready,,,,,,,,monthly,,,,,,,20.76923076923077,
321885112,https://www.bayut.eg/تفاصيل-503988357/العقار.html,algolia,False,,rent,apartment,35000.0,monthly,EGP,3.0,2.0,195.0,"Egypt, Alexandria, Smoha",Maskoon,False,2026-08-24,,,,,Alexandria,Smoha,,furnished,ready,,,installments,,,,,monthly,,,,,,,179.48717948717947,
208066151,https://www.bayut.eg/en/property/details-208066151.html,algolia,True,detail_html,rent,duplex,130000.0,monthly,EGP,3.0,3.0,400.0,"Egypt, Cairo, New Cairo, 5th Settlement, Hyde Park New Cairo Compound",,False,2026-08-23,"للإيجار في كومباوند هايد بارك ش التسعين
مباشرةً من المالك

فيلا دوبلكس (أرضي + دور أول + حديقة)

* مساحة المبنى: 250 م²
* مساحة الحديقة: 150 م²
* مفروشة بالكامل، وتشمل أجهزة التكييف، ووحدات المطبخ، وجميع الأجهزة الكهربائية
* عدد 2 مكان انتظار سيارات
* 4 مداخل (مدخل أرضي، مدخل للدور الأول، ومدخلان من الحديقة)
* إمكانية الوصول بالمصعد إلى الدور الأرضي والدور الأول
* برجولة خاصة
* 3 غرف نوم (إجمالي 5 أسرة) منها غرفة ماستر
* 3 حمامات
* خدمة Triple Play
* اشتراك beIN SPORTS
* اشتراك Netflix
* إنترنت
* قفل ذكي
* كاميرات مراقبة
* مدة الإيجار: سنة او ٦ شهور
* المعاينة متاحة الآن",mixed,Hyde Park,,Cairo,New Cairo,5th Settlement,furnished,ready,,resale,,,,,,,,"Central A/C & heating, Lawn or Garden, Elevators in Building, Security Staff, Completion Year, Built in Kitchen Appliances, Landline, Covered parking, Electricity Meter, Balcony or Terrace, تدفئة وتكييف مركزي, حديقة, مصاعد, أمن و حماية, سنة البناء, أجهزة مطبخ مدمجة, خط أرضي, مواقف مغطاة للسيارات, عداد كهرباء, شرفة أو تراس, security, elevator, garden",0.0,150.0,,,325.0,
320315062,https://www.bayut.eg/تفاصيل-503063040/العقار.html,algolia,False,,rent,apartment,45000.0,monthly,EGP,3.0,2.0,166.0,"Egypt, Cairo, New Cairo, 5th Settlement, EL Patio ORO Compound",Horizon,False,2026-01-20,,,,,Cairo,New Cairo,5th Settlement,furnished,ready,,,installments,,,,,,,"pool, garden",,,,,271.0843373493976,
321885022,https://www.bayut.eg/تفاصيل-503988288/العقار.html,algolia,False,,rent,apartment,70000.0,monthly,EGP,3.0,3.0,155.0,"Egypt, Cairo, New Cairo, 5th Settlement, Moon Residences",Aqarpedia For Resale,False,2026-08-24,,,,Al Marasem Development,Cairo,New Cairo,5th Settlement,furnished,ready,,,,,,,,monthly,,"Covered parking, مواقف مغطاة للسيارات, garden",,,,,451.61290322580646,
320773176,https://www.bayut.eg/تفاصيل-503314573/العقار.html,algolia,False,,rent,apartment,35000.0,monthly,EGP,2.0,2.0,174.0,"Egypt, Cairo, New Cairo, 5th Settlement, Village Garden Katameya ( VGK )",Horizon,False,2026-04-02,,,Palm Hills New Cairo,Palm Hills Developments,Cairo,New Cairo,5th Settlement,furnished,ready,,,,,,,,,,garden,,,,,201.1494252873563,
321884225,https://www.bayut.eg/تفاصيل-503987082/العقار.html,algolia,False,,rent,chalet,15000.0,monthly,EGP,1.0,1.0,42.0,"Egypt, Matruh, North Coast",Benchmark Arabia,False,2026-08-24,,,,,Matruh,North Coast,,furnished,ready,,,,,,,,,,"Broadband Internet, Balcony or Terrace, Built in Kitchen Appliances, Covered parking, Pets Allowed, Lawn or Garden, Security Staff, Gym or Health Club, Swimming Pool, Electricity Meter, Landline, Barbeque Area, Day Care Center, First Aid Medical Center, Laundry Room, Satellite/Cable TV, Intercom, Jacuzzi, Kids Play Area, Number of Bathrooms, Number of Bedrooms, Sauna, Nearby Schools, Nearby Hospitals, Nearby Shopping Malls, CCTV Security, Cafeteria or Canteen, Laundry Facility, انترنت واسع النطاق, شرفة أو تراس, أجهزة مطبخ مدمجة, مواقف مغطاة للسيارات, مسموح بالحيوانات الاليفة, حديقة, أمن و حماية, صالة رياضية أو نادي صحي, مسبح, عداد كهرباء, خط أرضي, مكان مخصص للشواء, مركز رعاية أطفال, مركز للإسعافات الأولية, غرفة غسيل, كابل قنوات تلفزيونية, اتصال داخلي, جاكوزي, منطقة لعب للأطفال, عدد دورات المياه, عدد الغرف, ساونا, مدارس قريبة, مستشفيات قريبة, مراكز تسوق قريبة, نظام كاميرات مراقبة, كافيتيريا, خدمة غسيل ملابس",,,,,357.14285714285717,
321883357,https://www.bayut.eg/تفاصيل-503986389/العقار.html,algolia,False,,rent,apartment,65000.0,monthly,EGP,3.0,2.0,116.0,"Egypt, Cairo, Madinaty",Provest,False,2026-08-24,,,Madinaty,,Cairo,Madinaty,,furnished,ready,,,installments,,,,,monthly,,garden,,,,,560.3448275862069,
503984969,https://www.bayut.eg/en/property/details-503984969.html,algolia,True,detail_html,rent,apartment,75000.0,monthly,EGP,3.0,3.0,196.0,"Egypt, Cairo, New Cairo, 5th Settlement, Eastown Compound",NCH,False,2026-08-24,"k-abdallahn

Super Lux Apartment with Garden for Rent in SODIC EastownA spacious and elegant apartment for rent in SODIC Eastown, featuring a private garden and super lux finishing, offering a comfortable and sophisticated lifestyle in one of New Cairo’s premium residential communities. 
The apartment has a total area of 196 sqm, complemented by a 50 sqm private garden, providing a comfortable indoor and outdoor living experience with additional privacy and space for relaxation. 
The unit features 3 bedrooms, including a master bedroom with a dressing room, along with 3 bathrooms. It also includes a dedicated laundry room, adding extra convenience and functionality for everyday living. 
The apartment comes with a kitchen and features super lux finishing, creating an elegant and welcoming atmosphere. 
Property Details:
ApartmentSODIC EastownArea: 196 sqmPrivate Garden: 50 sqm3 Bedrooms1 Master Bedroom with Dressing Room3 BathroomsLaundry RoomSuper Lux FinishingKitchenPrime LocationMonthly Rent: EGP 75,000
An excellent opportunity to rent a spacious and elegant apartment with a private garden in SODIC Eastown, combining premium finishing, generous living spaces, and privacy in a prime New Cairo location.",en,Eastown,SODIC,Cairo,New Cairo,5th Settlement,super lux,ready,,,,,,,,monthly,,"Swimming Pool, Freehold, Laundry Facility, Shared Kitchen, Day Care Center, Electricity Backup, Waste Disposal, Conference Room, Intercom, ATM Facility, Number of Bedrooms, Balcony or Terrace, Central Heating, Service Elevators, Built in Kitchen Appliances, Central A/C & heating, Barbeque Area, Cleaning Services, Pets Allowed, Lawn or Garden, Security Staff, Gym or Health Club, Storage Areas, Natural Gas, Landline, Sauna, Steam Room, Facilities for Disabled, Study Room, 24 Hours Concierge, Covered parking, Electricity Meter, Centrally Air-Conditioned, Water Meter, Lobby in Building, Double Glazed Windows, First Aid Medical Center, Prayer Room, Laundry Room, Broadband Internet, Satellite/Cable TV, Business Center, Jacuzzi, Kids Play Area, Land Area, Number of Bathrooms, Reception/Waiting Room, Maintenance Staff, CCTV Security, Cafeteria or Canteen, مسبح, التملك الحر, خدمة غسيل ملابس, مطبخ مشترك, مركز رعاية أطفال, نظام كهرباء احتياطي للطوارئ, مكبّ نفايات, غرفة اجتماعات, اتصال داخلي, توفر أجهزة السحب الآلي, عدد الغرف, شرفة أو تراس, تدفئة مركزية, خدمات المصاعد, أجهزة مطبخ مدمجة, تدفئة وتكييف مركزي, مكان مخصص للشواء, خدمات تنظيف, مسموح بالحيوانات الاليفة, حديقة, أمن و حماية, صالة رياضية أو نادي صحي, مناطق تخزين, غاز طبيعي, خط أرضي, ساونا, غرفة بخار, تسهيلات لأصحاب الهمم, غرفة دراسة, حراسة 24 ساعة, مواقف مغطاة للسيارات, عداد كهرباء, نظام تبريد مركزي, عداد مياه, ردهة إستقبال, نوافذ زجاجية مزدوجة, مركز للإسعافات الأولية, غرفة صلاة, غرفة غسيل, انترنت واسع النطاق, كابل قنوات تلفزيونية, مركز أعمال, جاكوزي, منطقة لعب للأطفال, مساحة الأرض, عدد دورات المياه, غرفة استقبال /انتظار, خدمات صيانة, نظام كاميرات مراقبة, كافيتيريا, garden",,50.0,,,382.6530612244898,
321882242,https://www.bayut.eg/تفاصيل-503986270/العقار.html,algolia,False,,rent,apartment,30000.0,monthly,EGP,3.0,3.0,240.0,"Egypt, Cairo, Nasr City",النصر-العقارية-9641,False,2026-08-24,,,,,Cairo,Nasr City,,furnished,ready,,,,,,,,,,elevator,,,,,125.0,
208742377,https://www.bayut.eg/en/property/details-208742377.html,algolia,True,detail_html,rent,other,1500.0,,EGP,2.0,1.0,120.0,"Egypt, Red Sea, Hurghada",,False,2026-08-17,"ايجار شقه فندقيه بلكونه علي البحر - غرفتين
عمارة جمله ماركت ميدان العروسه - شارع الشيراتون

بجوار المارينا ٣ دقائق (يري المارينا)
شاطيء (ماما ميا) نفس الشارع

#هذا الخصم خاص عند حجز اكثر من ٣ ليالي . . عرض لفترة محدودة

تشمل :
WIFI
حمام سباحة
٣ تكييف
غرفه سرير كبير
غرفه ٢ سرير ١٢٠
صاله مع مطبخ امريكاني
ثلاجه و غساله و بوتاجاز وادوات مطبخ
حمام خاص داخلي

يوجد قاعدة خارجيه للروف و يوجد توب روف (راويه كامله للبحر )
#لا يشمل الكهرباء- يتم تسليم العميل كارت الكهرباء عند الوصول
التواصل تلفونيا او واتساب",mixed,,3 ليالي,Red Sea,Hurghada,Hurghada,furnished,ready,,,,,,,,,,"Completion Year, Balcony or Terrace, Built in Kitchen Appliances, Swimming Pool, Electricity Meter, Elevators in Building, Down Payment, سنة البناء, شرفة أو تراس, أجهزة مطبخ مدمجة, مسبح, عداد كهرباء, مصاعد, المقدم, pool",,,,,12.5,
321447853,https://www.bayut.eg/تفاصيل-503788256/العقار.html,algolia,False,,rent,apartment,14000.0,monthly,EGP,2.0,1.0,80.0,"Egypt, Alexandria, Zizinia",Maskoon,False,2026-07-15,,,,,Alexandria,Zizinia,,furnished,ready,,,installments,,,,,monthly,,elevator,,,,,175.0,
321227365,https://www.bayut.eg/تفاصيل-503569138/العقار.html,algolia,False,,rent,apartment,70000.0,monthly,EGP,3.0,3.0,202.0,"Egypt, Matruh, North Coast, Alamein, Latin District",Maskoon,False,2026-05-27,,,,,Matruh,North Coast,Alamein,furnished,ready,,,installments,,,,,,,elevator,,,,,346.53465346534654,
502236712,https://www.bayut.eg/en/property/details-502236712.html,algolia,True,detail_html,rent,apartment,28000.0,monthly,EGP,3.0,2.0,97.0,"Egypt, Cairo, Madinaty",Home approach,False,2025-07-11,"A fully furnished three-room apartment is available for rent in madinaty , specifically in the New Cairo. This apartment is located in Group 62, specifically in the distinguished B6 area. 
Available from 1 October
This apartment is characterized by its strategic location, as it is located directly in front of the bus stop, providing easy access to various means of transportation. In addition, the apartment is located in front of South Park, includes a variety of restaurants and cafes, as well as a large supermarket to meet all your daily needs. All of this is available for a monthly rent of 28,000 Egyptian pounds.",en,Madinaty,,Cairo,Madinaty,Madinaty,furnished,ready,,,installments,,,,,monthly,,"24 Hours Concierge, View, Satellite/Cable TV, Natural Gas, Nearby Shopping Malls, Gym or Health Club, Centrally Air-Conditioned, Day Care Center, Down Payment, Balcony or Terrace, Maintenance Staff, Broadband Internet, Number of Bathrooms, Electricity Meter, Number of Bedrooms, Storage Areas, Intercom, First Aid Medical Center, CCTV Security, Central A/C & heating, Built in Kitchen Appliances, Security Staff, Completion Year, Water Meter, Landline, Service Elevators, Furnished, ATM Facility, Kids Play Area, Nearby Public Transport, Cafeteria or Canteen, Laundry Facility, Parking Spaces, Cleaning Services, Elevators in Building, Waste Disposal, حراسة 24 ساعة, مطل, كابل قنوات تلفزيونية, غاز طبيعي, مراكز تسوق قريبة, صالة رياضية أو نادي صحي, نظام تبريد مركزي, مركز رعاية أطفال, المقدم, شرفة أو تراس, خدمات صيانة, انترنت واسع النطاق, عدد دورات المياه, عداد كهرباء, عدد الغرف, مناطق تخزين, اتصال داخلي, مركز للإسعافات الأولية, نظام كاميرات مراقبة, تدفئة وتكييف مركزي, أجهزة مطبخ مدمجة, أمن و حماية, سنة البناء, عداد مياه, خط أرضي, خدمات المصاعد, مفروشة, توفر أجهزة السحب الآلي, منطقة لعب للأطفال, مواصلات نقل عامة قريبة, كافيتيريا, خدمة غسيل ملابس, مواقف سيارات, خدمات تنظيف, مصاعد, مكبّ نفايات",,,,,288.659793814433,
320766636,https://www.bayut.eg/تفاصيل-502245069/العقار.html,algolia,False,,rent,apartment,55000.0,monthly,EGP,2.0,3.0,144.0,"Egypt, Cairo, New Cairo, 5th Settlement, Lake view Residence Compound",Horizon,False,2025-07-14,,,Lake View,,Cairo,New Cairo,5th Settlement,furnished,ready,,,,,,,,,,gym,,,,,381.94444444444446,
503988063,https://www.bayut.eg/en/property/details-503988063.html,algolia,True,detail_html,rent,apartment,45000.0,monthly,EGP,2.0,1.0,85.0,"Egypt, Cairo, Madinaty",Vertex REAL ESTATE MARKTING,False,2026-08-24,"Furnished Apartment for Rent – First Use – PrivadoA beautifully furnished first-use apartment in Privado, featuring a prime location and an open view
Floor Fourth Floor
Area 85 sqm
Open view overlooking the entire club and the tunnel
Close to the mosque
2 Bedrooms
Balcony
1 Bathroom
Reception
American Kitchen
High-end hotel-style finishing
Fully air-conditioned
Monthly Rent EGP 45,000
For inquiries and viewings
Nada Tarek
View Contact Detail",en,,,Cairo,Madinaty,Madinaty,furnished,ready,,,,,,,,monthly,,"Balcony or Terrace, Security Staff, Water Meter, Landline, Double Glazed Windows, Waste Disposal, Furnished, Broadband Internet, Satellite/Cable TV, Intercom, Maintenance Staff, CCTV Security, 24 Hours Concierge, Cleaning Services, شرفة أو تراس, أمن و حماية, عداد مياه, خط أرضي, نوافذ زجاجية مزدوجة, مكبّ نفايات, مفروشة, انترنت واسع النطاق, كابل قنوات تلفزيونية, اتصال داخلي, خدمات صيانة, نظام كاميرات مراقبة, حراسة 24 ساعة, خدمات تنظيف, balcony",,,,,529.4117647058823,
503983866,https://www.bayut.eg/en/property/details-503983866.html,algolia,True,detail_html,rent,chalet,12000.0,monthly,EGP,2.0,2.0,2000.0,"Egypt, Matruh, North Coast, Alamein, Golf Porto Marina",hani,False,2026-08-24,"Chalet for rent at Porto Golf Marina in winter, suitable for students and the surrounding universities and companies in El Alamein. Porto Golf Marina is distinguished. 
Features of Porto Golf Marina in winter



+1


Porto Golf Marina is characterized in winter by complete tranquility, fresh air, and significantly lower prices compared to summer. The place is ideal for those seeking relaxation, escaping the hustle and bustle of cities, and enjoying visual comfort amidst the vast green spaces away from the noise of summer parties and events. [1, 2, 3]




Calmness and relaxation
Calm streets and walkways with no traffic congestion. A real opportunity for rest and mental relaxation. Breathing in the fresh sea air without crowds. [1]



Economic cost
Significant reduction in the prices of chalet rentals and units. Providing excellent economic offers for long stays or weekend getaways. [1]



Location and proximity to services
Proximity to New El Alamein city, its university, and facilities that operate all year round. Easy access to the place via well-paved highways. [1]

If you are considering spending time or investing there, would you like to know the average rental prices in winter or the availability of shops and essential services during that period?


Many direct owner places are available",en,Marina,,Matruh,North Coast,Alamein,furnished,ready,,,installments,,,,,monthly,,"Balcony or Terrace, Gym or Health Club, Swimming Pool, Electricity Meter, Lobby in Building, Day Care Center, First Aid Medical Center, Service Elevators, Prayer Room, Number of Bathrooms, Number of Bedrooms, Reception/Waiting Room, Sauna, Nearby Public Transport, Cafeteria or Canteen, Covered parking, Lawn or Garden, Elevators in Building, Barbeque Area, Jacuzzi, Kids Play Area, Land Area, Steam Room, Total Floors, شرفة أو تراس, صالة رياضية أو نادي صحي, مسبح, عداد كهرباء, ردهة إستقبال, مركز رعاية أطفال, مركز للإسعافات الأولية, خدمات المصاعد, غرفة صلاة, عدد دورات المياه, عدد الغرف, غرفة استقبال /انتظار, ساونا, مواصلات نقل عامة قريبة, كافيتيريا, مواقف مغطاة للسيارات, حديقة, مصاعد, مكان مخصص للشواء, جاكوزي, منطقة لعب للأطفال, مساحة الأرض, غرفة بخار, عدد الطوابق",,,,,6.0,
503983350,https://www.bayut.eg/en/property/details-503983350.html,algolia,True,detail_html,rent,apartment,15000.0,monthly,EGP,3.0,1.0,140.0,"Egypt, Qalyubia, Shubra al-Khaimah",خالد حمدي,False,2026-08-23,New 140m² Apartment for Rent | First Row on the Nile Corniche – Direct Nile View,en,,,Qalyubia,Shubra al-Khaimah,Shubra al-Khaimah,,ready,,,installments,,,,,,,"Covered parking, Maids Room, Security Staff, Elevators in Building, Maintenance Staff, Water Meter, 24 Hours Concierge, Cleaning Services, Electricity Meter, Service Elevators, مواقف مغطاة للسيارات, غرفة خدم, أمن و حماية, مصاعد, خدمات صيانة, عداد مياه, حراسة 24 ساعة, خدمات تنظيف, عداد كهرباء, خدمات المصاعد",,,,,107.14285714285714,
503983241,https://www.bayut.eg/en/property/details-503983241.html,algolia,True,detail_html,rent,apartment,14000.0,monthly,EGP,2.0,1.0,85.0,"Egypt, Cairo, Maadi",بيت الصفوة للتسويق العقاري,False,2026-08-23,"For Rent – Brand New Apartment | First Occupancy

New Maadi – Saqr Quraish Towers – East of the Autostrad – Behind Al-Taysir Mosq

Brand new apartment in a very quiet and upscale area, with a prime location close to all services and transportatio


For Rentn. ue",en,,,Cairo,Maadi,Maadi,furnished,ready,,,,,,,,monthly,,"Built in Kitchen Appliances, Lawn or Garden, Security Staff, Electricity Meter, Water Meter, Natural Gas, Landline, Central Heating, Service Elevators, Furnished, Broadband Internet, Satellite/Cable TV, Intercom, ATM Facility, Kids Play Area, Number of Bathrooms, Number of Bedrooms, Nearby Public Transport, CCTV Security, 24 Hours Concierge, أجهزة مطبخ مدمجة, حديقة, أمن و حماية, عداد كهرباء, عداد مياه, غاز طبيعي, خط أرضي, تدفئة مركزية, خدمات المصاعد, مفروشة, انترنت واسع النطاق, كابل قنوات تلفزيونية, اتصال داخلي, توفر أجهزة السحب الآلي, منطقة لعب للأطفال, عدد دورات المياه, عدد الغرف, مواصلات نقل عامة قريبة, نظام كاميرات مراقبة, حراسة 24 ساعة",,,,,164.7058823529412,
503453435,https://www.bayut.eg/en/property/details-503453435.html,algolia,True,detail_html,rent,other,3000.0,,EGP,1.0,1.0,120.0,"Egypt, Giza, Sheikh Zayed, Beverly Hills Compound",Cairo gate,False,2026-05-02,"استمتع بإقامة مميزة في استوديو روف مفروش بالكامل مع تراس خاص داخل كمبوند بيفرلي هيلز في الشيخ زايد. مناسب للأفراد أو الأزواج الباحثين عن الراحة والهدوء. 
الاستوديو مكيف بالكامل ويحتوي على شاشة سمارت وإنترنت سريع ومطبخ مفتوح مجهز بالكامل، مع إطلالة لاندسكيب وجلسة خارجية خاصة. 
يقع في موقع مميز بجوار مستشفى الندى، على بعد 15 دقيقة من الأهرامات و5 دقائق من أهم المولات. 
داخل كمبوند راقٍ يتميز بالمساحات الخضراء، الأمن والبوابات، والخصوصية التامة.",ar,Beverly Hills,,Giza,Sheikh Zayed,Beverly Hills Compound,furnished,ready,,,,,,,,,,"Pets Allowed, Nearby Hospitals, Conference Room, Security Staff, Landline, Number of Bedrooms, Distance From Airport (kms), Electricity Backup, Laundry Room, Other Facilities, Laundry Facility, Cleaning Services, Elevators in Building, Storage Areas, Service Elevators, Furnished, CCTV Security, View, ATM Facility, 24 Hours Concierge, Central Heating, Waste Disposal, Business Center, Nearby Shopping Malls, Water Meter, Balcony or Terrace, Completion Year, Centrally Air-Conditioned, Double Glazed Windows, Built in Kitchen Appliances, Central A/C & heating, Maintenance Staff, Total Floors, Lawn or Garden, Number of Bathrooms, مسموح بالحيوانات الاليفة, مستشفيات قريبة, غرفة اجتماعات, أمن و حماية, خط أرضي, عدد الغرف, المسافة من المطار (كم), نظام كهرباء احتياطي للطوارئ, غرفة غسيل, تسهيلات أخرى, خدمة غسيل ملابس, خدمات تنظيف, مصاعد, مناطق تخزين, خدمات المصاعد, مفروشة, نظام كاميرات مراقبة, مطل, توفر أجهزة السحب الآلي, حراسة 24 ساعة, تدفئة مركزية, مكبّ نفايات, مركز أعمال, مراكز تسوق قريبة, عداد مياه, شرفة أو تراس, سنة البناء, نظام تبريد مركزي, نوافذ زجاجية مزدوجة, أجهزة مطبخ مدمجة, تدفئة وتكييف مركزي, خدمات صيانة, عدد الطوابق, حديقة, عدد دورات المياه, balcony",,,,,25.0,
503983555,https://www.bayut.eg/en/property/details-503983555.html,algolia,True,detail_html,rent,apartment,80000.0,monthly,EGP,2.0,3.0,148.0,"Egypt, Cairo, New Cairo, 5th Settlement, Mivida Compound",Elviro Real Estate,False,2026-08-23,"code : ma24
Luxury furnished apartment for rent in Mivida | 2 beds

Area : 148 m

2 bedrooms

3 bathrooms

High end finishing

Fully furnished with elegant designs

Fully equipped kitchen with all appliances

ACs

Very prime location

Special view

____________________________

Price : 80,000
____________________________

At Elviro, we redefine residential living in New Cairo’s prime gated communities. Specializing exclusively in premium Resale and Rental properties. More than just brokers, we act as your trusted local advisors; bridging the gap between serious homeowners and discerning clients through effortless viewings, streamlined contract processes, and tailored lifestyle matching. Elviro turns real estate decisions into swift, confident moves. we offer you special offers all over New Cairo City.",en,Mivida,,Cairo,New Cairo,5th Settlement,furnished,ready,,,,,,,,,,"Centrally Air-Conditioned, Water Meter, Natural Gas, Landline, Lobby in Building, Day Care Center, Electricity Backup, Balcony or Terrace, Built in Kitchen Appliances, Central A/C & heating, Covered parking, Lawn or Garden, Security Staff, Gym or Health Club, Swimming Pool, Cleaning Services, Kids Play Area, Sauna, Jacuzzi, Cafeteria or Canteen, Electricity Meter, Barbeque Area, Central Heating, Furnished, Intercom, Shared Kitchen, نظام تبريد مركزي, عداد مياه, غاز طبيعي, خط أرضي, ردهة إستقبال, مركز رعاية أطفال, نظام كهرباء احتياطي للطوارئ, شرفة أو تراس, أجهزة مطبخ مدمجة, تدفئة وتكييف مركزي, مواقف مغطاة للسيارات, حديقة, أمن و حماية, صالة رياضية أو نادي صحي, مسبح, خدمات تنظيف, منطقة لعب للأطفال, ساونا, جاكوزي, كافيتيريا, عداد كهرباء, مكان مخصص للشواء, تدفئة مركزية, مفروشة, اتصال داخلي, مطبخ مشترك",,,,,540.5405405405405,
503983532,https://www.bayut.eg/en/property/details-503983532.html,algolia,True,detail_html,rent,apartment,35000.0,monthly,EGP,2.0,1.0,99.0,"Egypt, Cairo, New Cairo, Rehab City",Black Horse,False,2026-08-23,"A fully furnished apartment for rent in Al Rehab, located near Gate 20 and close to the club. The apartment offers 99 sqm of living space and features 2 bedrooms, a reception area, and 1 bathroom. Located on the 5th floor with elevator access, the apartment also has an intercom, natural gas, and air conditioning. It comes with new furniture and all appliances, making it ready for comfortable living in a convenient location within Al Rehab. 

The asking rent is EGP 35,000 per month.",en,Al Rehab,,Cairo,New Cairo,Rehab City,furnished,ready,,,,,,,,monthly,,"Day Care Center, Cleaning Services, Lawn or Garden, Security Staff, Landline, First Aid Medical Center, Satellite/Cable TV, Intercom, Kids Play Area, Distance From Airport (kms), CCTV Security, Cafeteria or Canteen, Business Center, Nearby Public Transport, Maintenance Staff, Gym or Health Club, Waste Disposal, Broadband Internet, Swimming Pool, Furnished, مركز رعاية أطفال, خدمات تنظيف, حديقة, أمن و حماية, خط أرضي, مركز للإسعافات الأولية, كابل قنوات تلفزيونية, اتصال داخلي, منطقة لعب للأطفال, المسافة من المطار (كم), نظام كاميرات مراقبة, كافيتيريا, مركز أعمال, مواصلات نقل عامة قريبة, خدمات صيانة, صالة رياضية أو نادي صحي, مكبّ نفايات, انترنت واسع النطاق, مسبح, مفروشة, elevator",5.0,,,,353.5353535353535,
502980802,https://www.bayut.eg/en/property/details-502980802.html,algolia,True,detail_html,rent,apartment,50000.0,monthly,EGP,2.0,2.0,130.0,"Egypt, Cairo, New Cairo, 5th Settlement, Galleria Moon Valley Compound",Horizon,False,2025-12-24,"Apartment for rent in Compound Galleria Moon Valley New Cairo
Area: 130m / Fully furnished
2 Bedrooms
2 Bathr
price :50,000 Long term only
For more : mostafa mselhy : View Contact Detail





GALLERIA MOON VALLEY NEW CAIROHome to those who are passionate about
arts… a community that attracts the
selected few, a compound with a sense of
privacy and security. 
Offering a multitude of services &
facilities all artistically designed to offer
a better life and way of living. 
Galleria has everything tailored for its
owners.",en,Galleria Moon Valley,,Cairo,New Cairo,5th Settlement,furnished,ready,,,,,,,,,,security,,,,,384.61538461538464,
503983297,https://www.bayut.eg/en/property/details-503983297.html,algolia,True,detail_html,rent,apartment,40000.0,monthly,EGP,3.0,3.0,165.0,"Egypt, Cairo, Madinaty",Provest,False,2026-08-23,"للإيجار شقة مفروشة
اول سكن B11

١٦٥ متر الدور الرابع
3 نوم و3حمام (منهم غرفه ماستر)
دبل ڤيو وايد جاردن و مفتوح ع Spinو بجوار الخدمات والمولات كارفور الاوول سيزون و منتصف الاستريب مول
مكيفه بالكامل
شاتر بغرف النوم
باب تركي مصفح
مطبخ جديد كامل مجهزه بالأجهزة بلت ان
و مزود بكافه الاجهزه الكهربائية و المنزليه هاي كوالتي
غاز نت مياه
ايجار شهري 40 للمدة السنة",mixed,,,Cairo,Madinaty,Madinaty,furnished,ready,,,installments,,,,,monthly,,garden,4.0,,,,242.42424242424244,
503863458,https://www.bayut.eg/en/property/details-503863458.html,algolia,True,detail_html,rent,apartment,60000.0,monthly,EGP,3.0,2.0,133.0,"Egypt, Cairo, New Cairo, Rehab City",Black Horse,False,2026-07-30,"Enjoy comfortable family living in this beautifully furnished apartment for rent in Al Rehab City, one of New Cairo's most established and sought-after gated communities. Featuring quality finishes and brand-new furnishings, this home is ideal for families looking for a ready-to-move-in residence in a prime location. 

The apartment offers a built-up area of 133 sqm and features 3 bedrooms, 2 bathrooms, and is located on the third floor with elevator access. Finished with excellent finishes and new furniture, the apartment provides a stylish and comfortable living environment. Residents of Al Rehab City enjoy landscaped green spaces, walking paths, shopping areas, cafés, restaurants, schools, medical facilities, sports clubs, and 24/7 security within a vibrant, self-contained community. 

Rent: EGP 60,000 per month (Final Price).",en,Al Rehab,,Cairo,New Cairo,Rehab City,furnished,ready,,,,,,,,monthly,,"Steam Room, Swimming Pool, Landline, First Aid Medical Center, Broadband Internet, Day Care Center, Waste Disposal, Lawn or Garden, Security Staff, Barbeque Area, Distance From Airport (kms), Nearby Public Transport, Cleaning Services, Satellite/Cable TV, Business Center, Gym or Health Club, Sauna, Maintenance Staff, CCTV Security, Cafeteria or Canteen, Intercom, Jacuzzi, Kids Play Area, Furnished, غرفة بخار, مسبح, خط أرضي, مركز للإسعافات الأولية, انترنت واسع النطاق, مركز رعاية أطفال, مكبّ نفايات, حديقة, أمن و حماية, مكان مخصص للشواء, المسافة من المطار (كم), مواصلات نقل عامة قريبة, خدمات تنظيف, كابل قنوات تلفزيونية, مركز أعمال, صالة رياضية أو نادي صحي, ساونا, خدمات صيانة, نظام كاميرات مراقبة, كافيتيريا, اتصال داخلي, جاكوزي, منطقة لعب للأطفال, مفروشة, security, elevator, garden",,,,,451.1278195488722,
503849501,https://www.bayut.eg/en/property/details-503849501.html,algolia,True,detail_html,rent,apartment,38000.0,monthly,EGP,3.0,3.0,243.0,"Egypt, Cairo, New Cairo, Rehab City",Black Horse,False,2026-07-27,"Enjoy spacious family living in this exceptional apartment for rent in Al Rehab City, one of New Cairo's most sought-after gated communities. With a generous layout, open views, and a peaceful setting, this property is ideal for families looking for comfort and convenience. 

The apartment offers a built-up area of 224 sqm and features 3 bedrooms, including 1 master bedroom, and 3 bathrooms. Located on the third floor, the unit enjoys a front view overlooking a wide landscaped garden and a rear street view, providing excellent natural light and ventilation. Its spacious layout makes it perfect for comfortable everyday living, while residents benefit from Al Rehab City's landscaped green areas, shopping centers, cafés, restaurants, schools, medical facilities, sports clubs, and 24/7 security. 

Rent: EGP 38,000 per month (Final Price). 
Lease Type: Annual contract.",en,Al Rehab,,Cairo,New Cairo,Rehab City,,ready,,,,,,,,monthly,,"Broadband Internet, Satellite/Cable TV, Business Center, Intercom, Waste Disposal, First Aid Medical Center, Lawn or Garden, Security Staff, Gym or Health Club, Swimming Pool, Landline, Barbeque Area, Maintenance Staff, CCTV Security, Distance From Airport (kms), Nearby Public Transport, Sauna, Steam Room, Jacuzzi, Kids Play Area, Cafeteria or Canteen, Cleaning Services, Day Care Center, انترنت واسع النطاق, كابل قنوات تلفزيونية, مركز أعمال, اتصال داخلي, مكبّ نفايات, مركز للإسعافات الأولية, حديقة, أمن و حماية, صالة رياضية أو نادي صحي, مسبح, خط أرضي, مكان مخصص للشواء, خدمات صيانة, نظام كاميرات مراقبة, المسافة من المطار (كم), مواصلات نقل عامة قريبة, ساونا, غرفة بخار, جاكوزي, منطقة لعب للأطفال, كافيتيريا, خدمات تنظيف, مركز رعاية أطفال, security, garden",,,,,156.37860082304528,
503824040,https://www.bayut.eg/en/property/details-503824040.html,algolia,True,detail_html,rent,apartment,30000.0,monthly,EGP,3.0,3.0,165.0,"Egypt, Giza, 6th of October, Mountain View iCity Compound",Red Brick Real Estate,False,2026-07-22,"Premium 3 Bedroom apartment for rent at Mountain View ICity - 6 October next to Mall of Arabia and Shooting Club

- Built-up Area: 165 SQM
- 3 Bedrooms
- 3 Bathrooms
- Fully fitted kitchen
- Air conditioning in the Master Bedroom
- Air conditioning in the Reception
- Private underground parking space
- Excellent condition
- Ready for immediate occupancy

Requested monthly Rent : EGP 30,000
Tenant's Commission : Equivalent to one month's rent



Contact us today to arrange a private viewing and secure this outstanding rental opportunity. 

---

Community & Lifestyle Features

Mountain View iCity is one of the most prestigious residential communities in 6th of October, thoughtfully designed to provide a unique lifestyle inspired by nature, open spaces, and modern architecture. 

Residents enjoy a wide range of premium amenities, including:

- 24/7 security and gated access
- CCTV surveillance
- Landscaped parks and green open spaces
- Walking, jogging and cycling trails
- Clubhouse and recreational facilities
- Swimming pools
- Children's play areas
- Dedicated parking
- Retail and commercial services
- Family-friendly environment

---

Prime Location

Ideally located in the heart of 6th of October City, Mountain View iCity offers outstanding connectivity to major roads and everyday destinations, including:

- Juhayna Square
- 26th of July Corridor
- Waslet Dahshour Road
- Mall of Arabia
- Mall of Egypt
- Arkan Plaza
- Leading international schools
- Universities
- Major hospitals and medical centers

Whether you are looking for a comfortable family home or a premium address within one of West Cairo's finest gated communities, this apartment presents an exceptional opportunity to enjoy luxury, convenience, and a vibrant lifestyle.",en,Mountain View iCity,Mountain View (DMG),Giza,6th of October,Mountain View iCity Compound,super lux,ready,,,installments,,,,,monthly,,"pool, security, garage, garden, clubhouse",,,,,181.8181818181818,
503983254,https://www.bayut.eg/en/property/details-503983254.html,algolia,True,detail_html,rent,apartment,75000.0,monthly,EGP,3.0,3.0,192.0,"Egypt, Cairo, New Cairo, 5th Settlement, Eastown Compound",Elviro Real Estate,False,2026-08-23,"Luxury Apartment with kitchen & AC'S for Rent in Eastown - SODIC

Code : es97

Property Details:

Floor: 3rd Floor
Built-up Area: 192 sqm
Layout:
3 Bedrooms (Includes 1 Master Suite with Dressing Room)

3 Bathrooms

Status: Semi-Furnished (Equipped Kitchen Cabinets & ACs Installed)_________________________________________
Key Features & Amenities:

Prime position directly on South 90th Street, steps away from the American University in Cairo (AUC). 
Generous 192 sqm footprint featuring a master suite with dressing room and optimal space distribution. 
Turnkey semi-furnished condition with climate control and fitted kitchen ready for immediate occupancy. 
24/7 top-tier gated security, electronic access gates, and full CCTV monitoring. 
Direct access to Eastown Hub commercial strip, lush central green parks, and sports facilities. __________________________________________
At Elviro, we redefine residential living in New Cairo’s prime gated communities. Specializing exclusively in premium Resale and Rental properties. More than just brokers, we act as your trusted local advisors; bridging the gap between serious homeowners and discerning clients through effortless viewings, streamlined contract processes, and tailored lifestyle matching. Elviro turns real estate decisions into swift, confident moves. we offer you special offers all over New Cairo City.",en,Eastown,SODIC,Cairo,New Cairo,5th Settlement,furnished,ready,,,,,,,,,,"Balcony or Terrace, Gym or Health Club, Barbeque Area, Sauna, CCTV Security, Security Staff, Swimming Pool, Electricity Meter, Centrally Air-Conditioned, Conference Room, Cleaning Services, Water Meter, Day Care Center, Jacuzzi, Kids Play Area, Cafeteria or Canteen, 24 Hours Concierge, Built in Kitchen Appliances, Central A/C & heating, Covered parking, Lawn or Garden, Natural Gas, Landline, First Aid Medical Center, Broadband Internet, Satellite/Cable TV, Business Center, ATM Facility, شرفة أو تراس, صالة رياضية أو نادي صحي, مكان مخصص للشواء, ساونا, نظام كاميرات مراقبة, أمن و حماية, مسبح, عداد كهرباء, نظام تبريد مركزي, غرفة اجتماعات, خدمات تنظيف, عداد مياه, مركز رعاية أطفال, جاكوزي, منطقة لعب للأطفال, كافيتيريا, حراسة 24 ساعة, أجهزة مطبخ مدمجة, تدفئة وتكييف مركزي, مواقف مغطاة للسيارات, حديقة, غاز طبيعي, خط أرضي, مركز للإسعافات الأولية, انترنت واسع النطاق, كابل قنوات تلفزيونية, مركز أعمال, توفر أجهزة السحب الآلي, security",3.0,,,,390.625,
503078814,https://www.bayut.eg/en/property/details-503078814.html,algolia,True,detail_html,rent,apartment,75000.0,monthly,EGP,3.0,2.0,136.0,"Egypt, Cairo, New Cairo, Rehab City",Black Horse,False,2026-01-24,"Exclusive Apartment | Prime Location in Al Rehab

An apartment exclusively listed with Black Horse Real Estate , located in a very prime area inside Al Rehab City, close to the Old Market and all essential services. 

* 3 Bedrooms designed for comfort and privacy

• 2 Modern Bathrooms with a practical layout

• Fully equipped with all modern appliances for easy living

• Outstanding Location
Close to Old Market & services

Central and highly desirable area

Ideal for families and professionals

A perfect combination of location, comfort, and convenience in one of Al Rehab’s best areas. 

Exclusively with Black Horse Real Estate",en,Al Rehab,,Cairo,New Cairo,Rehab City,furnished,ready,,,,,,,,,,"Jacuzzi, Cleaning Services, Pets Allowed, Facilities for Disabled, Electricity Meter, Waste Disposal, Double Glazed Windows, First Aid Medical Center, Balcony or Terrace, Covered parking, Gym or Health Club, Furnished, Laundry Room, Broadband Internet, Steam Room, Laundry Facility, Central A/C & heating, Natural Gas, Day Care Center, Built in Kitchen Appliances, Security Staff, Lobby in Building, Swimming Pool, Landline, Maintenance Staff, Water Meter, Business Center, Kids Play Area, Sauna, CCTV Security, Satellite/Cable TV, Intercom, جاكوزي, خدمات تنظيف, مسموح بالحيوانات الاليفة, تسهيلات لأصحاب الهمم, عداد كهرباء, مكبّ نفايات, نوافذ زجاجية مزدوجة, مركز للإسعافات الأولية, شرفة أو تراس, مواقف مغطاة للسيارات, صالة رياضية أو نادي صحي, مفروشة, غرفة غسيل, انترنت واسع النطاق, غرفة بخار, خدمة غسيل ملابس, تدفئة وتكييف مركزي, غاز طبيعي, مركز رعاية أطفال, أجهزة مطبخ مدمجة, أمن و حماية, ردهة إستقبال, مسبح, خط أرضي, خدمات صيانة, عداد مياه, مركز أعمال, منطقة لعب للأطفال, ساونا, نظام كاميرات مراقبة, كابل قنوات تلفزيونية, اتصال داخلي",,,,,551.4705882352941,
503982646,https://www.bayut.eg/en/property/details-503982646.html,algolia,True,detail_html,rent,apartment,85000.0,monthly,EGP,2.0,3.0,160.0,"Egypt, Cairo, New Cairo, 5th Settlement, Eastown Compound",Elviro Real Estate,False,2026-08-23,"Luxury Fully Furnished Apartment for Rent in Eastown SODIC

Code : es95

Property Details:
Built-up Area: 160 sqm
Layout: 
2 Master Bedrooms (En-suite Baths)

3 Bathrooms Total

Status: Fully Furnished with High-End Modern Furniture, ACs & Full Home Appliances______________________________________
Key Features & Amenities:
Prime position directly on South 90th Street, just seconds from the American University in Cairo (AUC). 
Premium layout featuring 2 complete master suites for maximum comfort and privacy. 
Turnkey luxury condition, fully furnished with top-quality modern interiors for immediate occupancy. 
24/7 top-tier gated security, electronic entrance gates, and full CCTV coverage. 
Direct access to Eastown Hub commercial and dining strip, lush central green parks, and sports facilities. ________________________________________
At Elviro, we redefine residential living in New Cairo’s prime gated communities. Specializing exclusively in premium Resale and Rental properties. More than just brokers, we act as your trusted local advisors; bridging the gap between serious homeowners and discerning clients through effortless viewings, streamlined contract processes, and tailored lifestyle matching. Elviro turns real estate decisions into swift, confident moves. we offer you special offers all over New Cairo City.",en,Eastown,SODIC,Cairo,New Cairo,5th Settlement,furnished,ready,,,,,,,,,,"Balcony or Terrace, Built in Kitchen Appliances, Central A/C & heating, Covered parking, Lawn or Garden, Security Staff, Gym or Health Club, Swimming Pool, Electricity Meter, Centrally Air-Conditioned, Business Center, Conference Room, ATM Facility, Kids Play Area, CCTV Security, Cafeteria or Canteen, Water Meter, Natural Gas, Landline, Barbeque Area, Day Care Center, First Aid Medical Center, Service Elevators, Furnished, Broadband Internet, Satellite/Cable TV, Study Room, 24 Hours Concierge, Cleaning Services, شرفة أو تراس, أجهزة مطبخ مدمجة, تدفئة وتكييف مركزي, مواقف مغطاة للسيارات, حديقة, أمن و حماية, صالة رياضية أو نادي صحي, مسبح, عداد كهرباء, نظام تبريد مركزي, مركز أعمال, غرفة اجتماعات, توفر أجهزة السحب الآلي, منطقة لعب للأطفال, نظام كاميرات مراقبة, كافيتيريا, عداد مياه, غاز طبيعي, خط أرضي, مكان مخصص للشواء, مركز رعاية أطفال, مركز للإسعافات الأولية, خدمات المصاعد, مفروشة, انترنت واسع النطاق, كابل قنوات تلفزيونية, غرفة دراسة, حراسة 24 ساعة, خدمات تنظيف, security",,,,,531.25,
503278764,https://www.bayut.eg/en/property/details-503278764.html,algolia,True,detail_html,rent,apartment,90000.0,monthly,EGP,2.0,3.0,150.0,"Egypt, Cairo, New Cairo, 5th Settlement, Cairo Festival City",Elviro Real Estate,False,2026-03-23,"Apartment for Rent in Cairo Festival City

This spacious apartment is perfectly located in the heart of Cairo Festival City, offering both comfort and convenience for modern living. With a total area of 150 sqm, it features a well-planned layout designed to maximize space and natural light. 

Apartment Details:

2 Bedrooms, including 1 Master Bedroom with ample closet space

3 Bathrooms with modern fixtures

Spacious living room perfect for family gatherings

Fully furnished with contemporary furniture and fittings

Prime location within the compound, providing easy access to main roads, schools, shopping centers, and recreational areas

High level of security and privacy within a gated community


This apartment is ideal for families looking for a modern lifestyle in a secure and vibrant community. The combination of space, furnishings, and location makes it a perfect choice for those who value comfort, style, and convenience. 

Price: 90,000 EGP per month

Would you like me to also prepare an Arabic version with the same detailed style?",en,,,Cairo,New Cairo,5th Settlement,furnished,ready,,,,,,,,monthly,,"Pets Allowed, Lawn or Garden, Gym or Health Club, Swimming Pool, Landline, Service Elevators, Sauna, Steam Room, Maintenance Staff, CCTV Security, Storage Areas, Built in Kitchen Appliances, Shared Kitchen, Waste Disposal, Furnished, Security Staff, Broadband Internet, Sea view, Electricity Meter, Parking Spaces, Balcony or Terrace, Central A/C & heating, Covered parking, Maids Room, Lobby in Building, Day Care Center, First Aid Medical Center, Facilities for Disabled, Study Room, 24 Hours Concierge, Intercom, Jacuzzi, Double Glazed Windows, Laundry Room, Business Center, Cleaning Services, Prayer Room, Kids Play Area, Reception/Waiting Room, Natural Gas, Satellite/Cable TV, Centrally Air-Conditioned, Water Meter, Barbeque Area, Central Heating, Electricity Backup, Freehold, Conference Room, ATM Facility, Cafeteria or Canteen, Laundry Facility, مسموح بالحيوانات الاليفة, حديقة, صالة رياضية أو نادي صحي, مسبح, خط أرضي, خدمات المصاعد, ساونا, غرفة بخار, خدمات صيانة, نظام كاميرات مراقبة, مناطق تخزين, أجهزة مطبخ مدمجة, مطبخ مشترك, مكبّ نفايات, مفروشة, أمن و حماية, انترنت واسع النطاق, يطل على البحر, عداد كهرباء, مواقف سيارات, شرفة أو تراس, تدفئة وتكييف مركزي, مواقف مغطاة للسيارات, غرفة خدم, ردهة إستقبال, مركز رعاية أطفال, مركز للإسعافات الأولية, تسهيلات لأصحاب الهمم, غرفة دراسة, حراسة 24 ساعة, اتصال داخلي, جاكوزي, نوافذ زجاجية مزدوجة, غرفة غسيل, مركز أعمال, خدمات تنظيف, غرفة صلاة, منطقة لعب للأطفال, غرفة استقبال /انتظار, غاز طبيعي, كابل قنوات تلفزيونية, نظام تبريد مركزي, عداد مياه, مكان مخصص للشواء, تدفئة مركزية, نظام كهرباء احتياطي للطوارئ, التملك الحر, غرفة اجتماعات, توفر أجهزة السحب الآلي, كافيتيريا, خدمة غسيل ملابس, security",,,,,600.0,
503982037,https://www.bayut.eg/en/property/details-503982037.html,algolia,True,detail_html,rent,apartment,23000.0,monthly,EGP,3.0,3.0,160.0,"Egypt, Cairo, Mostakbal City, L’Avenir",GH,False,2026-08-23,"Apartment for Rent in L'avenir Mostakbal City

Fully Finished With Dressing Room
Delivered

Prime Location ( View Duplex's )

Bua: 160 m²
Consists of: 3 Bedroom + 3 Bathroom + Reception + Kitchen

Price Per Month: 23,000 EGP

For more Details Send WhatsApp + Call:

View Contact Detail

----------

Green Homes brokers Company was established in 2016 located in new cairo for the purpose of real estate investment and marketing. The company is considered one of the most distinguished companies in the field of real estate investment. The company works with a lot of Egypt’s top real estate developers such as SODIC, Palm Hills, Mivida, Emaar, Sabbour, Mountain View, projects etc. 

020",en,Palm Hills,Mountain View (DMG),Cairo,Mostakbal City,L’Avenir,fully finished,ready,,primary,,,,,,monthly,,,,,,,143.75,
503148087,https://www.bayut.eg/en/property/details-503148087.html,algolia,True,detail_html,rent,apartment,45000.0,monthly,EGP,1.0,1.0,70.0,"Egypt, Cairo, New Cairo, 5th Settlement, Porto New Cairo - Nyoum Compound",Redefine,False,2026-02-10,"Code : PNC-O-414
studio for rent in porto new cairo
Prime location
1bedrooms
1 bathrooms
Fully furnished
------------------------------
Asking price : 45k
------------------------------
Porto New Cairo Compound offers a luxurious living experience in one of Egypt’s most sought-after locations. With a range of high-end apartments, villas, and townhouses, this development caters to modern lifestyles while providing seamless access to amenities. 
___________________________________
Redfin Real Estate Consultants is your new advisor to find a better future. You are looking for your dream home, we are there to guide you. Due to our long experience in the Egyptian real estate market, we offer you exactly what you are looking for, if not better, to provide all means of comfort to satisfy and comfort customers. With a wide range of properties for sale or rent located all over Cairo such as New Cairo, Al Rehab City and Madinaty.",en,Madinaty,,Cairo,New Cairo,5th Settlement,furnished,ready,,,,,,,,,,"Covered parking, Landline, Balcony or Terrace, Swimming Pool, Built in Kitchen Appliances, Security Staff, Natural Gas, Furnished, Maintenance Staff, Water Meter, Gym or Health Club, Lobby in Building, مواقف مغطاة للسيارات, خط أرضي, شرفة أو تراس, مسبح, أجهزة مطبخ مدمجة, أمن و حماية, غاز طبيعي, مفروشة, خدمات صيانة, عداد مياه, صالة رياضية أو نادي صحي, ردهة إستقبال",,,,,642.8571428571429,
503985182,https://www.bayut.eg/en/property/details-503985182.html,algolia,True,detail_html,rent,apartment,17000.0,monthly,EGP,3.0,2.0,200.0,"Egypt, Alexandria, Miami",جبل للاستثمار العقارى,False,2026-08-24,"شقة مفروشة للإيجار السنوي – ميامي
- الموقع: شارع فاروق عبد الوهاب
- التقسيم: 3 غرف + 4 ريسبشن + مطبخ + 2 حمام
- المساحة: 200 م²
- مكيفة
- سوبر لوكس
- الدور الـ 6
- شروط التعاقد: (شهر مقدم + شهرين تأمين + شهر عمولة الشركة)
- كود الوحدة: A443
Jabal Real Estate Investment",mixed,,,Alexandria,Miami,Miami,furnished,ready,,,installments,,,,,monthly,,"Completion Year, Balcony or Terrace, Furnished, Number of Bathrooms, سنة البناء, شرفة أو تراس, مفروشة, عدد دورات المياه",,,,,85.0,
503982865,https://www.bayut.eg/en/property/details-503982865.html,algolia,True,detail_html,rent,villa,225000.0,monthly,EGP,4.0,4.0,290.0,"Egypt, Cairo, New Cairo, 5th Settlement, Hyde Park New Cairo Compound",Crest views for real estate,False,2026-08-23,"Luxury fully furnished twin villa for rent in Hyde Park with a spacious private garden and premium new furniture and appliances

Built up area 290 SQM
Private garden 378 SQM with pergola
4 bedrooms including 2 master bedrooms
4 pieces reception
4 bathrooms
Nanny room with private bathroom
Driver room with private bathroom
Private elevator
Shutters in every room
Brand new appliances first use
Entire villa is brand new and first use

Hyde Park is one of New Cairo’s prestigious gated communities offering a prime location close to Road 90 and the American University with extensive green areas sports facilities retail areas restaurants cafes and a wide range of integrated services providing a luxurious peaceful and family friendly lifestyle
A unique opportunity for luxury living in one of New Cairo’s most desirable compounds",en,Hyde Park,,Cairo,New Cairo,5th Settlement,furnished,ready,,,,,,,,,,"Number of Bathrooms, Number of Bedrooms, Reception/Waiting Room, Sauna, Steam Room, Barbeque Area, Lobby in Building, Double Glazed Windows, Central Heating, Day Care Center, Balcony or Terrace, Built in Kitchen Appliances, Central A/C & heating, Covered parking, Maids Room, Pets Allowed, Lawn or Garden, Security Staff, Gym or Health Club, Swimming Pool, Electricity Meter, Sea view, Centrally Air-Conditioned, Water Meter, Storage Areas, Natural Gas, Landline, Electricity Backup, Waste Disposal, First Aid Medical Center, Service Elevators, Freehold, Furnished, Prayer Room, Laundry Room, Broadband Internet, Satellite/Cable TV, Business Center, Conference Room, Intercom, ATM Facility, Jacuzzi, Kids Play Area, Maintenance Staff, CCTV Security, Cafeteria or Canteen, Laundry Facility, Shared Kitchen, Facilities for Disabled, Study Room, 24 Hours Concierge, Cleaning Services, عدد دورات المياه, عدد الغرف, غرفة استقبال /انتظار, ساونا, غرفة بخار, مكان مخصص للشواء, ردهة إستقبال, نوافذ زجاجية مزدوجة, تدفئة مركزية, مركز رعاية أطفال, شرفة أو تراس, أجهزة مطبخ مدمجة, تدفئة وتكييف مركزي, مواقف مغطاة للسيارات, غرفة خدم, مسموح بالحيوانات الاليفة, حديقة, أمن و حماية, صالة رياضية أو نادي صحي, مسبح, عداد كهرباء, يطل على البحر, نظام تبريد مركزي, عداد مياه, مناطق تخزين, غاز طبيعي, خط أرضي, نظام كهرباء احتياطي للطوارئ, مكبّ نفايات, مركز للإسعافات الأولية, خدمات المصاعد, التملك الحر, مفروشة, غرفة صلاة, غرفة غسيل, انترنت واسع النطاق, كابل قنوات تلفزيونية, مركز أعمال, غرفة اجتماعات, اتصال داخلي, توفر أجهزة السحب الآلي, جاكوزي, منطقة لعب للأطفال, خدمات صيانة, نظام كاميرات مراقبة, كافيتيريا, خدمة غسيل ملابس, مطبخ مشترك, تسهيلات لأصحاب الهمم, غرفة دراسة, حراسة 24 ساعة, خدمات تنظيف, elevator, garden, gym",,378.0,,,775.8620689655172,
503986835,https://www.bayut.eg/en/property/details-503986835.html,algolia,True,detail_html,rent,other,40000.0,monthly,EGP,1.0,1.0,60.0,"Egypt, Cairo, Maadi, Sarayat El Maadi",Maadi Real Estate,False,2026-08-24,"Luxury Studio for Rent in the Heart of Sarayat El Maadi Located on one of the most prestigious streets in Sarayat El Maadi, offering a prime location in one of Maadi’s most elegant and peaceful residential areas. 
Brand-new studio, first occupancy, featuring modern and stylish furniture. Fully ready for immediate move-in and ideal for anyone looking for comfort, privacy, and a premium lifestyle. 
Features:
 First occupancy Modern & elegant furniture Modern, high-quality finishing Excellent natural light & ventilation High level of security & privacy 24-hour security & guards Prime location in the heart of Sarayat El Maadi Close to major roads and essential services Near restaurants, cafés, shops, and daily amenities Quiet, upscale, and prestigious residential area Move-in ready Ideal for expats and professionals If you’re looking for a stylish studio in one of the best locations in Sarayat El Maadi, this is an excellent choice. 
For details & viewing:
View Contact Detail",en,,,Cairo,Maadi,Sarayat El Maadi,furnished,ready,,,installments,,,,,,,"Security Staff, Electricity Meter, Water Meter, Natural Gas, Landline, Freehold, Furnished, Broadband Internet, Number of Bedrooms, CCTV Security, 24 Hours Concierge, أمن و حماية, عداد كهرباء, عداد مياه, غاز طبيعي, خط أرضي, التملك الحر, مفروشة, انترنت واسع النطاق, عدد الغرف, نظام كاميرات مراقبة, حراسة 24 ساعة, security",,,,,666.6666666666666,
503983407,https://www.bayut.eg/en/property/details-503983407.html,algolia,True,detail_html,rent,apartment,30000.0,monthly,EGP,4.0,4.0,290.0,"Egypt, Giza, Hadayek al-Ahram, Gate 3 - Menkaure",199St. Real estate,False,2026-08-23,"Location: Hadayek Al Ahram - Old 2nd Gate - Zone E, prime location close to services and main roads. 
Finishing & Furnishing: Ultra Super Lux finishing with brand new ""Qabbani"" modern furniture (first use) and central AC throughout the apartment. 
Internal Layout: 4 Bedrooms (including 3 Master Bedrooms) + Additional Bathroom + Spacious Reception + Fully equipped kitchen with all appliances. 
Features: Luxury finishing, move-in ready, prime location. 
Monthly Rent: 30,000 EGP.",en,,,Giza,Hadayek al-Ahram,Gate 3 - Menkaure,furnished,ready,,,installments,,,,,monthly,,"Landline, Number of Bedrooms, Security Staff, Satellite/Cable TV, Maintenance Staff, Centrally Air-Conditioned, Natural Gas, Water Meter, Elevators in Building, Down Payment, Waste Disposal, Broadband Internet, Cleaning Services, Total Floors, خط أرضي, عدد الغرف, أمن و حماية, كابل قنوات تلفزيونية, خدمات صيانة, نظام تبريد مركزي, غاز طبيعي, عداد مياه, مصاعد, المقدم, مكبّ نفايات, انترنت واسع النطاق, خدمات تنظيف, عدد الطوابق, central ac",,,,,103.44827586206897,
503926930,https://www.bayut.eg/en/property/details-503926930.html,algolia,True,detail_html,rent,penthouse,60000.0,monthly,EGP,3.0,4.0,220.0,"Egypt, Cairo, New Cairo, 5th Settlement, Fifth Square Compound",Estimate Real Estate,False,2026-08-12,"Semi-furnished 220m² Penthouse for Rent in Al Marasem

Area: 220m² + 140m² roof terrace

Layout: 3 bedrooms + 4 bathrooms

Semi-furnished (includes kitchen and air conditioning units)

Laundry room

Asking price: 60,000 EGP/month

For more details, please contact:

Ms. Maria: View Contact Detail

-------------------------------------------------------------------------------------------------------------",en,,Al Marasem Development,Cairo,New Cairo,5th Settlement,furnished,ready,,,,,,,,,,balcony,,,,,272.72727272727275,
321875702,https://www.bayut.eg/تفاصيل-503983071/العقار.html,algolia,False,,rent,apartment,30000.0,monthly,EGP,3.0,1.0,125.0,"Egypt, Alexandria, Al Ibrahimiyyah",Maskoon,False,2026-08-23,,,,,Alexandria,Al Ibrahimiyyah,,furnished,ready,,,installments,,,,,monthly,,elevator,,,,,240.0,
503982153,https://www.bayut.eg/en/property/details-503982153.html,algolia,True,detail_html,rent,apartment,30000.0,monthly,EGP,3.0,3.0,165.0,"Egypt, Cairo, Madinaty",Elite home,False,2026-08-23,"rent Be the first to live in this 165 sqm apartment in Madinaty! 
Looking for a semi-finished/unfurnished rental in a prime location? This one is worth checking out
B10 – Madinaty
165 sqm | 4th floor
3 Bedrooms, including a Master Bedroom
3 Bathrooms
3-piece Reception
Special Finishes
Open & unobstructed view
Steps away from services & All Seasons Park
First Occupancy | Unfurnished Rental
A great choice for a family looking for space, privacy, and convenience in one of Madinaty’s sought-after locations. 
Want the rental price and photos? Send us a message with “B10”",en,Madinaty,,Cairo,Madinaty,Madinaty,furnished,ready,,,installments,,,,,,,"Completion Year, Balcony or Terrace, Lawn or Garden, Security Staff, Gym or Health Club, Electricity Meter, Water Meter, Natural Gas, Landline, Elevators in Building, View, Barbeque Area, Lobby in Building, Day Care Center, Waste Disposal, First Aid Medical Center, Service Elevators, Broadband Internet, Nearby Public Transport, Maintenance Staff, CCTV Security, Cafeteria or Canteen, Shared Kitchen, 24 Hours Concierge, Cleaning Services, Total Floors, Satellite/Cable TV, Business Center, Conference Room, Intercom, ATM Facility, Kids Play Area, Number of Bathrooms, Number of Bedrooms, Nearby Schools, Nearby Hospitals, Nearby Shopping Malls, Distance From Airport (kms), سنة البناء, شرفة أو تراس, حديقة, أمن و حماية, صالة رياضية أو نادي صحي, عداد كهرباء, عداد مياه, غاز طبيعي, خط أرضي, مصاعد, مطل, مكان مخصص للشواء, ردهة إستقبال, مركز رعاية أطفال, مكبّ نفايات, مركز للإسعافات الأولية, خدمات المصاعد, انترنت واسع النطاق, مواصلات نقل عامة قريبة, خدمات صيانة, نظام كاميرات مراقبة, كافيتيريا, مطبخ مشترك, حراسة 24 ساعة, خدمات تنظيف, عدد الطوابق, كابل قنوات تلفزيونية, مركز أعمال, غرفة اجتماعات, اتصال داخلي, توفر أجهزة السحب الآلي, منطقة لعب للأطفال, عدد دورات المياه, عدد الغرف, مدارس قريبة, مستشفيات قريبة, مراكز تسوق قريبة, المسافة من المطار (كم)",3.0,,,,181.8181818181818,
503980470,https://www.bayut.eg/en/property/details-503980470.html,algolia,True,detail_html,rent,apartment,39999.0,monthly,EGP,3.0,2.0,131.0,"Egypt, Cairo, New Cairo, Rehab City",Apeiron,False,2026-08-23,"Apartment for Rent in Rehab City – New Cairo

Fully furnished apartment for rent in Rehab City, Phase 4, featuring a comfortable layout, full kitchen, elevator access, and a prime location within one of New Cairo's most established residential communities. 

Property Details:

Property Type: Apartment

Phase 4

4th Floor

Elevator

3 Bedrooms

2 Bathrooms

Fully Furnished

Fully Equipped Kitchen

Rental Price:

EGP 45,000 per month

Negotiable to EGP 40,000

For more information or to arrange a viewing, please contact us. 

------------------------------------------------

Rehab City Features:


24/7 gated security

Landscaped gardens and green spaces

Clubhouses and sports facilities

Swimming pools and recreational facilities

Shopping malls and retail outlets

Cafés and restaurants

Schools and medical facilities

Prime location in New Cairo

Easy access to major roads and transportation

------------------------------------------------

Apeiron Brokerage Consulting – Your Trusted Advisor for a Better Future!

At Apeiron, we help you find the right property with trusted expertise and extensive experience in the Egyptian real estate market. Whether you are looking for a home or an investment, we offer carefully selected properties that match your needs, lifestyle, and budget. 

Why Choose Apeiron?

A wide selection of premium properties for sale and rent across New Cairo, Madinaty, Rehab City, and other prime locations. 

Exclusive property opportunities and flexible payment plans. 

Strong relationships and cooperation with leading developers, including Palm Hills, SODIC, Emaar, Mountain View, and more. 

Professional guidance from property selection to viewing and closing. 

Contact us today and let us help you find your perfect home.",en,Palm Hills,Mountain View (DMG),Cairo,New Cairo,Rehab City,furnished,ready,,primary,installments,,,,,monthly,,"Security Staff, Water Meter, Storage Areas, Barbeque Area, Double Glazed Windows, Central Heating, Day Care Center, Electricity Backup, Service Elevators, Freehold, Furnished, Prayer Room, Satellite/Cable TV, Steam Room, Maintenance Staff, Shared Kitchen, Facilities for Disabled, Study Room, Cleaning Services, Sauna, Sea view, Lobby in Building, Waste Disposal, Cafeteria or Canteen, Electricity Meter, First Aid Medical Center, Balcony or Terrace, Built in Kitchen Appliances, Central A/C & heating, Covered parking, Maids Room, Pets Allowed, Lawn or Garden, Gym or Health Club, Swimming Pool, Centrally Air-Conditioned, Natural Gas, Landline, Laundry Room, Broadband Internet, Business Center, Conference Room, Intercom, Jacuzzi, Kids Play Area, CCTV Security, Laundry Facility, 24 Hours Concierge, أمن و حماية, عداد مياه, مناطق تخزين, مكان مخصص للشواء, نوافذ زجاجية مزدوجة, تدفئة مركزية, مركز رعاية أطفال, نظام كهرباء احتياطي للطوارئ, خدمات المصاعد, التملك الحر, مفروشة, غرفة صلاة, كابل قنوات تلفزيونية, غرفة بخار, خدمات صيانة, مطبخ مشترك, تسهيلات لأصحاب الهمم, غرفة دراسة, خدمات تنظيف, ساونا, يطل على البحر, ردهة إستقبال, مكبّ نفايات, كافيتيريا, عداد كهرباء, مركز للإسعافات الأولية, شرفة أو تراس, أجهزة مطبخ مدمجة, تدفئة وتكييف مركزي, مواقف مغطاة للسيارات, غرفة خدم, مسموح بالحيوانات الاليفة, حديقة, صالة رياضية أو نادي صحي, مسبح, نظام تبريد مركزي, غاز طبيعي, خط أرضي, غرفة غسيل, انترنت واسع النطاق, مركز أعمال, غرفة اجتماعات, اتصال داخلي, جاكوزي, منطقة لعب للأطفال, نظام كاميرات مراقبة, خدمة غسيل ملابس, حراسة 24 ساعة, pool, security, elevator, garden, clubhouse",4.0,,,True,305.3358778625954,
503979661,https://www.bayut.eg/en/property/details-503979661.html,algolia,True,detail_html,rent,apartment,40000.0,monthly,EGP,2.0,1.0,90.0,"Egypt, Cairo, New Cairo, Rehab City",Start Homes 2,False,2026-08-23,"Apartment for rent in Al Rehab City 1
Area: 90 sq m
Prime location in Phase 5
Next to Othman Ibn Affan Mosque, Abu Bakr Al Siddiq Mosque, and Al Rehab Club
Third floor
Next to gates 17 & 19
Fully air-conditioned and furnished
High-end finishes
Consists of:
2 bedrooms + 1 bathroom
Viewings available
Price: 40,000 EGP
================
Agent directly from the owner
- For more information and inquiries, please contact us. Abdo Farghal
View Contact Detail

https://wa. me/View Contact Detail
Start Homes Real Estate Marketing and Investment Company, Al Rehab & Madinaty Branch
Sales Executive, Start Homes Company, Direct Agent from Owner, Start Homes Marketing Company, Gateway Mall
- Office No. AF6 - First Floor - Al Rehab City - New Cairo

We are honored and pleased to hear from you",en,Madinaty,,Cairo,New Cairo,Rehab City,furnished,ready,,resale,,,,,,,,"Covered parking, Security Staff, Electricity Meter, Water Meter, Natural Gas, Furnished, CCTV Security, Parking Spaces, 24 Hours Concierge, Balcony or Terrace, مواقف مغطاة للسيارات, أمن و حماية, عداد كهرباء, عداد مياه, غاز طبيعي, مفروشة, نظام كاميرات مراقبة, مواقف سيارات, حراسة 24 ساعة, شرفة أو تراس",,,,,444.44444444444446,
503979573,https://www.bayut.eg/en/property/details-503979573.html,algolia,True,detail_html,rent,apartment,110000.0,monthly,EGP,3.0,3.0,220.0,"Egypt, Cairo, New Cairo, 5th Settlement, Cairo Festival City",Ninety Two,False,2026-08-23,"Code: NT⁹²##_CFCr7
Fully Furnished Apartment for Rent in Cairo Festival City – New Cairo
Enjoy premium living in Cairo Festival City (CFC) with this spacious fully furnished ground-floor apartment, featuring a private garden and a comfortable family-friendly layout. Ideal for foreign tenants looking for a long-term rental. 
Property Details:
Area: 220 SQM
Ground Floor with Garden
3 Bedrooms
3 Bathrooms
Fully Furnished
Private Garden
Spacious Reception & Living Area
Prime Location
Rental Details:
USD 2,200 / Month Long-Term Rental For Foreigners Only Commission: Half Month",en,,,Cairo,New Cairo,5th Settlement,furnished,ready,,,,,,,,monthly,,"Built in Kitchen Appliances, Lawn or Garden, Security Staff, Landline, Barbeque Area, Day Care Center, Waste Disposal, Laundry Room, Broadband Internet, Satellite/Cable TV, Business Center, Conference Room, Intercom, Kids Play Area, Maintenance Staff, CCTV Security, Cafeteria or Canteen, Laundry Facility, Shared Kitchen, 24 Hours Concierge, Cleaning Services, أجهزة مطبخ مدمجة, حديقة, أمن و حماية, خط أرضي, مكان مخصص للشواء, مركز رعاية أطفال, مكبّ نفايات, غرفة غسيل, انترنت واسع النطاق, كابل قنوات تلفزيونية, مركز أعمال, غرفة اجتماعات, اتصال داخلي, منطقة لعب للأطفال, خدمات صيانة, نظام كاميرات مراقبة, كافيتيريا, خدمة غسيل ملابس, مطبخ مشترك, حراسة 24 ساعة, خدمات تنظيف, garden",,3.0,,,500.0,
193694112,https://www.bayut.eg/en/property/details-193694112.html,algolia,True,detail_html,rent,apartment,8000.0,monthly,EGP,3.0,2.0,150.0,"Egypt, Giza, Hadayek al-Ahram",محمد أبوزيد,False,2022-10-06,"شقه للايجار ثلاث غرف ورسبشن
                                                        و2حمام تشطيب سوبر لوكس كل الخدمات موجوده ايجار8000جنيه
كل
                                                        الاسعار متاحه والمواصلات موجوده

ارضي بجنينه
                                                        موجود

دوبلكس موجود

روف
                                                        موجود

مفروش موجود

للتواصل مع الحاج محمد
                                                        ابوزيد

View
                                                            Contact Detail
View Contact
                                                            Detailمن",mixed,,,Giza,Hadayek al-Ahram,Hadayek al-Ahram,furnished,ready,,,installments,,,,,,,"Landline, Security Staff, Completion Year, Water Meter, Balcony or Terrace, Electricity Meter, Elevators in Building, Natural Gas, Down Payment, خط أرضي, أمن و حماية, سنة البناء, عداد مياه, شرفة أو تراس, عداد كهرباء, مصاعد, غاز طبيعي, المقدم",,,,,53.333333333333336,
503983063,https://www.bayut.eg/en/property/details-503983063.html,algolia,True,detail_html,rent,other,55000.0,monthly,EGP,0.0,0.0,60.0,"Egypt, Cairo, New Cairo, 5th Settlement, Campus District 5",Ovk real estate,False,2026-08-23,"Establish your business in a dynamic corporate hub. This fully finished office space is now available for rent in District 5 Business Park by Marakez, near New Cairo. Spanning a functional 59 SQM layout, the workspace features high-end contemporary finishes and is ready for immediate move-in and operation. 
Office Details:
Development: District 5 Business Park (By Marakez). Location: New Kattameya - Minutes from New Cairo. Unit Type: Office Space (For Rent). Built-up Area (BUA): 59 SQM. Finishing Status: Fully Finished (Super Lux). Occupancy: Ready to Move-in / Handover immediately. Asking Rent: 56,000 EGP / Month. Business Park Features:
High-yield corporate investment location offering a world-class business environment. 24/7 top-tier gated security, smart access control, and full surveillance. Modern glass facades, luxurious reception lobbies, central AC systems, and high-speed elevators. Ample underground parking facilities for staff and visiting clients. Seamless access to District 5 Mall, international dining hubs, and banking services. Unbeatable strategic location with direct connectivity to Mosheer Tantawy Axis and Sokhna Road.",en,District 5,Marakez,Cairo,New Cairo,5th Settlement,super lux,ready,,,installments,,,,,monthly,,"security, garage, elevator, central ac",,,,,916.6666666666666,
503982828,https://www.bayut.eg/en/property/details-503982828.html,algolia,True,detail_html,rent,other,50000.0,monthly,EGP,0.0,0.0,220.0,"Egypt, Cairo, New Cairo, 1st Settlement, El Banafseg 11",Almaz real estate,False,2026-08-23,"E18541T
(D)
Unfurnished apartment for rent, suitable for administrative use, in Al Banafseg 11 Villas, First Settlement. 
Area: 220 square meters
3 rooms
2 bathrooms
Second floor
Price (unfurnished): 50,000 EGP
Price (with air conditioning): 55,000 EGP
Located directly opposite Waterway Compound. 
A short walk from the main Mohamed Naguib Axis. 
Near North 90th Street. Easy access to Youssef El Sebaei Axis.",en,The Waterway,,Cairo,New Cairo,1st Settlement,furnished,ready,,,,,,,,,,"Completion Year, Security Staff, Landline, Broadband Internet, سنة البناء, أمن و حماية, خط أرضي, انترنت واسع النطاق",,,,,227.27272727272728,
503982313,https://www.bayut.eg/en/property/details-503982313.html,algolia,True,detail_html,rent,other,30000.0,monthly,EGP,0.0,0.0,110.0,"Egypt, Alexandria, Al Ibrahimiyyah",Inspire Homes,False,2026-08-23,"Administrative Office for Rent 110 sqm, Ibrahimia (Steps Away from the Sea) - EGP 30,000 Monthly
• Agent: Habiba Alaa View Contact Detail
• 3 Rooms - 2 Reception Areas - 1 Bathroom
• Elevated Ground Floor, Building has 12 Floors
• Open View from the Rooms and Reception Areas
• Licensed for Administrative Use, Built in 2009
• Suitable for a Dental Clinic
• EGP 30,000 Monthly
• Contract Terms: (2 Months Advance Payment - 1 Month Security Deposit - 1 Month Commission)
• Code: 03420
________________
For more details about the unit, contact the agent: Habiba Alaa
Phone: View Contact Detail
WhatsApp: https://wa. me/2View Contact Detail
Or send us your name and phone number in the page messages and we will contact you
________________________
To contact the company directly or our team:
Call us: View Contact Detail
WhatsApp: https://wa. me/2View Contact Detail
Company Address: Alexandria, Smouha, 14th of May Road, Al Sayadla Towers, Tower 5, 2nd Floor",en,,,Alexandria,Al Ibrahimiyyah,Al Ibrahimiyyah,,ready,,,,,,,,monthly,,"Completion Year, Balcony or Terrace, Security Staff, Lobby in Building, Reception/Waiting Room, سنة البناء, شرفة أو تراس, أمن و حماية, ردهة إستقبال, غرفة استقبال /انتظار, security",2.0,,,,272.72727272727275,
503982030,https://www.bayut.eg/en/property/details-503982030.html,algolia,True,detail_html,rent,apartment,25000.0,monthly,EGP,4.0,3.0,200.0,"Egypt, Cairo, Madinaty",Elegant House Madinty,False,2026-08-23,"Very special apartment for rent, empty, in Madinaty, area 200 square meters, in phase B11
Wide garden view, completely unobstructed
The apartment is on the second floor and finished by a company
Divided as follows
Large reception - 4 bedrooms - 3 bathrooms - 4 terraces - large kitchen
The apartment is fully equipped with amenities
Close to services and the Aster Mall
Rental value 25000 monthly
For communication and inspection, please contact View Contact Detail, WhatsApp supported",en,Madinaty,,Cairo,Madinaty,Madinaty,,ready,,,installments,,,,,monthly,,"Balcony or Terrace, Built in Kitchen Appliances, Pets Allowed, Lawn or Garden, Security Staff, Gym or Health Club, Swimming Pool, Water Meter, Storage Areas, Landline, Barbeque Area, Double Glazed Windows, Day Care Center, Waste Disposal, First Aid Medical Center, Freehold, Laundry Facility, Shared Kitchen, Facilities for Disabled, 24 Hours Concierge, Cleaning Services, Laundry Room, Broadband Internet, Satellite/Cable TV, Business Center, Conference Room, Intercom, Jacuzzi, Kids Play Area, Sauna, Steam Room, Maintenance Staff, CCTV Security, Cafeteria or Canteen, شرفة أو تراس, أجهزة مطبخ مدمجة, مسموح بالحيوانات الاليفة, حديقة, أمن و حماية, صالة رياضية أو نادي صحي, مسبح, عداد مياه, مناطق تخزين, خط أرضي, مكان مخصص للشواء, نوافذ زجاجية مزدوجة, مركز رعاية أطفال, مكبّ نفايات, مركز للإسعافات الأولية, التملك الحر, خدمة غسيل ملابس, مطبخ مشترك, تسهيلات لأصحاب الهمم, حراسة 24 ساعة, خدمات تنظيف, غرفة غسيل, انترنت واسع النطاق, كابل قنوات تلفزيونية, مركز أعمال, غرفة اجتماعات, اتصال داخلي, جاكوزي, منطقة لعب للأطفال, ساونا, غرفة بخار, خدمات صيانة, نظام كاميرات مراقبة, كافيتيريا, garden, balcony",,,,,125.0,
503980449,https://www.bayut.eg/en/property/details-503980449.html,algolia,True,detail_html,rent,apartment,80000.0,monthly,EGP,3.0,3.0,198.0,"Egypt, Cairo, New Cairo, 5th Settlement, Mivida Compound",Elviro Real Estate,False,2026-08-23,"Ultra Super Lux Apartment PooL View for Rent with Kitchen & AC's in Mivida

Code : mi85

Property Details:

Floor: 2nd Floor
Built-up Area: 198 sqm
Layout:
3 Bedrooms

3 Bathrooms

Status: Semi-Furnished (Equipped Kitchen Cabinets & ACs Installed)____________________________________
Key Features & Amenities:
Prime position inside Emaar's signature Mivida compound in the heart of New Cairo. 
Generous 198 sqm floor plan designed for family living and comfort. 
Turnkey semi-furnished condition complete with kitchen cabinetry and climate control. 
24/7 world-class security, electronic gates, and integrated facility management. 
Access to lush central parks, Mivida Sports Club, international schools, and commercial strips. ________________________________________
At Elviro, we redefine residential living in New Cairo’s prime gated communities. Specializing exclusively in premium Resale and Rental properties. More than just brokers, we act as your trusted local advisors; bridging the gap between serious homeowners and discerning clients through effortless viewings, streamlined contract processes, and tailored lifestyle matching. Elviro turns real estate decisions into swift, confident moves. we offer you special offers all over New Cairo City.",en,Mivida,Emaar Misr,Cairo,New Cairo,5th Settlement,furnished,ready,,,,,,,,,,"Lawn or Garden, 24 Hours Concierge, Security Staff, Gym or Health Club, Centrally Air-Conditioned, Barbeque Area, Satellite/Cable TV, Kids Play Area, Steam Room, Balcony or Terrace, Central A/C & heating, Covered parking, Swimming Pool, Electricity Meter, Water Meter, Natural Gas, Landline, Day Care Center, First Aid Medical Center, Service Elevators, Broadband Internet, Business Center, Conference Room, ATM Facility, Jacuzzi, Sauna, CCTV Security, Cafeteria or Canteen, حديقة, حراسة 24 ساعة, أمن و حماية, صالة رياضية أو نادي صحي, نظام تبريد مركزي, مكان مخصص للشواء, كابل قنوات تلفزيونية, منطقة لعب للأطفال, غرفة بخار, شرفة أو تراس, تدفئة وتكييف مركزي, مواقف مغطاة للسيارات, مسبح, عداد كهرباء, عداد مياه, غاز طبيعي, خط أرضي, مركز رعاية أطفال, مركز للإسعافات الأولية, خدمات المصاعد, انترنت واسع النطاق, مركز أعمال, غرفة اجتماعات, توفر أجهزة السحب الآلي, جاكوزي, ساونا, نظام كاميرات مراقبة, كافيتيريا, pool, security",2.0,,,,404.04040404040404,
503979119,https://www.bayut.eg/en/property/details-503979119.html,algolia,True,detail_html,rent,apartment,50000.0,monthly,EGP,3.0,3.0,150.0,"Egypt, Cairo, Madinaty",Start Homes 2,False,2026-08-23,"Apartment for Rent Furnished in Madinaty B15

Unit Details:

- Area : 150 m

- Round : V

- Number of Bedrooms : 3 Bedrooms

- Number of Bathrooms : 3 Bathrooms

- Modern carpets

- Fully air-conditioned

- Special finishing

- Furnished apartment for rent in the finest areas of my city B15 with special finishes and modern mattresses. 

- Required 50,000

________

For more details please contact:

Asmaa View Contact Detail

https://wa. me/2View Contact Detail

----------------------------------------

Start Homes Real Estate Marketing & Investment

East Hub – Building 18 – First Floor

Office F11",en,Madinaty,,Cairo,Madinaty,Madinaty,furnished,ready,,,,,,,,,,"Balcony or Terrace, Built in Kitchen Appliances, Central A/C & heating, Covered parking, Security Staff, Electricity Meter, Waste Disposal, CCTV Security, 24 Hours Concierge, شرفة أو تراس, أجهزة مطبخ مدمجة, تدفئة وتكييف مركزي, مواقف مغطاة للسيارات, أمن و حماية, عداد كهرباء, مكبّ نفايات, نظام كاميرات مراقبة, حراسة 24 ساعة",,,,,333.3333333333333,
503979118,https://www.bayut.eg/en/property/details-503979118.html,algolia,True,detail_html,rent,townhouse,85000.0,monthly,EGP,4.0,4.0,225.0,"Egypt, Cairo, Shorouk City, EL Patio 5",C-Seven Real Estate,False,2026-08-23,"Townhouse quadro for rent
El patio 5 east el shorouk
Prime location
Area 225m
Bua 202m
Details
4 bedroom
4 bathroom
Private swimming pool
Delivered-Rtm
Fully finished
Price: 85.000

It is one of the most luxurious compounds with real fine living standards in its elegant residential units like townhouses, twin houses, and villas with wide gardens, fountains, swimming pools and different services as well. 


##The Real Estate Developer of El Patio 5 East project

The real estate developer of El Patio Casa compound is La Vista Developments, which is one of the leading companies in real estate development. Through its spectacular creative vision, it was able to use its amazing designs to serve the needs of its clients for more comfort and luxury. 
The company had made its promise of responsibility, dedication, and commitment to deadlines ever since it was founded in 1991, and therefore, it gained its clients’ loyalty in no time. 
La Vista includes many dedicated professional architects and landscape designers that combine modernism and nature in their designs to provide the residents with comfort and calamity. 


##Previous Works of the Real Estate La Vista Developments

The company was always dedicated to developing a lot of exceptional projects of resorts and compounds in Egypt. It also made sure that the inner and the outer designs of its units are all creative and amazing among the large green areas and beautiful natural landscapes. The company has undertaken several major projects, such as:
-El Patio, El Shorouk City
-El Patio, New Cairo City
-El Patio, 6th of October City
-La Vista, Ain Sokhna
-La Vista, Marsa Alam",en,,La Vista Developments,Cairo,Shorouk City,EL Patio 5,super lux,ready,,primary,installments,,,,,,,"Balcony or Terrace, Lawn or Garden, Security Staff, Swimming Pool, Barbeque Area, Kids Play Area, شرفة أو تراس, حديقة, أمن و حماية, مسبح, مكان مخصص للشواء, منطقة لعب للأطفال, pool, garden",,,,,377.77777777777777,
503978942,https://www.bayut.eg/en/property/details-503978942.html,algolia,True,detail_html,rent,other,69500.0,monthly,EGP,0.0,0.0,75.0,"Egypt, Giza, Sheikh Zayed, The Gate Plaza Mall",Property Leaders,False,2026-08-23,"clinic for rent
el shiekh zayed
mall zayed plaza
space 78 m
fully finished with AC
2 rooms
2 toilets
reception



Why Choose Property Leaders?At Property Leaders, we leverage our extensive experience in the real estate market to provide you with the best solutions and opportunities for selling and renting residential, commercial, medical, and administrative units in prime locations, including Sheikh Zayed, New Zayed, and 6th of October. 
We offer a wide range of administrative spaces and offices in the most prestigious developments and malls in Sheikh Zayed. 
Comprehensive coverage of the strongest and most prestigious compounds and real estate developments.",en,,,Giza,Sheikh Zayed,The Gate Plaza Mall,fully finished,ready,,,,,,,,,,,,,,,926.6666666666666,
503978288,https://www.bayut.eg/en/property/details-503978288.html,algolia,True,detail_html,rent,apartment,5000.0,,EGP,2.0,2.0,120.0,"Egypt, Giza, Sheikh Zayed, ZED West Compound",Vizit Experience,False,2026-08-23,"Two-Bedroom Apartment for Rent in Sheikh Zayed

Location: Located in the heart of Sheikh Zayed, directly opposite Hyper One and close to Arkan Plaza and Mall of Arabia. 

Apartment Features:

Two spacious bedrooms. 

Two bathrooms with luxurious finishes. 

Elegant, brand-new furniture. 

Reception area with a beautiful view of the park and green spaces. 

Fully equipped kitchen. 

Rent includes maintenance, air conditioning, and Wi-Fi. 

Cleaning service for long-term stays. 

Suitable for families. 


Apartment Advantages:

Beautiful views of the green spaces. 

Strategic location close to major shopping and entertainment destinations such as Mall of Arabia and Arkan Plaza. 

Luxurious finishing and modern furniture, ready for immediate move-in. 


Location Amenities:

Spacious green areas with walking and cycling paths. 

24/7 security and surveillance. 

Organized parking facilities. 

Fully equipped gym. 

Upscale restaurants and cafés. 

Music and entertainment events. 


Nearby Attractions:

Mall of Arabia. 

Arkan Plaza. 

Galleria 40. 

Walk of Cairo. 

The Pyramids of Giza and the Sphinx (approximately 30 minutes by car). 

Media Production City. 

Ski Egypt at Mall of Egypt in 6th of October City. 


Price: EGP 5,000 per night. 

For bookings and inquiries:",en,كمبوند ZED,,Giza,Sheikh Zayed,ZED West Compound,furnished,ready,,,,,,,,monthly,,"security, garage, garden, gym",,,,,41.666666666666664,
503819329,https://www.bayut.eg/en/property/details-503819329.html,algolia,True,detail_html,rent,apartment,45000.0,monthly,EGP,2.0,2.0,150.0,"Egypt, Giza, 6th of October, Hyde Park Compound",Ovk real estate,False,2026-07-21,"Compound & Phase: Hyde Park - NCV Phase (New Cairo). Unit Type: Apartment (For Rent). Floor: 5th Floor. Built-up Area: 150 SQM. Layout: 2 Bedrooms + 2 Bathrooms + Spacious Reception + Kitchen & Terrace. Status: Semi-furnished. Asking Price: 45,000 EGP / Month. Compound Amenities:
24/7 top-tier gated security and comprehensive surveillance systems. Surrounded by vast green central landscapes, pedestrian trails, and scenic parks. Direct access to Turf Sporting Club, high-end clubhouses, and the vibrant ""Hyde Out"" commercial hub. Prime strategic location directly on Main 90th Street and the Middle Ring Road.",en,Hyde Park,,Giza,6th of October,Hyde Park Compound,furnished,ready,,,installments,,,,,monthly,,"Sauna, Central A/C & heating, Furnished, Built in Kitchen Appliances, CCTV Security, Double Glazed Windows, Shared Kitchen, Lawn or Garden, Security Staff, Swimming Pool, Centrally Air-Conditioned, Natural Gas, Barbeque Area, Laundry Room, Jacuzzi, ساونا, تدفئة وتكييف مركزي, مفروشة, أجهزة مطبخ مدمجة, نظام كاميرات مراقبة, نوافذ زجاجية مزدوجة, مطبخ مشترك, حديقة, أمن و حماية, مسبح, نظام تبريد مركزي, غاز طبيعي, مكان مخصص للشواء, غرفة غسيل, جاكوزي, security, garden, clubhouse, balcony",5.0,,,,300.0,
502670991,https://www.bayut.eg/en/property/details-502670991.html,algolia,True,detail_html,rent,other,55000.0,monthly,EGP,0.0,0.0,250.0,"Egypt, Giza, Dokki",Al Khabir Realestate,False,2025-10-08,"Administrative office on Mossadeq Street, suitable for administrative and medical purposes. 

Specifications:

• 250 square meters

• 3 rooms, including a master bedroom

• Large reception area (can be divided)

• 3 bathrooms

• Kitchen

• Second floor

• 2 elevators

• Super deluxe finishing and decor

• Prime and upscale location

• Close to banks, all services, and shops

• Administrative building with an elegant entrance

• 24-hour security

• Price: 55,000 EGP

Video available on WhatsApp

View Contact Detail",en,,,Giza,Dokki,Dokki,super lux,ready,,,,,,,,,,"security, elevator",,,,,220.0,
503982959,https://www.bayut.eg/en/property/details-503982959.html,algolia,True,detail_html,rent,apartment,80000.0,monthly,EGP,4.0,3.0,211.0,"Egypt, Cairo, Madinaty",E G R Realestate company,False,2026-08-23,"Looking for a premium furnished apartment in Madinaty? This one is definitely worth viewing!

200 SQM fully furnished apartment for rent in Madinaty B11, perfectly located near all services and the mosque. 

1st Floor – Prime North-Facing – Wide Garden View – Corner Unit. 

3 Bedrooms including a Master Bedroom | 3 Bathrooms | Spacious Reception. 

A premium location offering privacy, a beautiful view, and easy access to everything you need. 

Mahmoud Omar – View Contact Detail

E. G. R Real Estate Marketing & Investment – trusted real estate experts in El Rehab & Madinaty. 

The right home starts with the right choice… Contact us now and book your viewing!",en,Madinaty,,Cairo,Madinaty,Madinaty,furnished,ready,,,,,,,,,,garden,1.0,,,,379.1469194312796,
503982325,https://www.bayut.eg/en/property/details-503982325.html,algolia,True,detail_html,rent,other,60000.0,monthly,EGP,0.0,0.0,125.0,"Egypt, Cairo, Maadi",Amr Mohamed,False,2026-08-23,"Premium Office for Rent in Maadi – First Use – Ultra Super Lux
Prime Maadi Location
Area: 125 SQM
First Use
Fully Licensed Administrative Building
Fully Finished with Full ACs
Fire Fighting & Fire Alarm System
Safety & Security System
Sound System
Premium Marble Finishing
Premium Glass & Porcelain
Elevator
Fully equipped and move-in ready, ideal for corporate offices, headquarters, professional businesses and established companies. 
Prime Location | First Use | Fully Finished | Fully Equipped",en,,,Cairo,Maadi,Maadi,super lux,ready,,,installments,,,,,,,"security, elevator",,,,,480.0,
503982116,https://www.bayut.eg/en/property/details-503982116.html,algolia,True,detail_html,rent,other,30000.0,monthly,EGP,0.0,1.0,62.0,"Egypt, Cairo, New Cairo, 1st Settlement, Taj City Compound",Estate Link,False,2026-08-23,"We offer exclusive deals and competitive prices on premium properties in the best locations in Cairo. Choose comfort and security for your family in our safe and integrated residential communities with spacious green gardens. See the unit description below. 

============

Unit Location: Taj City Compound - New Cairo

Unit Type: Fully furnished and air-conditioned, ready to move in

Compound Features: Gardens - Malls - Security - Cafes - Children's Play Area - All Services

Area: 62 square meters

Floor: First

Layout: 1 bedroom, 1 bathroom, reception, and a fully equipped kitchen

A video of the apartment is available

============

Contact us for more details and to schedule a viewing

View Contact Detail

WhatsApp and calls are supported

Or click the WhatsApp icon and send us the unit link, and we will. . . One of our representatives will contact you immediately. 

Or, if you'd like to list your property with us, we'd be honored to work with you. 

============

For more hotel options, click on the ""View All Our Properties"" icon. 

We have hotel units, duplexes, and villas for rent and sale at competitive prices. Studios, two-bedroom, three-bedroom, or more units are available in all compounds and neighborhoods of New Cairo. 

For inquiries and complaints:

View Contact Detail

View Contact Detail",en,,,Cairo,New Cairo,1st Settlement,furnished,ready,,,installments,,,,,,,"Waste Disposal, Service Elevators, Furnished, Intercom, Kids Play Area, Number of Bathrooms, Number of Bedrooms, Completion Year, Balcony or Terrace, Built in Kitchen Appliances, Covered parking, Lawn or Garden, Security Staff, Gym or Health Club, Swimming Pool, Electricity Meter, Centrally Air-Conditioned, Water Meter, Natural Gas, Elevators in Building, Nearby Schools, Nearby Hospitals, Nearby Shopping Malls, CCTV Security, Cafeteria or Canteen, 24 Hours Concierge, مكبّ نفايات, خدمات المصاعد, مفروشة, اتصال داخلي, منطقة لعب للأطفال, عدد دورات المياه, عدد الغرف, سنة البناء, شرفة أو تراس, أجهزة مطبخ مدمجة, مواقف مغطاة للسيارات, حديقة, أمن و حماية, صالة رياضية أو نادي صحي, مسبح, عداد كهرباء, نظام تبريد مركزي, عداد مياه, غاز طبيعي, مصاعد, مدارس قريبة, مستشفيات قريبة, مراكز تسوق قريبة, نظام كاميرات مراقبة, كافيتيريا, حراسة 24 ساعة, security, garden",,,,,483.8709677419355,
503981006,https://www.bayut.eg/en/property/details-503981006.html,algolia,True,detail_html,rent,penthouse,20000.0,,EGP,3.0,3.0,140.0,"Egypt, Matruh, North Coast, Sidi Abdel Rahman, Marassi",Dream House,False,2026-08-23,"Exclusive Brand New Penthouse Chalet Direct on Lagoon for Rent in Verdi Marassi, North Coast. Offering breathtaking panoramic water views, this prime top-floor residence features 3 spacious bedrooms, a master suite, 3 bathrooms, and modern open-air living, perfect for an unforgettable summer holiday in Sidi Abdel Rahman. Property Details:
Type: Penthouse Chalet (Vacation Rental - Brand New / First Tenant)Compound / Zone: Verdi - Marassi (North Coast)View: Direct Open Lagoon ViewLayout & Specs:Bedrooms: 3 Bedrooms (Includes 1 Master Bedroom with private bathroom)Bathrooms: 3 BathroomsFurnishing: Brand new, fully furnished with luxury contemporary furniture, full air conditioning, and premium appliancesFinancial Details:
Asking Price: 20,000 EGP / NightLocation & Connectivity Advantages (Marassi - North Coast):
Strategic prime position in Verdi Marassi, surrounded by crystalline lagoons and landscaped gardens. Exclusive access to Marassi’s private beaches, golf courses, yacht marina, and world-class clubhouses. Located in Sidi Abdel Rahman Bay with fast connectivity via El Dabaa Axis and New Fouka Road. For booking and availability inquiries, call: View Contact Detail",en,Marassi,,Matruh,North Coast,Sidi Abdel Rahman,furnished,ready,,,,,,,,,,"Balcony or Terrace, Built in Kitchen Appliances, Central A/C & heating, Security Staff, Swimming Pool, Centrally Air-Conditioned, Water Meter, Storage Areas, Natural Gas, Landline, Barbeque Area, Lobby in Building, Double Glazed Windows, Central Heating, Day Care Center, Electricity Backup, Waste Disposal, First Aid Medical Center, Freehold, Furnished, Laundry Room, Broadband Internet, Satellite/Cable TV, Intercom, Maintenance Staff, CCTV Security, Laundry Facility, Facilities for Disabled, Cleaning Services, شرفة أو تراس, أجهزة مطبخ مدمجة, تدفئة وتكييف مركزي, أمن و حماية, مسبح, نظام تبريد مركزي, عداد مياه, مناطق تخزين, غاز طبيعي, خط أرضي, مكان مخصص للشواء, ردهة إستقبال, نوافذ زجاجية مزدوجة, تدفئة مركزية, مركز رعاية أطفال, نظام كهرباء احتياطي للطوارئ, مكبّ نفايات, مركز للإسعافات الأولية, التملك الحر, مفروشة, غرفة غسيل, انترنت واسع النطاق, كابل قنوات تلفزيونية, اتصال داخلي, خدمات صيانة, نظام كاميرات مراقبة, خدمة غسيل ملابس, تسهيلات لأصحاب الهمم, خدمات تنظيف, pool, garden, clubhouse",,,,,142.85714285714286,
503979971,https://www.bayut.eg/en/property/details-503979971.html,algolia,True,detail_html,rent,apartment,100000.0,monthly,EGP,4.0,3.0,310.0,"Egypt, Cairo, Mokattam, Uptown Cairo",Kayan Real Estate Consulting,False,2026-08-23,"Apartment for rent in Uptown Compound
Area: 310 square meters
4 bedrooms (including a master bedroom)
Furnished
Price: 100,000 EGP per month

Code: Ka1037
The kitchen comes fully equipped with integrated appliances and stone countertops, creating a functional space that flows directly into the living area. This 310 sqm apartment features four bedrooms and three bathrooms, providing a practical layout for daily living. Large windows throughout the unit allow for natural light, while the balcony offers a view of the water. The interior is fully furnished, ensuring the space is ready for immediate use. 

Every room is designed with utility in mind, including built-in wardrobes and a walk-in closet for storage. The inclusion of a study provides a quiet area for work, and the dedicated maids room adds extra convenience. The smart home system allows for easy control of the environment, while the central air conditioning maintains a comfortable temperature year-round. The layout maximizes the 310 sqm footprint, balancing open living spaces with private retreats. 

Residents have access to a wide range of building facilities:
- Shared pool
- Shared gym
- Shared spa
- Clubhouse
- Childrens pool
- Covered parking
- Security and doorman
- CCTV surveillance
- Lobby in building
- Elevator and service elevator
- Intercom
- Water tank pump
- Retail within compound
- Mosque within compound
- Medical center
- Gated access 24h
- EV charging
- Storage room

Situated in the Mokattam district, this apartment benefits from a location atop the hill. The area is known for its connectivity to Maadi and Nasr City, making travel straightforward. Local amenities include various retail options and medical services. 

Monthly rent is 100,000 EGP. Contact us to schedule a viewing.",en,,,Cairo,Mokattam,Uptown Cairo,furnished,ready,,,,,,,,monthly,,"Swimming Pool, Waste Disposal, Broadband Internet, Built in Kitchen Appliances, Pets Allowed, Landline, Cleaning Services, Covered parking, Lawn or Garden, Security Staff, Gym or Health Club, Barbeque Area, Lobby in Building, Satellite/Cable TV, Business Center, Intercom, Jacuzzi, Sauna, Maintenance Staff, Balcony or Terrace, Central A/C & heating, Reception/Waiting Room, مسبح, مكبّ نفايات, انترنت واسع النطاق, أجهزة مطبخ مدمجة, مسموح بالحيوانات الاليفة, خط أرضي, خدمات تنظيف, مواقف مغطاة للسيارات, حديقة, أمن و حماية, صالة رياضية أو نادي صحي, مكان مخصص للشواء, ردهة إستقبال, كابل قنوات تلفزيونية, مركز أعمال, اتصال داخلي, جاكوزي, ساونا, خدمات صيانة, شرفة أو تراس, تدفئة وتكييف مركزي, غرفة استقبال /انتظار, pool, security, garage, elevator, clubhouse, gym, balcony",,,,,322.5806451612903,
503978953,https://www.bayut.eg/en/property/details-503978953.html,algolia,True,detail_html,rent,apartment,60000.0,monthly,EGP,3.0,2.0,200.0,"Egypt, Giza, Dokki",Property Insider,False,2026-08-23,"IA255
Specifications:
- 200 meters. 
- 2 reception rooms. 
- 3 bedrooms. 
- 2 bathrooms. 
- Kitchen. 
- 9th floor. 
- 3 elevators. 

Features:
- Front-facing. 
- Steps from El-Mesaha Street. 
- Steps from the Nile Corniche. 
- Next to upscale brands, restaurants, and cafes. 
- Ultra-super-lux finishing. 
- Internet + landline. 
- Standard electricity meter. 
- Doorman. 

-- . - - -- - -------------------------
About the Company:
As one of the best real estate consultants in Egypt, we believe that knowledge is the most powerful weapon for a successful real estate consultant. Therefore, we always keep up with the latest developments in the real estate market and update our information and knowledge about relevant markets that influence our work. We are also professionals at using this knowledge to help our clients find their dream home or invest their money in the right place, whether in the short or long term. 
Company Address: First Floor, Building 38, Syria Street, Mohandessin, next to Platinum Mall",en,,,Giza,Dokki,Dokki,furnished,ready,,,,,,,,annual,,"Completion Year, Balcony or Terrace, Elevators in Building, Service Elevators, سنة البناء, شرفة أو تراس, مصاعد, خدمات المصاعد, elevator",9.0,,,,300.0,
503978826,https://www.bayut.eg/en/property/details-503978826.html,algolia,True,detail_html,rent,other,17000.0,monthly,EGP,0.0,0.0,140.0,"Egypt, Cairo, Heliopolis",النصر-العقارية-9641,False,2026-08-23,"Office 140 m for rent in Korba, Heliopolis, consisting of 3 rooms, a spacious reception, a bathroom, and a kitchen with super lux finishes and ceramic flooring, with an attractive rent of 17,000 EGP. 
Most upscale places in Heliopolis
Public transport available
Close to the metro
Quiet and elegant finishing with a northern facade
Division:
Spacious reception, three rooms, bathroom, and kitchen with a good size
Code h 33/ and other multiple alternatives available to suit all categories and purposes in Nasr City, Heliopolis, New Nozha, and Sheraton: for contact View Contact Detail
View Contact Detail
View Contact Detail
View Contact Detail",en,,,Cairo,Heliopolis,Heliopolis,super lux,ready,,,,,,,,,,,,,,,121.42857142857143,
503978758,https://www.bayut.eg/en/property/details-503978758.html,algolia,True,detail_html,rent,other,500000.0,monthly,EGP,0.0,0.0,570.0,"Egypt, Cairo, New Cairo, 5th Settlement",Future Square One,False,2026-08-23,"Administrative office 570 m² for rent for Multinationals – Prime location in Maadi Circle and Katameya - close to all main arteries – ready for immediate delivery

Administrative license - Internet - Air conditioning - Finishing at the highest level
Location: Katameya
Area: 570 m²
Layout: Open Space + 4 bathrooms + Office
For contact and to send pictures via WhatsApp:
View Contact Detail
Price 900 EGP per meter monthly rent
Unit code: RC2786
And we have other administrative and commercial units available in different sizes and prices in (New Cairo - Maadi - Zahra Maadi - Nasr City)",en,,,Cairo,New Cairo,5th Settlement,furnished,ready,,,installments,,,,,monthly,,"CCTV Security, 24 Hours Concierge, Broadband Internet, Completion Year, Balcony or Terrace, Security Staff, Landline, Elevators in Building, نظام كاميرات مراقبة, حراسة 24 ساعة, انترنت واسع النطاق, سنة البناء, شرفة أو تراس, أمن و حماية, خط أرضي, مصاعد",,,,,877.1929824561404,
503978281,https://www.bayut.eg/en/property/details-503978281.html,algolia,True,detail_html,rent,villa,150000.0,monthly,EGP,4.0,4.0,450.0,"Egypt, Cairo, New Cairo, 5th Settlement, Mivida Compound",Redefine,False,2026-08-23,"M-NA-13

Villa for Rent in Mivida
in front of the clubhouse
(On The Corner)
BUA: 450 m
Land: 228 m
4 Bedroom
4 Bathroom
Semi Furnished
——————————
Asking Price: 3000$
——————————
Facilities mivida:
• 2 International School. 
• Club house. 
• Administration buildings. 
• Mall on an area of 60,000 m. 
• Shops. 
• Integrated medical center. 
• International Hotels. 
• Sports club. 
__________________

Nearby locations from mivida:
Some of its key locations are
- 5 minutes from the AUC campus
- 15 minutes from Sokhna & Suez Roads
- 15 minutes from Main & Middle Ring Roads
- 25 minutes from Cairo Intl. Airport
- 30 minutes New Administrative Capital
__________________
Redefine Real Estate Consultants is your new advisor to find a better future. You are looking for your dream home, we are there to guide you. Due to our long experience in the Egyptian real estate market, we offer you exactly what you are looking for, if not better, to provide all means of comfort to satisfy and comfort customers. With a wide range of properties for sale or rent located all over Cairo such as New Cairo, Al Rehab City and Madinaty",en,Madinaty,,Cairo,New Cairo,5th Settlement,furnished,ready,,,,,,,,monthly,,"Kids Play Area, Sauna, Steam Room, Cafeteria or Canteen, Laundry Facility, Shared Kitchen, Covered parking, Lawn or Garden, Gym or Health Club, Swimming Pool, Electricity Meter, Barbeque Area, Day Care Center, First Aid Medical Center, Balcony or Terrace, Built in Kitchen Appliances, Laundry Room, Jacuzzi, منطقة لعب للأطفال, ساونا, غرفة بخار, كافيتيريا, خدمة غسيل ملابس, مطبخ مشترك, مواقف مغطاة للسيارات, حديقة, صالة رياضية أو نادي صحي, مسبح, عداد كهرباء, مكان مخصص للشواء, مركز رعاية أطفال, مركز للإسعافات الأولية, شرفة أو تراس, أجهزة مطبخ مدمجة, غرفة غسيل, جاكوزي, clubhouse",,,,,333.3333333333333,
503978087,https://www.bayut.eg/en/property/details-503978087.html,algolia,True,detail_html,rent,apartment,6500.0,,EGP,3.0,3.0,160.0,"Egypt, Giza, Sheikh Zayed, ZED West Compound",Vizit Experience,False,2026-08-23,"3-Bedroom Apartment for Rent in Zed Towers – Sheikh Zayed

Location: Zed Towers – The heart of Sheikh Zayed, opposite Hyper One and next to Arkan Plaza and Mall of Arabia. 

Features:

3 spacious bedrooms (including a master bedroom). 

3 bathrooms with luxurious finishes. 

New, high-end modern furniture. 

Large reception area with a direct view of Zed Park. 

Fully equipped kitchen with the latest appliances. 

Terrace with a stunning panoramic view. 

Air conditioning in all rooms. 

Rent includes maintenance, air conditioning, and Wi-Fi. 

Long-term cleaning service. 

Suitable for families. 

Apartment Features:

Stunning view of the central park and green spaces. 

Luxury finishes and elegant furnishings, ready for immediate occupancy. 

Spacious areas providing comfort and privacy for all family members. 

Strategic location near major shopping and entertainment centers (Mall of Arabia – Arkan Plaza). 

Breathtaking views and a sophisticated living experience in one of Sheikh Zayed's most prestigious towers. 

Zed Towers Features:

The largest central park in Sheikh Zayed with expansive green spaces. 

24-hour security and surveillance cameras. 

Private garages and organized parking. 

A gym equipped with state-of-the-art equipment. 

Upscale restaurants and cafes within the compound. 

Walking, jogging, and cycling paths. 

Entertainment and musical events within Zed Park. 

A luxurious, fully-serviced residential community. 

Price:

6,500 EGP per night

For inquiries and more information: View Contact Detail

Enjoy a luxurious stay at Zed Towers, where luxury, stunning views, and comprehensive services await you. This is the perfect unit for families seeking comfort and distinction in the heart of Sheikh Zayed.",en,Zed Towers,,Giza,Sheikh Zayed,ZED West Compound,furnished,ready,,,,,,,,,,"security, garage, garden, gym, balcony",,,,,40.625,
503977606,https://www.bayut.eg/en/property/details-503977606.html,algolia,True,detail_html,rent,villa,200000.0,monthly,EGP,4.0,4.0,600.0,"Egypt, Cairo, New Cairo, 5th Settlement, Cairo Festival City",Brilliant group real estate,False,2026-08-23,"We offer all real estate services in some of the most luxurious and authentic districts in Cairo “Maadi, New Cairo, Katameya heights, Mirage city, Arabela"". 

Our company is committed to providing you with the best services including (renting-selling –buying –evaluating-appraiser). 

For the following categories such as: Flats – villas -lands –warehouse – shops –penthouses- townhouses –compounds – duplexes – administration buildings. 
Whatever your desire is, if you need it semi- or fully furnished. 

So, if you're interested and looking for professional real estate services, please don't hesitate to contact us
So, if you're interested and looking for professional real estate services, please don't hesitate to contact us

or visit us on: [link not available] [link not available]

For the following categories such as: Flats – villas -lands –warehouse – shops –penthouses- townhouses –compounds – duplexes – administration buildings. 
Whatever your desire is, if you need it semi- or fully furnished

We offer all real estate services in some of the most luxurious and authentic districts in Cairo “Maadi, New Cairo, Katameya heights, Mirage city, Arabela"". 

Our company is committed to providing you with the best services including (renting-selling –buying –evaluating-appraiser). 

For the following categories such as: Flats – villas -lands –warehouse – shops –penthouses- townhouses –compounds – duplexes – administration buildings. 
Whatever your desire is, if you need it semi- or fully furnished. 

So, if you're interested and looking for professional real estate services, please don't hesitate to contact us
So, if you're interested and looking for professional real estate services, please don't hesitate to contact us

or visit us on
Cairo, Villas, USD 6000, Furnished, 700 Sq. Meter, Amazing Villa Rent In Katameya Heights",en,Katameya Heights,,Cairo,New Cairo,5th Settlement,furnished,ready,,,,,,,,,,"Covered parking, Maids Room, Lawn or Garden, Security Staff, Swimming Pool, Built in Kitchen Appliances, Central A/C & heating, Landline, CCTV Security, مواقف مغطاة للسيارات, غرفة خدم, حديقة, أمن و حماية, مسبح, أجهزة مطبخ مدمجة, تدفئة وتكييف مركزي, خط أرضي, نظام كاميرات مراقبة, pool",,,,,333.3333333333333,
503670905,https://www.bayut.eg/en/property/details-503670905.html,algolia,True,detail_html,rent,apartment,100000.0,monthly,EGP,4.0,4.0,277.0,"Egypt, Cairo, New Cairo, 5th Settlement, Villette Compound",NCH,False,2026-06-21,"Code: SH-ESSAM17
Spacious fully furnished apartment for rent in Villette by Sodic, offering elegant interiors and premium living in one of New Cairo’s finest communities. 

Property Details:Type: ApartmentDeveloper: SodicArea: 277 sqm4 Bedrooms4 BathroomsNanny’s Room
Features:Fully furnishedAvailable nowSpacious layoutPrime locationReady to move
Rent Price:100,000 EGP / Month


 New Capital Home (NCH)

At New Capital Home, we strive to be your most trusted real estate consultant, guiding you every step of the way towards owning or renting your new home. Since 2015, our expert team has been helping clients make the best real estate decisions in the Egyptian market, based on extensive experience and in-depth knowledge. 

Our mission is to provide our clients with the utmost convenience and reliability by offering a wide range of residential, commercial, and administrative units available for sale or rent in various areas of Cairo. 

We are proud of our partnerships with the largest and most reputable real estate developers in Egypt, such as SODIC, Emaar, Mountain View, Palm Hills, Hyde Park, Al Marasem, Taj Misr, and others, ensuring you always have access to the best options and highest quality available in the market. 

At NCH, we don't just offer property—we help you find the home that suits your lifestyle and aspirations, backed by years of experience and a clear vision that prioritizes your needs.",en,Palm Hills,Mountain View (DMG),Cairo,New Cairo,5th Settlement,furnished,ready,,primary,,,,,,monthly,,"Kids Play Area, Balcony or Terrace, Built in Kitchen Appliances, Covered parking, Swimming Pool, Electricity Meter, Satellite/Cable TV, Lawn or Garden, Natural Gas, Business Center, Security Staff, Maintenance Staff, CCTV Security, Gym or Health Club, Facilities for Disabled, Cleaning Services, 24 Hours Concierge, Furnished, Broadband Internet, First Aid Medical Center, Steam Room, Study Room, Storage Areas, Landline, Barbeque Area, Day Care Center, Conference Room, Intercom, Jacuzzi, Sauna, Cafeteria or Canteen, منطقة لعب للأطفال, شرفة أو تراس, أجهزة مطبخ مدمجة, مواقف مغطاة للسيارات, مسبح, عداد كهرباء, كابل قنوات تلفزيونية, حديقة, غاز طبيعي, مركز أعمال, أمن و حماية, خدمات صيانة, نظام كاميرات مراقبة, صالة رياضية أو نادي صحي, تسهيلات لأصحاب الهمم, خدمات تنظيف, حراسة 24 ساعة, مفروشة, انترنت واسع النطاق, مركز للإسعافات الأولية, غرفة بخار, غرفة دراسة, مناطق تخزين, خط أرضي, مكان مخصص للشواء, مركز رعاية أطفال, غرفة اجتماعات, اتصال داخلي, جاكوزي, ساونا, كافيتيريا",,,,,361.01083032490976,
503332988,https://www.bayut.eg/en/property/details-503332988.html,algolia,True,detail_html,rent,villa,100000.0,monthly,EGP,5.0,5.0,730.0,"Egypt, Cairo, New Cairo, 5th Settlement, Al Diyar Compound",Ere Real Estate,False,2026-04-06,"For Rent – Standalone Villa in Diyar Al Mokhabarat Compound

A rare opportunity to rent within Diyar Al Mokhabarat Compound, one of the most tranquil and prestigious residential communities, characterized by its high level of privacy and spacious living areas. 

Villa Details:

Standalone Villa
Building Area: 730 sq m

Consists of:

5 Bedrooms

5 Bathrooms

Equipped Kitchen

Fully Air Conditioned

Unit Features:
Spacious interiors and a practical design suitable for large families
Complete privacy thanks to its standalone status
Excellent natural light and ventilation

Location Features (Compound):
Prime location near major thoroughfares
Easy access to New Cairo and Nasr City
Quiet area away from the hustle and bustle

Compound Amenities:
24-hour security and surveillance
Green spaces
A sophisticated and tranquil residential environment
High level of privacy

An ideal unit for those seeking luxurious living and spacious living in a quiet and distinguished location, fully ready for immediate occupancy. 
Luxury Living | Smart Layout Twin House for Sale in Al Dyar Compound, New Cairo
Experience ultimate privacy and luxury in one of the finest gated communities in Fifth Settlement, close to 90th Street. This prime property features a land area of 360 sqm and a built-up area of 550 sqm across 4 functional levels, ready for immediate delivery:

Ground Floor: Luxury 3-piece reception, second kitchen, and a guest bathroom. Outdoor Area: Landscaped garden featuring for your family's ultimate leisure. First Floor: Master bedroom with private bathroom, 2 bedrooms with a shared bathroom, family living room, and a kitchenette. Roof: Independent suite with a master bedroom, dressing room, bathroom, kitchenette, and an open terrace with stunning views. Al Dyar offers top-tier 24/7 security, lush greenery, and a family-friendly atmosphere. 
Contact us today for price details, cash offers, and viewings. 
#Al_Dyar_Compound #Fifth_Settlement #Twin_House_For_Sale #New_Cairo #90th_Street #Villa",en,,,Cairo,New Cairo,5th Settlement,super lux,ready,,,installments,,,,,,,"Satellite/Cable TV, Down Payment, Balcony or Terrace, Parking Spaces, Intercom, Electricity Meter, Water Meter, Natural Gas, Landline, CCTV Security, Cafeteria or Canteen, Maids Room, Business Center, Gym or Health Club, Land Area, Lawn or Garden, Built in Kitchen Appliances, Double Glazed Windows, Central Heating, Day Care Center, Kids Play Area, Nearby Shopping Malls, 24 Hours Concierge, Number of Bathrooms, Nearby Schools, Nearby Hospitals, Maintenance Staff, Cleaning Services, Security Staff, Centrally Air-Conditioned, Storage Areas, View, Barbeque Area, Electricity Backup, Laundry Room, ATM Facility, Number of Bedrooms, كابل قنوات تلفزيونية, المقدم, شرفة أو تراس, مواقف سيارات, اتصال داخلي, عداد كهرباء, عداد مياه, غاز طبيعي, خط أرضي, نظام كاميرات مراقبة, كافيتيريا, غرفة خدم, مركز أعمال, صالة رياضية أو نادي صحي, مساحة الأرض, حديقة, أجهزة مطبخ مدمجة, نوافذ زجاجية مزدوجة, تدفئة مركزية, مركز رعاية أطفال, منطقة لعب للأطفال, مراكز تسوق قريبة, حراسة 24 ساعة, عدد دورات المياه, مدارس قريبة, مستشفيات قريبة, خدمات صيانة, خدمات تنظيف, أمن و حماية, نظام تبريد مركزي, مناطق تخزين, مطل, مكان مخصص للشواء, نظام كهرباء احتياطي للطوارئ, غرفة غسيل, توفر أجهزة السحب الآلي, عدد الغرف, security, garden, balcony",,,,,136.986301369863,
503982794,https://www.bayut.eg/en/property/details-503982794.html,algolia,True,detail_html,rent,other,45000.0,monthly,EGP,0.0,0.0,35.0,"Egypt, Cairo, New Cairo, Rehab City",Home Mart Reality,False,2026-08-23,"عيادة للايجار داخل مول 3 طبي مدينة الرحاب
مساحة العيادة 35m
العيادة مكونة من 2 غرفة كشف منفصلين + ريسيبشن مجهز
تشطيب الترا سوبر لوكس
مكيفة بالكامل
جاهزة علي التشغيل فورا
متاح بها جميع التجهيزات للعيادات
نظام انذار و مقامة الحريق
شاشة عرض بالريسيبشن
مؤسسة لجميع النشاطات الطبية
للتواصل و المعاينة :View Contact Detail اسلام السويفي",mixed,Al Rehab,,Cairo,New Cairo,Rehab City,super lux,ready,,,,,,,,,,"Covered parking, Lawn or Garden, Security Staff, Electricity Meter, Service Elevators, Kids Play Area, Cleaning Services, Number of Bedrooms, Maintenance Staff, CCTV Security, Cafeteria or Canteen, 24 Hours Concierge, مواقف مغطاة للسيارات, حديقة, أمن و حماية, عداد كهرباء, خدمات المصاعد, منطقة لعب للأطفال, خدمات تنظيف, عدد الغرف, خدمات صيانة, نظام كاميرات مراقبة, كافيتيريا, حراسة 24 ساعة",,,,,1285.7142857142858,
503982459,https://www.bayut.eg/en/property/details-503982459.html,algolia,True,detail_html,rent,apartment,55000.0,monthly,EGP,4.0,3.0,300.0,"Egypt, Cairo, New Cairo, 1st Settlement, El Banafseg 6",Platinum Eagle,False,2026-08-23,"Apartment for rent (residential or administrative use) in Al-Banafsag, New Cairo (Tagamoa), near Sadat Axis and the Chillout gas station. 
Garden view. 
Ultra-super-lux finish. 

Floor: 1st floor (with elevator). 
Area: 300 m². 

Layout: 4 rooms + laundry room + 3 bathrooms + 4-piece reception area + kitchen + large terrace. 

Spanish marble flooring. 
Security door. 
Security grilles on all windows. 
Gypsum board ceiling. 
Intercom system. 
Central satellite TV system. 
Grand, double-height entrance. 

Code: 224

Price: 55,000. 


We offer apartments and duplexes across all areas of New Cairo, including the Fifth Settlement and the First Settlement. Platinum Eagle Real Estate is always here to help you choose the best property. You can contact us via phone or WhatsApp. 

For inquiries:
View Contact Detail
View Contact Detail",en,,,Cairo,New Cairo,1st Settlement,super lux,ready,,,installments,,,,,,,"Completion Year, Balcony or Terrace, Lawn or Garden, Security Staff, Electricity Meter, Water Meter, Natural Gas, Landline, Elevators in Building, Barbeque Area, Double Glazed Windows, Service Elevators, Other Rooms, Broadband Internet, Satellite/Cable TV, Number of Bedrooms, CCTV Security, Number of Bathrooms, سنة البناء, شرفة أو تراس, حديقة, أمن و حماية, عداد كهرباء, عداد مياه, غاز طبيعي, خط أرضي, مصاعد, مكان مخصص للشواء, نوافذ زجاجية مزدوجة, خدمات المصاعد, غرف أخرى, انترنت واسع النطاق, كابل قنوات تلفزيونية, عدد الغرف, نظام كاميرات مراقبة, عدد دورات المياه, security, elevator, garden, balcony",1.0,,,,183.33333333333334,
503982273,https://www.bayut.eg/en/property/details-503982273.html,algolia,True,detail_html,rent,duplex,135000.0,monthly,EGP,11.0,11.0,600.0,"Egypt, Cairo, New Cairo, 1st Settlement, El Yasmeen 6",Lotus flower for real estate,False,2026-08-23,"Duplex for administrative rent in Al-Yasmeen 6, near the main Mostafa Kamel axis

Levels:
Ground floor with a private entrance + First floor

Division:
Ground floor: large reception, open space, office, room, bathroom

First floor: living space, room, 2 master suites with dressing, bathroom, equipped kitchen

Features:
Corner villa, the floor on one apartment over the entire area, with kitchen and air conditioning

CODE (938)",en,,,Cairo,New Cairo,1st Settlement,,ready,,,installments,,,,,,,,,,,,225.0,
503981995,https://www.bayut.eg/en/property/details-503981995.html,algolia,True,detail_html,rent,apartment,80000.0,monthly,EGP,2.0,3.0,127.0,"Egypt, Cairo, New Cairo, 5th Settlement, Eastown Compound",Estimate Real Estate,False,2026-08-23,"Furnished 127m² Apartment for Rent in Eastown

Area: 127m²

Layout: 2 bedrooms + 3 bathrooms

Fully furnished

Asking price: 80,000 EGP/month

For more details, please contact:

Maria: View Contact Detail

-------------------------------------------------------------------------------------------------------------------------------------------------",en,Eastown,,Cairo,New Cairo,5th Settlement,furnished,ready,,,,,,,,,,,,,,,629.9212598425197,
503979838,https://www.bayut.eg/en/property/details-503979838.html,algolia,True,detail_html,rent,apartment,75000.0,monthly,EGP,2.0,2.0,160.0,"Egypt, Cairo, New Cairo, 5th Settlement, Villette Compound",Elviro Real Estate,False,2026-08-23,"Super Lux Fully Furnished Apartment for Rent in Villette - SODIC

Code : SV43

Property Details:
Floor: 3rd Floor
Built-up Area: 160 sqm
Layout:
2 Bedrooms (Includes 1 Master Suite with Dressing Room)

2 Bathrooms

Living Room

Status: Fully Furnished with Modern Luxury Furniture, ACs & Full Home Appliances_______________________________________
Asking Rent: $1,500 / month OR EGP 80,000 / month________________________________________
Key Features & Amenities:
Prime Golden Square positioning with fast access to South 90th Street and key hubs. 
Thoughtful 160 sqm floor plan featuring a master dressing suite and separate family living area. 
Turnkey luxury finish, fully equipped for immediate high-end living. 
24/7 top-tier gated security, electronic access control, and complete CCTV coverage. 
Access to Villette’s signature thematic parks, sports clubhouse, swimming pools, and trails. _________________________________________
At Elviro, we redefine residential living in New Cairo’s prime gated communities. Specializing exclusively in premium Resale and Rental properties. More than just brokers, we act as your trusted local advisors; bridging the gap between serious homeowners and discerning clients through effortless viewings, streamlined contract processes, and tailored lifestyle matching. Elviro turns real estate decisions into swift, confident moves. we offer you special offers all over New Cairo City.",en,Villette,SODIC,Cairo,New Cairo,5th Settlement,furnished,ready,,,,,,,,monthly,,"First Aid Medical Center, ATM Facility, Furnished, Broadband Internet, Kids Play Area, CCTV Security, Landline, Barbeque Area, Day Care Center, Service Elevators, Satellite/Cable TV, Conference Room, Business Center, Built in Kitchen Appliances, Central A/C & heating, Covered parking, Lawn or Garden, Security Staff, Gym or Health Club, Swimming Pool, Centrally Air-Conditioned, Water Meter, Natural Gas, Balcony or Terrace, Electricity Meter, Cafeteria or Canteen, 24 Hours Concierge, Cleaning Services, مركز للإسعافات الأولية, توفر أجهزة السحب الآلي, مفروشة, انترنت واسع النطاق, منطقة لعب للأطفال, نظام كاميرات مراقبة, خط أرضي, مكان مخصص للشواء, مركز رعاية أطفال, خدمات المصاعد, كابل قنوات تلفزيونية, غرفة اجتماعات, مركز أعمال, أجهزة مطبخ مدمجة, تدفئة وتكييف مركزي, مواقف مغطاة للسيارات, حديقة, أمن و حماية, صالة رياضية أو نادي صحي, مسبح, نظام تبريد مركزي, عداد مياه, غاز طبيعي, شرفة أو تراس, عداد كهرباء, كافيتيريا, حراسة 24 ساعة, خدمات تنظيف, pool, security, clubhouse",3.0,,,,468.75,
503978431,https://www.bayut.eg/en/property/details-503978431.html,algolia,True,detail_html,rent,apartment,20000.0,monthly,EGP,3.0,2.0,160.0,"Egypt, Alexandria, Montazah",جبل للاستثمار العقارى,False,2026-08-23,"شقة مفروشة للإيجار السنوي – المنتزه (جانبي بحر)
- الموقع: خطوات لقصر المنتزه
- التقسيم: 3 غرف + ريسبشن + مطبخ + 2 حمام
- المساحة: 160 م²
- مكيفة بالكامل
- سوبر لوكس
- الدور الـ 15 (البرج 18 دور)
- 3 أسانسير
- انترنت وايفاي
- مدخل فندقي – انتركوم
- أمن 24 ساعة
- كاملة العدادات
- شروط التعاقد: (شهر مقدم + شهر تأمين + شهر عمولة الشركة)
- كود الوحدة: A442
Jabal Real Estate Investment",mixed,,,Alexandria,Montazah,Montazah,furnished,ready,,,installments,,,,,annual,,"Completion Year, Balcony or Terrace, Electricity Meter, 24 Hours Concierge, Total Floors, Water Meter, Natural Gas, Elevators in Building, Furnished, Broadband Internet, سنة البناء, شرفة أو تراس, عداد كهرباء, حراسة 24 ساعة, عدد الطوابق, عداد مياه, غاز طبيعي, مصاعد, مفروشة, انترنت واسع النطاق, elevator",,,,,125.0,
208772556,https://www.bayut.eg/en/property/details-208772556.html,algolia,True,detail_html,rent,other,50000.0,monthly,EGP,,,150.0,"Egypt, Cairo, Nasr City",,False,2026-08-21,"وحدات اداريه تبدأ من غرفتين وحتى ٥ غرف تصلح لفروع المؤسسات والشركات الكبرى للايجار. 
الوحدات تبدأ مساحتها من ٥٠ وحتى ٢٠٠ متر. 
مفروشه ومكيفة شاملة الخدمات الاداريه من سكرتارية وبوفيه ونظافة شامل فواتير الكهرباء والمياه والصيانة. 
تبدأ من غرفتين وحتى ٥ غرف اداريه في ارقي المواقع الاداريه في عباس العقاد الرئيسي",ar,,,Cairo,Nasr City,Nasr City,furnished,ready,,,,,,,,,,"Security Staff, Centrally Air-Conditioned, Down Payment, أمن و حماية, نظام تبريد مركزي, المقدم",,,,,333.3333333333333,
206574550,https://www.bayut.eg/en/property/details-206574550.html,algolia,True,detail_html,rent,apartment,1800.0,,EGP,3.0,2.0,140.0,"Egypt, Cairo, New Cairo, 5th Settlement, The Address East Compound",Sherif salah,False,2025-12-01,"إذا كنت تبحث عن الراحة والخصوصية والموقع المتميز، فهذه الشقة توفر لك إقامة مثالية في واحدة من أفضل مناطق القاهرة الجديدة. 
المساحة: 140 متر
مفروشة بالكامل بأثاث راقٍ ومجهزة للسكن الفوري
• 2 غرف نوم متاح غرفة ماستر إضافية مقابل 700 جنيه
• ريسبشن واسع ومريح
• مطبخ مجهز
• حمام
• جميع الغرف مكيفة
مميزات الشقة:
داخل كمبوند آمن وهادئ
خصوصية كاملة للأسر والعائلات
الدور الثالث وليس الأخير
أسانسير
باركنج خاص للسيارة
الأسانسير يصل من الباركنج مباشرة إلى باب الشقة

موقع مميز:
• 5 دقائق من مدينتي
• 5 دقائق من الرحاب
• بالقرب من مطار القاهرة الدولي
• قريب من الخدمات والمطاعم والكافيهات والمولات

مناسبة للعائلات والزائرين ورجال الأعمال الباحثين عن إقامة مريحة في موقع راقٍ وآمن. 

جاهزة للاستلام الفوري.",ar,Madinaty,,Cairo,New Cairo,5th Settlement,furnished,ready,,,installments,0.0,,,,monthly,,"Completion Year, Balcony or Terrace, Built in Kitchen Appliances, Covered parking, Security Staff, Water Meter, Elevators in Building, Down Payment, سنة البناء, شرفة أو تراس, أجهزة مطبخ مدمجة, مواقف مغطاة للسيارات, أمن و حماية, عداد مياه, مصاعد, المقدم, elevator",3.0,,,,12.857142857142858,
502886364,https://www.bayut.eg/en/property/details-502886364.html,algolia,True,detail_html,rent,villa,14200.0,,EGP,4.0,5.0,550.0,"Egypt, Giza, Sheikh Zayed, Beverly Hills Compound",Al Sawah Real Estate,False,2025-11-30,"About this space:
Experience elevated living in this luxury standalone villa located in the heart of Beverly Hills Compound, Sheikh Zayed. 
This refined residence features 5 spacious bedrooms, including 2 master suites with ensuite bathrooms, plus a nanny’s room, 5 full bathrooms, a private garden, and a private swimming pool — offering total comfort, privacy, and space for you and your family. 

The space:
Property Type: Luxury Standalone Villa
Bedrooms: 4 (including 2 master suites) + 1 nanny’s room
Bathrooms: 5 (modern and fully fitted)
Special Features: Private swimming pool, landscaped garden, fully equipped kitchen, large open-plan living areas
With luxurious finishes, floor-to-ceiling natural light, and seamless indoor-outdoor flow, every corner of this villa reflects meticulous attention to detail and high-end design. 
The location:
Situated in a prime location within Sheikh Zayed, Beverly Hills by SODIC is one of Cairo’s most desirable gated communities — offering world-class facilities, impeccable landscaping, and a calm, secure environment. 
Community Amenities Include:
State-of-the-art health and fitness club
Multiple swimming pools
Children’s recreational areas
Upscale dining and cafés
24/7 medical center and pharmacies
24/7 security and gated access
Guest access:
Full and private access to:
All 5 bedrooms
Reception and lounge areas
Modern kitchen with premium appliances
Private swimming pool and outdoor lounging area
Garden and landscaped outdoor space
Nanny’s room and service areas
Perfect for families, executives, and anyone seeking refined accommodation with premium features. 
Optional Services:
Daily Housekeeping: EGP 500/day
Car Rental: With or without driver, starting from EGP 2,000/day
VIP Airport Pickup: Direct from plane stairs + lounge access, from $350
Additional Guest Services:
On-demand cleaning
Laundry & ironing
Grocery and essentials delivery
Private chef services (upon request)
Medical & pharmacy support
Curated tours and trips
Exclusive concierge support
Our guest relations manager will personally welcome you and be available throughout your stay to ensure 5-star service. 

House Rules & Check-in Info:
Check-in: After 2:00 PM
Check-out: By 12:00 PM
No parties or events allowed
Quiet hours after 10:00 PM
Valid ID/passport required at check-in
Security deposit: USD 500 (refundable)
Unmarried couples & mixed groups not permitted unless documentation is provided
No visitors allowed
Passport photos for all guests must be submitted at least 24 hours before check-in for access clearance",en,Beverly Hills,SODIC,Giza,Sheikh Zayed,Beverly Hills Compound,furnished,ready,,,,,,,,,,"Lawn or Garden, Cleaning Services, Storage Areas, Built in Kitchen Appliances, Central A/C & heating, Natural Gas, Landline, Parking Spaces, Satellite/Cable TV, Electricity Meter, Centrally Air-Conditioned, First Aid Medical Center, Furnished, Barbeque Area, Cafeteria or Canteen, Facilities for Disabled, Balcony or Terrace, Covered parking, Double Glazed Windows, Central Heating, Day Care Center, Swimming Pool, Water Meter, Gym or Health Club, Kids Play Area, Maintenance Staff, Lobby in Building, Electricity Backup, Waste Disposal, Broadband Internet, حديقة, خدمات تنظيف, مناطق تخزين, أجهزة مطبخ مدمجة, تدفئة وتكييف مركزي, غاز طبيعي, خط أرضي, مواقف سيارات, كابل قنوات تلفزيونية, عداد كهرباء, نظام تبريد مركزي, مركز للإسعافات الأولية, مفروشة, مكان مخصص للشواء, كافيتيريا, تسهيلات لأصحاب الهمم, شرفة أو تراس, مواقف مغطاة للسيارات, نوافذ زجاجية مزدوجة, تدفئة مركزية, مركز رعاية أطفال, مسبح, عداد مياه, صالة رياضية أو نادي صحي, منطقة لعب للأطفال, خدمات صيانة, ردهة إستقبال, نظام كهرباء احتياطي للطوارئ, مكبّ نفايات, انترنت واسع النطاق, pool, security, garden, gym",,,,,25.818181818181817,
503981926,https://www.bayut.eg/en/property/details-503981926.html,algolia,True,detail_html,rent,apartment,35000.0,monthly,EGP,2.0,1.0,99.0,"Egypt, Cairo, New Cairo, Rehab City",Modern Home,False,2026-08-23,"شقه مفروش للإيجار في مدينة الرحاب أقل سعر في السوق
99 م -- في المرحلة العاشرة

جاهزه للسكن الفوري بحالة ممتازة

مساحة الشقة 99م

2غرفة نوم
1حمام

مطبخ واسع موجود غاز طبيعي

ريسبشن كبير
مفروش مودرن فندقي

حالة الشقه ممتازة جاهز
للسكن

تشطيباات خاصه بالكامل

دور تالت أسانسير


لوكيشن ممتاز قريبه ل أڤنيو مول وجميع الخدمات

المطلوب 35,000
--------------‐-----------
لمزيد من التفاصيل والمعاينة
أ/يسرا
شركة مودرن هومز للتسويق العقاري بالرحاب المبني الإداري الدور الاول مكتب 108",ar,Al Rehab,مودرن هومز للتسويق,Cairo,New Cairo,Rehab City,furnished,ready,,,,,,,,,,elevator,1.0,,,,353.5353535353535,
500791343,https://www.bayut.eg/en/property/details-500791343.html,algolia,True,detail_html,rent,apartment,45000.0,monthly,EGP,2.0,2.0,141.0,"Egypt, Cairo, New Cairo, 5th Settlement, Eastown Compound",Horizon,False,2024-06-11,"Apartment for rent in Eastown Sodic Compound, Fifth Settlement, New Cairo
Area: 141sqm \ semi furnished
2 bedrooms
2 bathrooms
AC & Kitchen
Price: 45,000
For more: Saleh Atef : View Contact Detail




Eastown Residence Sodic ServicesThe Eastown Residence Compound also has various services providing people with a one-of-a-kind living experience. 
Integrated Security Services
CCTV
Gardening
Maintenance
Cleaning Services
Charging station

Eastown Residence New Cairo LocationEastown Residence Sodic address is within the Eastown Compound which is in the heart of new cairo The project is directly adjacent to the American University in Cairo (AUC). Also, Eastown Residence New Cairo is accessible via South 90 Road, and it's just a:
15 minutes from Cairo - Sokhna Road
25 minutes from Cairo Airport",en,Eastown,SODIC,Cairo,New Cairo,5th Settlement,furnished,ready,,,,,,,,,,"security, garden",,,,,319.1489361702128,
321874385,https://www.bayut.eg/تفاصيل-503982772/العقار.html,algolia,False,,rent,apartment,23000.0,monthly,EGP,3.0,3.0,220.0,"Egypt, Cairo, New Cairo, 5th Settlement, Banafsag Omarat",Almaz real estate,False,2026-08-23,,,,,Cairo,New Cairo,5th Settlement,furnished,ready,,,,,,,,,,"Completion Year, Security Staff, Landline, Broadband Internet, سنة البناء, أمن و حماية, خط أرضي, انترنت واسع النطاق",,,,,104.54545454545455,
321317050,https://www.bayut.eg/تفاصيل-503649865/العقار.html,algolia,False,,rent,other,69300.0,monthly,EGP,0.0,0.0,63.0,"Egypt, Cairo, New Cairo, 5th Settlement, Trivium",New Avenue,False,2026-06-16,,,,,Cairo,New Cairo,5th Settlement,fully finished,ready,,,,,,,,,,"Intercom, Broadband Internet, Number of Bedrooms, Maintenance Staff, Balcony or Terrace, Central A/C & heating, Waste Disposal, Satellite/Cable TV, Parking Spaces, Covered parking, Security Staff, Centrally Air-Conditioned, Elevators in Building, Furnished, Business Center, Conference Room, CCTV Security, Cleaning Services, اتصال داخلي, انترنت واسع النطاق, عدد الغرف, خدمات صيانة, شرفة أو تراس, تدفئة وتكييف مركزي, مكبّ نفايات, كابل قنوات تلفزيونية, مواقف سيارات, مواقف مغطاة للسيارات, أمن و حماية, نظام تبريد مركزي, مصاعد, مفروشة, مركز أعمال, غرفة اجتماعات, نظام كاميرات مراقبة, خدمات تنظيف, garage, elevator, central ac",,,,,1100.0,
503980418,https://www.bayut.eg/en/property/details-503980418.html,algolia,True,detail_html,rent,apartment,60000.0,monthly,EGP,3.0,3.0,186.0,"Egypt, Cairo, New Cairo, 5th Settlement, Mivida Compound",Estimate Real Estate,False,2026-08-23,"186 sqm Apartment for Rent in Mivida (Parcel 10) – Includes Kitchen & A/C

Area: 186 sqm

Layout: 3 bedrooms + 3 bathrooms

Semi-furnished (includes kitchen and air conditioning)

Asking Price: 60,000 EGP/month

For more details, please contact:

Maria: View Contact Detail

-------------------------------------------------------------------------------------------------------------",en,Mivida,,Cairo,New Cairo,5th Settlement,furnished,ready,,,,,,,,,,,,,,,322.5806451612903,
503978359,https://www.bayut.eg/en/property/details-503978359.html,algolia,True,detail_html,rent,apartment,64999.0,monthly,EGP,3.0,3.0,165.0,"Egypt, Cairo, New Cairo, 5th Settlement, Villette Compound",NCH,False,2026-08-23,"ZIADA

First-Use Ground Floor Apartment with Garden for Rent in VilletteA premium ground floor apartment with a private garden for rent in Villette, offering a comfortable and elegant living experience in one of New Cairo’s most sought-after residential communities. 
The apartment is first use and has never been occupied before. It features a private garden directly in front of the unit and is expected to be ready for delivery within two weeks, making it an excellent opportunity for those looking for a brand-new home in a prime location. 
The property features 3 bedrooms, including a master bedroom with a dressing room, along with a dedicated nanny’s room, providing excellent comfort and privacy for family living. 
The unit also comes with a kitchen and ACs, offering essential convenience and making it ready for comfortable everyday living. 
Property Details:
Ground FloorPrivate GardenFirst Use3 Bedrooms1 Master Bedroom with Dressing RoomNanny’s RoomKitchenACsReady within 2 weeksPrime Location in VilletteMonthly Rent: EGP 65,000
An excellent opportunity to rent a first-use ground floor apartment with a private garden in Villette, combining privacy, practical living spaces, and a premium residential lifestyle in New Cairo.",en,Villette,,Cairo,New Cairo,5th Settlement,,ready,,,,,,,,monthly,,"Prayer Room, Laundry Room, Broadband Internet, Satellite/Cable TV, Business Center, Conference Room, Intercom, ATM Facility, Jacuzzi, Kids Play Area, Shared Kitchen, Facilities for Disabled, Study Room, 24 Hours Concierge, Cleaning Services, Balcony or Terrace, Built in Kitchen Appliances, Central A/C & heating, Covered parking, Pets Allowed, Lawn or Garden, Security Staff, Lobby in Building, Double Glazed Windows, Central Heating, Day Care Center, Electricity Backup, Waste Disposal, First Aid Medical Center, Service Elevators, Laundry Facility, Gym or Health Club, Water Meter, Storage Areas, Natural Gas, Landline, Swimming Pool, Electricity Meter, Centrally Air-Conditioned, Freehold, Number of Bathrooms, Barbeque Area, Number of Bedrooms, Reception/Waiting Room, Sauna, Steam Room, Maintenance Staff, CCTV Security, Cafeteria or Canteen, غرفة صلاة, غرفة غسيل, انترنت واسع النطاق, كابل قنوات تلفزيونية, مركز أعمال, غرفة اجتماعات, اتصال داخلي, توفر أجهزة السحب الآلي, جاكوزي, منطقة لعب للأطفال, مطبخ مشترك, تسهيلات لأصحاب الهمم, غرفة دراسة, حراسة 24 ساعة, خدمات تنظيف, شرفة أو تراس, أجهزة مطبخ مدمجة, تدفئة وتكييف مركزي, مواقف مغطاة للسيارات, مسموح بالحيوانات الاليفة, حديقة, أمن و حماية, ردهة إستقبال, نوافذ زجاجية مزدوجة, تدفئة مركزية, مركز رعاية أطفال, نظام كهرباء احتياطي للطوارئ, مكبّ نفايات, مركز للإسعافات الأولية, خدمات المصاعد, خدمة غسيل ملابس, صالة رياضية أو نادي صحي, عداد مياه, مناطق تخزين, غاز طبيعي, خط أرضي, مسبح, عداد كهرباء, نظام تبريد مركزي, التملك الحر, عدد دورات المياه, مكان مخصص للشواء, عدد الغرف, غرفة استقبال /انتظار, ساونا, غرفة بخار, خدمات صيانة, نظام كاميرات مراقبة, كافيتيريا, garden",,,,,393.93333333333334,
503982016,https://www.bayut.eg/en/property/details-503982016.html,algolia,True,detail_html,rent,apartment,50000.0,monthly,EGP,3.0,2.0,200.0,"Egypt, Alexandria, Sidi Gaber",Abdelrahman Mahfouz,False,2026-08-23,From the Owner - 5-Star Hotel Apartment in Alexandria — Directly from the Owner,en,,,Alexandria,Sidi Gaber,Sidi Gaber,furnished,ready,,resale,installments,,,,,,,"Electricity Backup, Waste Disposal, First Aid Medical Center, Service Elevators, Freehold, Furnished, Prayer Room, Laundry Room, Broadband Internet, Satellite/Cable TV, Business Center, Day Care Center, Completion Year, Balcony or Terrace, Built in Kitchen Appliances, Central A/C & heating, Covered parking, Lawn or Garden, Security Staff, Gym or Health Club, Swimming Pool, Electricity Meter, Centrally Air-Conditioned, Storage Areas, Natural Gas, Landline, Elevators in Building, Barbeque Area, Double Glazed Windows, Conference Room, Intercom, Jacuzzi, Kids Play Area, Number of Bathrooms, Number of Bedrooms, Sauna, Steam Room, Distance From Airport (kms), Nearby Public Transport, Maintenance Staff, CCTV Security, Cafeteria or Canteen, Laundry Facility, Facilities for Disabled, Study Room, 24 Hours Concierge, Cleaning Services, Total Floors, نظام كهرباء احتياطي للطوارئ, مكبّ نفايات, مركز للإسعافات الأولية, خدمات المصاعد, التملك الحر, مفروشة, غرفة صلاة, غرفة غسيل, انترنت واسع النطاق, كابل قنوات تلفزيونية, مركز أعمال, مركز رعاية أطفال, سنة البناء, شرفة أو تراس, أجهزة مطبخ مدمجة, تدفئة وتكييف مركزي, مواقف مغطاة للسيارات, حديقة, أمن و حماية, صالة رياضية أو نادي صحي, مسبح, عداد كهرباء, نظام تبريد مركزي, مناطق تخزين, غاز طبيعي, خط أرضي, مصاعد, مكان مخصص للشواء, نوافذ زجاجية مزدوجة, غرفة اجتماعات, اتصال داخلي, جاكوزي, منطقة لعب للأطفال, عدد دورات المياه, عدد الغرف, ساونا, غرفة بخار, المسافة من المطار (كم), مواصلات نقل عامة قريبة, خدمات صيانة, نظام كاميرات مراقبة, كافيتيريا, خدمة غسيل ملابس, تسهيلات لأصحاب الهمم, غرفة دراسة, حراسة 24 ساعة, خدمات تنظيف, عدد الطوابق",,,,,250.0,
503980528,https://www.bayut.eg/en/property/details-503980528.html,algolia,True,detail_html,rent,apartment,35000.0,monthly,EGP,3.0,3.0,221.0,"Egypt, Cairo, New Cairo, Rehab City",Modern Home,False,2026-08-23,"Apartment for rent
221 meters

Phase five

3 bedrooms
3 bathrooms

including a master bedroom
Reception area with 3 pieces
Finishing by a company
Wide garden view

Overlooking the square
Abu Bakr Al-Siddiq Mosque
Othman bin Affan School
Gate 19 & 17
Repeated floor
Elevator
Natural gas

Key is available
For easy viewing

For contact, phone or WhatsApp

View Contact Detail",en,Al Rehab,,Cairo,New Cairo,Rehab City,,ready,,,,,,,,,,"elevator, garden",,,,,158.3710407239819,
503826939,https://www.bayut.eg/en/property/details-503826939.html,algolia,True,detail_html,rent,apartment,52000.0,monthly,EGP,3.0,4.0,224.0,"Egypt, Cairo, New Cairo, Rehab City",Egy Property,False,2026-07-22,"Code: TX-02408

Apartment In El Rehab - New Cairo For rent
3 bedrooms
4 bathrooms

BUA: 224 sqm

Floor Number: 3

Fully Finished
Fully Furnished

Total Rent Value: EGP 52,000

Call Us Now !!
You Can Also Offer Your Unit With Us
No Brokers

Code: TX-02408

EgyProperty
EgyProperty connects you with Egypt's most sought-after residential and investment opportunities. Explore premium developments including Mivida, Uptown Cairo, Marassi, Hyde Park, Hacienda Bay, Palm Hills, and more, with expert guidance, verified listings, transparent advice, and a seamless property-buying experience from your first inquiry to handover.",en,Hacienda Bay,Palm Hills Developments,Cairo,New Cairo,Rehab City,furnished,ready,,,,,,,,,,,,,,,232.14285714285714,
503609247,https://www.bayut.eg/en/property/details-503609247.html,algolia,True,detail_html,rent,other,266000.0,monthly,EGP,0.0,0.0,140.0,"Egypt, Cairo, New Cairo, Rehab City",Do estate,False,2026-06-08,"Prime Retail Space for Lease | High-Footfall Main Street Location | Al Rehab, New Cairo
Secure a premium retail address in one of Al Rehab’s busiest commercial destinations. Strategically located on a vibrant main street and surrounded by internationally recognized brands, this unit offers exceptional visibility, continuous customer traffic, and a powerful opportunity for business growth. 
Retail Shop for Rent in Al Rehab – New Cairo
Property Details:
• Unit Type: Retail Shop
• Built-Up Area: 140 SQM
• Floor: First Floor
• Prime Main Street Location
• Excellent frontage and brand visibility
• Suitable for fashion brands, footwear, accessories, beauty concepts, and premium retail businesses
• Ready for custom fit-out based on operational requirements
Rental Details:
• Rental Rate: EGP 1,900 per SQM/month
• Total Monthly Rent: EGP 266,000
Amenities & Facilities:
• High-footfall commercial destination
• Strong residential catchment area
• Premium storefront exposure
• Easy accessibility from major roads
• Ample visitor parking
• 24/7 security and surveillance
• CCTV monitoring systems
• Professional property management
• Advanced telecom and internet infrastructure
• Prestigious retail environment surrounded by leading brands
Nearby International & Premium Brands:
• Adidas
• Skechers
• Lazurde
• Cilantro
• Concrete
Strategic Location:
Located in one of Al Rehab’s most active commercial districts, close to:
• Main Commercial Market
• Al Rehab Main Gates
• 90 Street
• Madinaty
• Suez Road
• American University in Cairo (AUC)
• Fifth Settlement
The location benefits from continuous footfall, excellent accessibility, and a strong consumer base, making it an ideal destination for successful retail operations. 
A rare opportunity for established brands and growing businesses seeking maximum exposure in one of East Cairo’s most successful retail hubs. 
Contact us today to schedule a viewing and secure this exceptional retail opportunity in Al Rehab.",en,Madinaty,,Cairo,New Cairo,Rehab City,,ready,,,,,,,,monthly,,"security, garage",,,,,1900.0,
503811860,https://www.bayut.eg/en/property/details-503811860.html,algolia,True,detail_html,rent,other,150000.0,monthly,EGP,0.0,0.0,340.0,"Egypt, Cairo, Maadi, Degla",New Avenue,False,2026-07-20,"Fully Finished Retail With Ground Floor and First With Outdoor 82 Sqm In Degla Maadi
Property Type: Retail
License: Commercial
Location: Degla Maadi
Offering Type: Rent
Indoor Area: 285 SQM
Outdoor Area: 82 SQM
Total Area: 340 SQM
Finishing Type: Fully Finished

Monthly Rent: 150,000 EGP

Facilities and Features
Prime commercial location
High foot traffic areas
Modern design with glass façades
Elevators and escalators
Central air conditioning
24/7 security and CCTV
Parking spaces available
Firefighting system
Professional property management
KZ-AMS83",en,,,Cairo,Maadi,Degla,fully finished,ready,,,,,,,,monthly,,"Broadband Internet, Intercom, Maintenance Staff, Central A/C & heating, Lobby in Building, Covered parking, Cleaning Services, Waste Disposal, Centrally Air-Conditioned, Elevators in Building, Furnished, Conference Room, Number of Bedrooms, Satellite/Cable TV, Business Center, Security Staff, CCTV Security, Parking Spaces, انترنت واسع النطاق, اتصال داخلي, خدمات صيانة, تدفئة وتكييف مركزي, ردهة إستقبال, مواقف مغطاة للسيارات, خدمات تنظيف, مكبّ نفايات, نظام تبريد مركزي, مصاعد, مفروشة, غرفة اجتماعات, عدد الغرف, كابل قنوات تلفزيونية, مركز أعمال, أمن و حماية, نظام كاميرات مراقبة, مواقف سيارات, security, garage, elevator, central ac",,,,,441.1764705882353,
503537224,https://www.bayut.eg/en/property/details-503537224.html,algolia,True,detail_html,rent,other,100000.0,monthly,EGP,0.0,0.0,69.0,"Egypt, Cairo, New Cairo, Rehab City",Do estate,False,2026-05-19,"Commercial Retail 70 sqm in door + 55 sqm outdoor in Al Rehab City - New Cairo - 5th Settlement - Prime Location Retail


*PRIME RETAIL *

Rehab

First Floor
70 sqm in door + 55 sqm outdoor
Ideal for Retail & F&B
High Visibility & Strong Footfall

Surrounded by major brands & attractions


100,000 Per Month


We are a specialized Commercial Real Estate team offering premium services in leasing and sales of commercial properties across prime locations. Our portfolio includes retail shops, administrative offices, clinics, and mixed-use spaces tailored to meet the needs of investors, business owners, and corporate clients. 

With deep market knowledge and strong negotiation expertise, we ensure our clients get the best value, highest returns, and most suitable opportunities—whether for rent or purchase. We cover both primary and resale markets, providing a wide range of options that suit different budgets and business goals. 

Our team is committed to delivering a seamless experience—from property selection and site visits to closing deals—while maintaining transparency, professionalism, and speed in every step. 

Whether you are looking to expand your business, invest in commercial assets, or secure a strategic location, we are here to guide you with trusted advice and exclusive opportunities.",en,Al Rehab,,Cairo,New Cairo,Rehab City,,ready,,resale,,,,,,monthly,,,70.0,,,,1449.2753623188405,
503981611,https://www.bayut.eg/en/property/details-503981611.html,algolia,True,detail_html,rent,apartment,50000.0,monthly,EGP,3.0,2.0,130.0,"Egypt, Cairo, Katameya, One Katameya",Ring Road Real Estate,False,2026-08-23,"Furnished Apartment for Rent in One Katameya Compound

Number of Rooms: 3 Bedrooms

Number of Bathrooms: 2 Bathrooms

View: Open View

Finishing: Luxurious and Fully Furnished

Price: 50,000 EGP Annually

Compound Features:

24-Hour Security

Extensive Green Spaces

Integrated Recreational and Sports Areas

Ongoing Services and Maintenance

View Contact Detail",en,,,Cairo,Katameya,One Katameya,furnished,ready,,,,,,,,annual,,security,,,,,384.61538461538464,
503987459,https://www.bayut.eg/en/property/details-503987459.html,algolia,True,detail_html,rent,duplex,126800.0,monthly,EGP,4.0,4.0,262.0,"Egypt, Cairo, New Cairo, 5th Settlement, Eastown Compound",Egy Property,False,2026-08-24,"Code: TX-02383

Duplex In Eastown New Cairo - New Cairo For rent

3 bedrooms + Maid's Room + Living Room
4 bathrooms

BUA: 262 sqm

Floor Number: Ground
Garden Area: 155 sqm

Fully Finished
Fully Furnished

Call Us Now !!
You Can Also Offer Your Unit With Us
No Brokers

Code: TX-02383

EgyProperty connects you with Egypt's most sought-after residential and investment opportunities, offering verified listings, transparent information, and professional guidance for a seamless property-renting experience.",en,Eastown,,Cairo,New Cairo,5th Settlement,furnished,ready,,,,,,,,,,"garden, maids room",,155.0,,,483.96946564885496,
208780453,https://www.bayut.eg/en/property/details-208780453.html,algolia,True,detail_html,rent,apartment,5000.0,,EGP,3.0,2.0,185.0,"Egypt, Cairo, Zamalek",,False,2026-08-22,"شقة فندقية مفروشة في الزمالك علي النيل مباشر

بجوار سفارة المانيا جزيرة الزمالك سكنك في قلب النيل

سعر اليوم 5,000 جنية في اليوم وخصم للمدة

ثلاث غرف نوم مكيفة علي النيل

مطبخ مجهز بالكامل و اتنين حمام وجاكوزي

انترنت مجاني الدور السابع علوي اتنين اسانسير

للعائلات فقط

للحجز و للأستعلام تواصل تليفون او واتساب دكتور يوسف",ar,,,Cairo,Zamalek,Zamalek,furnished,ready,,,,,,,,,,"Completion Year, Balcony or Terrace, Built in Kitchen Appliances, Central A/C & heating, Covered parking, Maids Room, Pets Allowed, Security Staff, Electricity Meter, Water Meter, Natural Gas, Landline, Elevators in Building, Down Payment, سنة البناء, شرفة أو تراس, أجهزة مطبخ مدمجة, تدفئة وتكييف مركزي, مواقف مغطاة للسيارات, غرفة خدم, مسموح بالحيوانات الاليفة, أمن و حماية, عداد كهرباء, عداد مياه, غاز طبيعي, خط أرضي, مصاعد, المقدم, elevator",7.0,,,,27.027027027027028,
503863411,https://www.bayut.eg/en/property/details-503863411.html,algolia,True,detail_html,rent,other,124300.0,monthly,EGP,0.0,0.0,113.0,"Egypt, Cairo, New Cairo, 5th Settlement, Hyde Park Business District",Top-homes-Egypt,False,2026-07-30,"Prime administrative office for rent in Hyde Park Business District, New Cairo, located on South Teseen Street. 

Property Details:

Area: 113 SQM. 
Finishing: Fully Finished. 
Central Air Conditioning. 
Fire Fighting System. 
Fire Alarm System. 
CCTV Surveillance. 

Rental Rate: EGP 1,100 / SQM. 
Total Monthly Rent: EGP 124,300

A great choice for companies looking for a fully equipped office in a prime business location. 

Contact us today for more details or to schedule a viewing.",en,Hyde Park,,Cairo,New Cairo,5th Settlement,fully finished,ready,,,,,,,,monthly,,"24 Hours Concierge, Freehold, Central A/C & heating, Water Meter, CCTV Security, Security Staff, Centrally Air-Conditioned, Business Center, Conference Room, ATM Facility, Double Glazed Windows, Electricity Backup, Facilities for Disabled, حراسة 24 ساعة, التملك الحر, تدفئة وتكييف مركزي, عداد مياه, نظام كاميرات مراقبة, أمن و حماية, نظام تبريد مركزي, مركز أعمال, غرفة اجتماعات, توفر أجهزة السحب الآلي, نوافذ زجاجية مزدوجة, نظام كهرباء احتياطي للطوارئ, تسهيلات لأصحاب الهمم, central ac",,,,,1100.0,
503791514,https://www.bayut.eg/en/property/details-503791514.html,algolia,True,detail_html,rent,apartment,90000.0,monthly,EGP,3.0,3.0,220.0,"Egypt, Cairo, New Cairo, 5th Settlement, Villette Compound",New Avenue,False,2026-07-15,"Apartment For Rent In Sodic Villette (V Residence) With High End Finishing + ACS and Fully

Equipped Kitchen First Use , Ready to Move Contract For 2 Years , Very Prime Location

With Open View Overlooking Wide Gardens and Landscape , 3 Beds + Nanny Room + Parking Slot

Built Up Area 220m

3rd Floor - Prime Location

3 Beds + 3 Baths + Nanny’s room + Parking Slot

Fully Finished with AC’s & First Use

Asking Price For Month :90,000

Contract 2-3 Years
=================
K-AD",en,Villette,SODIC,Cairo,New Cairo,5th Settlement,fully finished,ready,,,installments,,,,,,,"Shared Kitchen, Parking Spaces, Lawn or Garden, Natural Gas, Covered parking, Maids Room, Central A/C & heating, Water Meter, Cafeteria or Canteen, Built in Kitchen Appliances, Electricity Meter, Day Care Center, Balcony or Terrace, Kids Play Area, مطبخ مشترك, مواقف سيارات, حديقة, غاز طبيعي, مواقف مغطاة للسيارات, غرفة خدم, تدفئة وتكييف مركزي, عداد مياه, كافيتيريا, أجهزة مطبخ مدمجة, عداد كهرباء, مركز رعاية أطفال, شرفة أو تراس, منطقة لعب للأطفال, garage, garden",3.0,,,,409.09090909090907,
503977618,https://www.bayut.eg/en/property/details-503977618.html,algolia,True,detail_html,rent,apartment,2000.0,,EGP,0.0,1.0,60.0,"Egypt, Cairo, Nasr City",Ze Top Real Estate,False,2026-08-23,"Luxury Hotel Studio for Rent | Prime Location in Nasr City near Al Serag Mall and Abbas El Akkad Street – Close to City Stars

Enjoy a comfortable and modern stay in a fully furnished luxury hotel studio located in the heart of Nasr City near Al Serag Mall and Abbas El Akkad Street, one of Cairo's most prestigious and sought-after locations. 

Studio Details:

• Two comfortable bedrooms with a modern design

• Modern bathroom with luxurious finishes

• Fully equipped kitchen

• High-quality modern furnishings

• Ultra-super-luxurious finishing

Features and Services:

• Fast Wi-Fi

• Fully air-conditioned

• Fully equipped kitchen

• Clean linens and towels

• Two elevators

• Secure building and quiet environment

• 24/7 support

Location:

• 5 minutes from City Stars

• Close to restaurants, cafes, and services

• Easy access to all parts of Cairo

Suitable for:

• Individuals

• Couples

• Business travelers

• Short and long stays

Rental System:

• Daily/Monthly

• Flexible check-in and check-out times (subject to availability)

Price:

Determined according to length of stay – contact us for details",en,,,Cairo,Nasr City,Nasr City,furnished,ready,,,,,,,,monthly,,elevator,,,,,33.333333333333336,
503785078,https://www.bayut.eg/en/property/details-503785078.html,algolia,True,detail_html,rent,chalet,4500.0,,EGP,2.0,2.0,90.0,"Egypt, Matruh, North Coast, Alamein, Golf Porto Marina",Mohamed mohamed,False,2026-07-14,"Fourth-floor seaside chalet for rent Golf Porto Marina
Area: New Golf
Area: 90m
2 bedrooms + 2 bathrooms
Model B
Distinctive building
Super luxury furnished
Fully equipped
3 air conditioners
Price: 4500
Price includes electricity, water, and cleaning
For communication: View Contact Detail
Special discount for families and long periods
Access to Marina and the beach available",en,Marina,,Matruh,North Coast,Alamein,furnished,ready,,,installments,,,,,,,"Security Staff, Built in Kitchen Appliances, Kids Play Area, CCTV Security, Lawn or Garden, Barbeque Area, Business Center, Cafeteria or Canteen, 24 Hours Concierge, Gym or Health Club, Swimming Pool, أمن و حماية, أجهزة مطبخ مدمجة, منطقة لعب للأطفال, نظام كاميرات مراقبة, حديقة, مكان مخصص للشواء, مركز أعمال, كافيتيريا, حراسة 24 ساعة, صالة رياضية أو نادي صحي, مسبح",,,,,50.0,
503988388,https://www.bayut.eg/en/property/details-503988388.html,algolia,True,detail_html,rent,apartment,15000.0,monthly,EGP,2.0,1.0,90.0,"Egypt, Cairo, New Cairo, Rehab City",N-edge,False,2026-08-24,"Cheapest apartment for rent in Al-Rehab 1
Phase One
First Floor
The apartment consists of 2 bedrooms and 1 bathroom
The apartment is a steal in terms of price, location, and finishing
Required upon renting: security deposit, rent, and commission
-----------------------------------------------------------------------------------------------------------------------------------------
----------------------------------------------------
------------------------------------------------------------",en,Al Rehab,,Cairo,New Cairo,Rehab City,,ready,,,installments,,,,,monthly,,"Cleaning Services, Centrally Air-Conditioned, Water Meter, Storage Areas, Natural Gas, Landline, Double Glazed Windows, Electricity Backup, Freehold, Broadband Internet, Satellite/Cable TV, Intercom, Kids Play Area, Maintenance Staff, Cafeteria or Canteen, خدمات تنظيف, نظام تبريد مركزي, عداد مياه, مناطق تخزين, غاز طبيعي, خط أرضي, نوافذ زجاجية مزدوجة, نظام كهرباء احتياطي للطوارئ, التملك الحر, انترنت واسع النطاق, كابل قنوات تلفزيونية, اتصال داخلي, منطقة لعب للأطفال, خدمات صيانة, كافيتيريا, security",,,,,166.66666666666666,
503978874,https://www.bayut.eg/en/property/details-503978874.html,algolia,True,detail_html,rent,apartment,30000.0,monthly,EGP,2.0,1.0,80.0,"Egypt, Cairo, Madinaty",new step,False,2026-08-23,"80 sq m furnished apartment for rent in one of Madinaty's most prestigious areas. 

It consists of 2 bedrooms and a bathroom. 

The apartment is brand new and has never been occupied before. 

High-end finishing and hotel-style furnishings. 

Second floor with elevator access. 

Excellent location. 

Fully air-conditioned and includes internet. 

______________________

Contact:

View Contact Detail

https://wa. me/message/5VJFGQLV76CPI1",en,Madinaty,,Cairo,Madinaty,Madinaty,furnished,ready,,,installments,,,,,,,"Broadband Internet, Intercom, Number of Bedrooms, Maintenance Staff, Cleaning Services, Completion Year, Balcony or Terrace, Central A/C & heating, Pets Allowed, Lawn or Garden, Security Staff, Electricity Meter, Water Meter, Natural Gas, Landline, Elevators in Building, View, Electricity Backup, First Aid Medical Center, Service Elevators, Furnished, CCTV Security, Laundry Facility, Facilities for Disabled, Parking Spaces, 24 Hours Concierge, Total Floors, انترنت واسع النطاق, اتصال داخلي, عدد الغرف, خدمات صيانة, خدمات تنظيف, سنة البناء, شرفة أو تراس, تدفئة وتكييف مركزي, مسموح بالحيوانات الاليفة, حديقة, أمن و حماية, عداد كهرباء, عداد مياه, غاز طبيعي, خط أرضي, مصاعد, مطل, نظام كهرباء احتياطي للطوارئ, مركز للإسعافات الأولية, خدمات المصاعد, مفروشة, نظام كاميرات مراقبة, خدمة غسيل ملابس, تسهيلات لأصحاب الهمم, مواقف سيارات, حراسة 24 ساعة, عدد الطوابق, elevator",,,,,375.0,
503977230,https://www.bayut.eg/en/property/details-503977230.html,algolia,True,detail_html,rent,apartment,85000.0,monthly,EGP,3.0,3.0,190.0,"Egypt, Cairo, New Cairo, 5th Settlement, Villette Compound",Elviro Real Estate,False,2026-08-22,"Fully Furnished 3-Bedroom Apartment for Rent in Sky Condos, Villette SODIC

Code : SV42

Property Details:

Floor: 2nd Floor
Built-up Area: 190 sqm
Layout:
3 Bedrooms

3 Bathrooms

Status: Fully Furnished with Luxury Modern Furniture, ACs & High-End Appliances__________________________________________
Asking Rent: $1,700 / month__________________________________________
Key Features & Amenities:

Situated in the iconic Sky Condos phase, famous for its unique cascading architectural design and open vistas. 
Prime Golden Square location offering fast access to South 90th Street and central business districts. 
Generous 190 sqm footprint, fully furnished to top luxury standards for turnkey occupancy. 
24/7 top-tier gated security, electronic entrance gates, and full CCTV monitoring. 
Access to Villette’s signature thematic parks, world-class sports clubhouse, swimming pools, and walking trails. __________________________________
At Elviro, we redefine residential living in New Cairo’s prime gated communities. Specializing exclusively in premium Resale and Rental properties. More than just brokers, we act as your trusted local advisors; bridging the gap between serious homeowners and discerning clients through effortless viewings, streamlined contract processes, and tailored lifestyle matching. Elviro turns real estate decisions into swift, confident moves. we offer you special offers all over New Cairo City.",en,Villette,SODIC,Cairo,New Cairo,5th Settlement,furnished,ready,,,,,,,,monthly,,"Balcony or Terrace, Covered parking, Lawn or Garden, Gym or Health Club, Centrally Air-Conditioned, Day Care Center, First Aid Medical Center, Business Center, Cafeteria or Canteen, 24 Hours Concierge, Built in Kitchen Appliances, Central A/C & heating, Security Staff, Water Meter, Natural Gas, Landline, Barbeque Area, Furnished, Satellite/Cable TV, ATM Facility, Swimming Pool, Electricity Meter, Broadband Internet, Cleaning Services, Kids Play Area, CCTV Security, شرفة أو تراس, مواقف مغطاة للسيارات, حديقة, صالة رياضية أو نادي صحي, نظام تبريد مركزي, مركز رعاية أطفال, مركز للإسعافات الأولية, مركز أعمال, كافيتيريا, حراسة 24 ساعة, أجهزة مطبخ مدمجة, تدفئة وتكييف مركزي, أمن و حماية, عداد مياه, غاز طبيعي, خط أرضي, مكان مخصص للشواء, مفروشة, كابل قنوات تلفزيونية, توفر أجهزة السحب الآلي, مسبح, عداد كهرباء, انترنت واسع النطاق, خدمات تنظيف, منطقة لعب للأطفال, نظام كاميرات مراقبة, pool, security, clubhouse",2.0,,,,447.36842105263156,
503782613,https://www.bayut.eg/en/property/details-503782613.html,algolia,True,detail_html,rent,chalet,3500.0,,EGP,2.0,2.0,80.0,"Egypt, Matruh, North Coast, Alamein, Golf Porto Marina",Mohamed mohamed,False,2026-07-14,"Third floor chalet for rent in Golf Porto Marina
Area: Aqua
Area: 80 m
2 bedrooms + 2 bathrooms
Model B
Distinctive building
Furnished with super luxury furniture
Fully equipped
3 air conditioners
Price: 3500
Price includes electricity, water, and cleaning
Contact: View Contact Detail
Special discount for families and long stays
Access to Marina and the beach available",en,Marina,,Matruh,North Coast,Alamein,furnished,ready,,,installments,,,,,,,"Kids Play Area, Barbeque Area, 24 Hours Concierge, Built in Kitchen Appliances, Lawn or Garden, Security Staff, Cafeteria or Canteen, CCTV Security, منطقة لعب للأطفال, مكان مخصص للشواء, حراسة 24 ساعة, أجهزة مطبخ مدمجة, حديقة, أمن و حماية, كافيتيريا, نظام كاميرات مراقبة",,,,,43.75,
503782578,https://www.bayut.eg/en/property/details-503782578.html,algolia,True,detail_html,rent,chalet,3800.0,,EGP,2.0,2.0,80.0,"Egypt, Matruh, North Coast, Alamein, Golf Porto Marina",Mohamed mohamed,False,2026-07-14,"Third-floor chalet for rent Golf Porto Marina
Area: Aqua
Size: 80 m
2 bedrooms + 2 bathrooms
Model B
Distinctive building
Furnished with super luxury furniture
Fully equipped
3 air conditioners
Price: 3800
Price includes electricity, water, and cleaning
For contact: View Contact Detail
Special discount for families and long durations
Access to Marina and the beach available",en,Marina,,Matruh,North Coast,Alamein,furnished,ready,,,installments,,,,,,,"Barbeque Area, Lawn or Garden, Security Staff, CCTV Security, Kids Play Area, مكان مخصص للشواء, حديقة, أمن و حماية, نظام كاميرات مراقبة, منطقة لعب للأطفال",,,,,47.5,
503977367,https://www.bayut.eg/en/property/details-503977367.html,algolia,True,detail_html,rent,duplex,22000.0,,EGP,5.0,4.0,200.0,"Egypt, Matruh, North Coast, Alamein, Marina 4",الهدى للمقاولات,False,2026-08-22,"Duplex available for rent in Marina 4

5 air-conditioned bedrooms

Private pool

4 bathrooms

Overlooking the lake
Close to all services









- Name: Al-Huda Company
- Field: Real estate marketing and finishing
- Location: [In front of the yacht gate at Marina 3, Building 9, Apartment 2, Floor 2]
- Phone: [View Contact Detail]
- Email: [Send e-mail]

Al-Huda Company was established to provide innovative marketing solutions in the field of real estate, focusing on delivering high-quality finishing services. We strive to meet our clients' needs by providing professional and reliable services. 

**Our vision for the future:
To be the leading company in real estate marketing and finishing in the region, committed to quality and innovation. 

#**Mission:
To provide effective and professional marketing services, and to offer high-quality finishing that meets clients' aspirations. 

#. **Services:
- Real estate marketing (residential, commercial)
- Interior and exterior finishing services
- Real estate consulting
- Project management
**Previous experience:
Over 30 years of experience in real estate marketing in the North Coast, especially ""Sidi Krir, Armed Forces - Marina - Marassi - Amwaj""",en,Marassi,,Matruh,North Coast,Alamein,furnished,ready,,,installments,,,,,,,"Balcony or Terrace, Built in Kitchen Appliances, Lawn or Garden, Security Staff, Swimming Pool, Electricity Meter, Number of Bedrooms, Distance From Airport (kms), Double Glazed Windows, Furnished, Number of Bathrooms, Water Meter, شرفة أو تراس, أجهزة مطبخ مدمجة, حديقة, أمن و حماية, مسبح, عداد كهرباء, عدد الغرف, المسافة من المطار (كم), نوافذ زجاجية مزدوجة, مفروشة, عدد دورات المياه, عداد مياه, pool",2.0,,,,110.0,
503977358,https://www.bayut.eg/en/property/details-503977358.html,algolia,True,detail_html,rent,other,50000.0,monthly,EGP,0.0,0.0,200.0,"Egypt, Cairo, Maadi",City Group,False,2026-08-22,"Administrative office for rent in Maadi on the Ring Road in a prime location

• An address befitting your company's name and reflecting its development and professionalism

• Open-plan spaces that allow for a healthy and harmonious work environment

• Licensed for administrative use with high-level finishing and equipment

Area: 200 square meters - Floor: 4th

Unit details:

• 3-piece reception area - Office kitchen - 3 bathrooms - 3 rooms

Features:

• Communication equipment including telephones and internet

• Air conditioning

• 24-hour security cameras and guards

Suitable for:

• Company offices - Medical clinics - Specialized centers - High-end administrative activities

• We also have many other offices, administrative headquarters, independent villas, and buildings with varying sizes and prices to suit all companies",en,,,Cairo,Maadi,Maadi,,ready,,,installments,,,,,,,"24 Hours Concierge, Broadband Internet, Business Center, Conference Room, Intercom, Balcony or Terrace, Security Staff, Elevators in Building, Waste Disposal, Service Elevators, Natural Gas, Electricity Meter, Water Meter, Landline, Lobby in Building, Electricity Backup, Maintenance Staff, CCTV Security, حراسة 24 ساعة, انترنت واسع النطاق, مركز أعمال, غرفة اجتماعات, اتصال داخلي, شرفة أو تراس, أمن و حماية, مصاعد, مكبّ نفايات, خدمات المصاعد, غاز طبيعي, عداد كهرباء, عداد مياه, خط أرضي, ردهة إستقبال, نظام كهرباء احتياطي للطوارئ, خدمات صيانة, نظام كاميرات مراقبة, security",,,,,250.0,
503977173,https://www.bayut.eg/en/property/details-503977173.html,algolia,True,detail_html,rent,apartment,80000.0,monthly,EGP,3.0,3.0,205.0,"Egypt, Cairo, New Cairo, 5th Settlement, Eastown Compound",Alpha real estate,False,2026-08-22,"Brand-new semi furnished apartment offering spacious living and modern comfort in Eastown Sodic. 
Apartment for rent in Eastown Sodic. 
Area: 205 sqm

Layout:
3 Bedrooms
3 Bathrooms
Nanny Room
Spacious Reception


Key Features:
First use (brand new)
Semi furnished
Large and practical layout
Nanny room (extra convenience)
Prime location inside Eastown
Ideal for families & expats
Ready to move in

Rent: 75 ,000 EGP/month

First-use units with this size in Eastown are limited
Contact now to schedule your private viewing!",en,Eastown,SODIC,Cairo,New Cairo,5th Settlement,furnished,ready,,,,,,,,monthly,,"Steam Room, Cafeteria or Canteen, Swimming Pool, First Aid Medical Center, Jacuzzi, Kids Play Area, Sauna, Lawn or Garden, Gym or Health Club, Barbeque Area, Day Care Center, غرفة بخار, كافيتيريا, مسبح, مركز للإسعافات الأولية, جاكوزي, منطقة لعب للأطفال, ساونا, حديقة, صالة رياضية أو نادي صحي, مكان مخصص للشواء, مركز رعاية أطفال",,,,,390.2439024390244,
503976861,https://www.bayut.eg/en/property/details-503976861.html,algolia,True,detail_html,rent,apartment,35000.0,monthly,EGP,2.0,3.0,200.0,"Egypt, Cairo, Heliopolis",ElKateb Real Estate,False,2026-08-22,"Apartment for Rent – Heliopolis

El Khalifa El Maamoun St. – El Tahawy St. 

* 200 sqm

* 7th Floor

* 2 Bedrooms

* 3 Bathrooms

* Living Room

* Semi Furnished

* Asking Price: 35,000 /month

---------------------------------------------------------------------------------------------------------------------------------------
CLE Real Estate Marketing Company aims to provide comprehensive services for your real estate needs. If you are ready to invest or interested in purchasing a residential, medical, commercial or office property, we are here for you. 
To ensure that your plans are transformed into reality thanks to our individual expertise in the best real estate companies in Egypt
Let luxury live in your new home, a stunning home with spacious spaces and modern design
Live the life you deserve. Enjoy elegant design and luxurious services. 
We have units in all compounds in the Fifth Settlement, New Cairo and others. . . . 
We have units in Palm Hills, Zed, Mountain View Hyde Park, Azad, Stone Residence",en,Mountain View Hyde Park,Mountain View (DMG),Cairo,Heliopolis,Heliopolis,furnished,ready,,,,,,,,monthly,,"Balcony or Terrace, Lobby in Building, Centrally Air-Conditioned, Storage Areas, Double Glazed Windows, Number of Bathrooms, Number of Bedrooms, شرفة أو تراس, ردهة إستقبال, نظام تبريد مركزي, مناطق تخزين, نوافذ زجاجية مزدوجة, عدد دورات المياه, عدد الغرف",7.0,,,,175.0,
503976618,https://www.bayut.eg/en/property/details-503976618.html,algolia,True,detail_html,rent,apartment,35000.0,monthly,EGP,2.0,2.0,105.0,"Egypt, Giza, Sheikh Zayed, ZED West Compound",Planco Properties,False,2026-08-22,"For Rent | ZED Towers – Sheikh Zayed
A modern apartment in a prime location, surrounded by all essential services. 
ZED Towers
• 2 Bedrooms
• 2 Bathrooms
• 9th Floor
• Beautiful Landscape View
• Fully Equipped Kitchen
• Installed Air Conditioning
• 24/7 Security & Guarding
• Prime Location – Close to All Services
Ready to Move In
For more details, price & viewing, contact us now. 


About PLANCO Properties
PLANCO Properties is a professional real estate marketing and consultancy company specializing in residential, commercial, and investment properties across the Egyptian real estate market. 
Our mission is to help clients make smart, confident, and well-informed real estate decisions by understanding their needs and providing carefully selected opportunities that match their goals. 
At PLANCO, we believe that real estate is not just about buying or selling a property — it is about making the right investment decision and building a secure future. 
With a client-focused approach, market knowledge, and a commitment to professionalism and transparency, we strive to build long-term relationships with our clients and partners. 
PLANCO Properties — We Don’t Just Sell Properties, We Build Opportunities. 

.",en,Zed Towers,,Giza,Sheikh Zayed,ZED West Compound,furnished,ready,,,installments,,,,,,,"Built in Kitchen Appliances, Waste Disposal, Maintenance Staff, Swimming Pool, Cleaning Services, أجهزة مطبخ مدمجة, مكبّ نفايات, خدمات صيانة, مسبح, خدمات تنظيف, security, garden",9.0,,,,333.3333333333333,
503816805,https://www.bayut.eg/en/property/details-503816805.html,algolia,True,detail_html,rent,apartment,50000.0,monthly,EGP,3.0,2.0,130.0,"Egypt, Cairo, New Cairo, Rehab City",E G R Realestate company,False,2026-07-20,"Apartment for rent in Al Rehab – close to amenities
Prime location
Close to services
Close to the Old Market
Close to Gate 6
If you’re looking for a luxury apartment with all the perks, keep reading!

3 bedrooms
2 bathrooms
Custom finishes
Modern furnishings—offering both comfort and sophistication

An amazing price—a real steal!
An unmissable opportunity
For bookings or inquiries:

https://wa. me/02View Contact Detail
View Contact Detail

Give me a call right away!",en,Al Rehab,,Cairo,New Cairo,Rehab City,furnished,ready,,,,,,,,,,"Nearby Public Transport, Lawn or Garden, Security Staff, Lobby in Building, Double Glazed Windows, Day Care Center, Electricity Backup, First Aid Medical Center, Service Elevators, Conference Room, Intercom, Kids Play Area, Number of Bathrooms, Maintenance Staff, CCTV Security, Cafeteria or Canteen, 24 Hours Concierge, Number of Bedrooms, Parking Spaces, Total Floors, Completion Year, Balcony or Terrace, Built in Kitchen Appliances, Central A/C & heating, Pets Allowed, Gym or Health Club, Electricity Meter, Centrally Air-Conditioned, Water Meter, Central Heating, Furnished, Nearby Hospitals, Prayer Room, Nearby Shopping Malls, Shared Kitchen, Study Room, Laundry Room, ATM Facility, Reception/Waiting Room, View, Barbeque Area, Storage Areas, Natural Gas, Broadband Internet, Laundry Facility, Facilities for Disabled, Cleaning Services, Landline, Elevators in Building, Waste Disposal, Satellite/Cable TV, Business Center, مواصلات نقل عامة قريبة, حديقة, أمن و حماية, ردهة إستقبال, نوافذ زجاجية مزدوجة, مركز رعاية أطفال, نظام كهرباء احتياطي للطوارئ, مركز للإسعافات الأولية, خدمات المصاعد, غرفة اجتماعات, اتصال داخلي, منطقة لعب للأطفال, عدد دورات المياه, خدمات صيانة, نظام كاميرات مراقبة, كافيتيريا, حراسة 24 ساعة, عدد الغرف, مواقف سيارات, عدد الطوابق, سنة البناء, شرفة أو تراس, أجهزة مطبخ مدمجة, تدفئة وتكييف مركزي, مسموح بالحيوانات الاليفة, صالة رياضية أو نادي صحي, عداد كهرباء, نظام تبريد مركزي, عداد مياه, تدفئة مركزية, مفروشة, مستشفيات قريبة, غرفة صلاة, مراكز تسوق قريبة, مطبخ مشترك, غرفة دراسة, غرفة غسيل, توفر أجهزة السحب الآلي, غرفة استقبال /انتظار, مطل, مكان مخصص للشواء, مناطق تخزين, غاز طبيعي, انترنت واسع النطاق, خدمة غسيل ملابس, تسهيلات لأصحاب الهمم, خدمات تنظيف, خط أرضي, مصاعد, مكبّ نفايات, كابل قنوات تلفزيونية, مركز أعمال",,,,,384.61538461538464,
503730774,https://www.bayut.eg/en/property/details-503730774.html,algolia,True,detail_html,rent,apartment,20000.0,monthly,EGP,3.0,3.0,168.0,"Egypt, Alexandria, Montazah",Remax professional,False,2026-07-02,"Furnished Apartment for Rent 168 m in Montazah (Marseilia Florence Compound) For more details, contact your real estate consultant / Radwa El Hassan: View Contact Detail
3 Bedrooms 2 Reception 3 Bathrooms
Includes a Master Bedroom
Low Floor Building 16 Floors
Licensed Apartment Built in 2015
Open View
EGP 20,000 Per Month
Code: 007209
Furnished Apartments for Rent Montazah Real Estate RE/MAX Professional RE/MAX",en,,,Alexandria,Montazah,Montazah,furnished,ready,,,,,,,,monthly,,"Completion Year, Balcony or Terrace, سنة البناء, شرفة أو تراس",,,,,119.04761904761905,
321885522,https://www.bayut.eg/تفاصيل-503988745/العقار.html,algolia,False,,rent,apartment,60000.0,monthly,EGP,3.0,3.0,155.0,"Egypt, Cairo, New Cairo, Rehab City",N-edge,False,2026-08-24,,,Al Rehab,,Cairo,New Cairo,Rehab City,furnished,ready,,,,,,,,,,,,,,,387.0967741935484,
503977541,https://www.bayut.eg/en/property/details-503977541.html,algolia,True,detail_html,rent,apartment,26000.0,monthly,EGP,2.0,1.0,78.0,"Egypt, Cairo, Madinaty",Moftahak Andna,False,2026-08-23,"Furnished Apartment for Rent in Madinaty B12
Rent: EGP 26,000/month – Final Price
Long-Term Rental
Families Only
78 sqm
2nd Floor
Excellent Garden View
2 Bedrooms
1 Bathroom
2-Piece Reception
American Kitchen
Natural Stone Finishing
Gypsum Board Details
Modern Furniture
Modern Appliances & Air Conditioners
Location Advantages:
Prime location in Madinaty B12Close to the mosque and daily servicesExcellent garden viewClose to essential servicesEasy access to different areas within Madinaty A beautifully furnished apartment featuring modern furniture, appliances and air conditioners, an excellent garden view and a convenient location close to the mosque and services. 
For inquiries: Mai Mosaad - Mofta7k 3ndna
View Contact Detail
WhatsApp
View Contact Detail

**Mofta7k 3ndna Real Estate Marketing**

* **Tax Registration No. :** 774065249
* **Commercial Registration No. :** 292687

**Office Address:**
Second Floor, Clove Mall, next to the New Cairo Security Directorate, on Youssef El Sebai Axis, New Cairo, Egypt.",en,Madinaty,,Cairo,Madinaty,Madinaty,furnished,ready,,,,,,,,monthly,,"security, garden",2.0,,,,333.3333333333333,
503977498,https://www.bayut.eg/en/property/details-503977498.html,algolia,True,detail_html,rent,apartment,17000.0,monthly,EGP,3.0,2.0,145.0,"Egypt, Cairo, New Cairo, Lotus Compound",Moftahak Andna,False,2026-08-23,"Apartment for Rent in South Lotus – Near AUC
Rent: EGP 17,000/month
145 sqm
1st Floor
Side Unit
3 Bedrooms
2 Bathrooms
Building with Security/Doorman
Location Advantages:
Prime location in South LotusNext to American University in Cairo (AUC)Close to 90th Street, services and commercial areasNear restaurants, cafés and shopping destinationsEasy access to major roads and main routesDesirable residential location Rental Terms:
EGP 17,000/month2 months security depositHalf-month agency commission For details and viewing, please contact us. 
Nody Fares | Mofta7k 3ndna
View Contact Detail

**Mofta7k 3ndna Real Estate Marketing**

* **Tax Registration No. :** 774065249
* **Commercial Registration No. :** 292687

**Office Address:**
Second Floor, Clove Mall, next to the New Cairo Security Directorate, on Youssef El Sebai Axis, New Cairo, Egypt.",en,,,Cairo,New Cairo,Lotus Compound,,ready,,,,,,,,monthly,,security,1.0,,,,117.24137931034483,
503976506,https://www.bayut.eg/en/property/details-503976506.html,algolia,True,detail_html,rent,apartment,25000.0,monthly,EGP,1.0,1.0,89.0,"Egypt, Red Sea, Sahl Hasheesh, Veranda Resort",Hurghada Moments,False,2026-08-22,"Secure a sophisticated long-term home in the exclusive Veranda Resort, Sahl Hasheesh. This fully furnished property features a serene pool view, offering a blend of modern comfort and the signature Mediterranean tranquility of the Red Sea. 
Designed for a seamless move-in experience, the apartment comes fully equipped with all essential furniture and home appliances, providing a comfortable, resort-style living environment. 

Property FeaturesType: Fully Furnished 1-Bedroom ApartmentView: Direct Swimming Pool ViewLease Term: Long-Term RentalLocation: Veranda Resort, Sahl Hasheesh
Resort Amenities & LifestylePrivate Beach Access: Exclusive entry to Sahl Hasheesh’s pristine sandy beaches. Leisure & Fitness: Multiple swimming pools, scenic lagoons, fully equipped gym, spa, and clubhouse. Convenience & Security: On-site reception, professional property maintenance, and 24/7 gated security. Prime Location: Minutes away from the Sahl Hasheesh Old Town promenade and a short drive to Hurghada International Airport. Get in touch today to schedule a viewing or secure this long-term rental!",en,فيراندا,,Red Sea,Sahl Hasheesh,Veranda Resort,furnished,ready,,,installments,,,,,monthly,,"Swimming Pool, Barbeque Area, Gym or Health Club, مسبح, مكان مخصص للشواء, صالة رياضية أو نادي صحي, pool, security, clubhouse, gym",,,,,280.8988764044944,
503810285,https://www.bayut.eg/en/property/details-503810285.html,algolia,True,detail_html,rent,other,20000.0,monthly,EGP,0.0,0.0,90.0,"Egypt, Alexandria, Sporting",Remax professional,False,2026-07-19,"Administrative office for rent 90 m with an advertising frontage on the main street in Sporting (Delta St. ). For more details, contact the agent now: Radwa El Hassan View Contact Detail

2 rooms 3 reception 1 bathroom
1st floor
Licensed administrative office
Open view of the main street
20,000 EGP Monthly
Contract terms: (2months' rent in advance - 1 month's security deposit - 1 month's commission)
Code: 007386
Administrative_Offices_for_Rent Sporting REMAX_Professional_Real_Estate",en,,,Alexandria,Sporting,Sporting,,ready,,,,,,,,monthly,,"Balcony or Terrace, Lobby in Building, CCTV Security, Security Staff, شرفة أو تراس, ردهة إستقبال, نظام كاميرات مراقبة, أمن و حماية, security",1.0,,,,222.22222222222223,
502816754,https://www.bayut.eg/en/property/details-502816754.html,algolia,True,detail_html,rent,apartment,55000.0,monthly,EGP,3.0,4.0,260.0,"Egypt, Alexandria, Laurent",Remax professional,False,2025-11-12,"Furnished Apartment for Rent 260 m in Laurent (Directly on the Sea – Branded Building) – For More Details, Contact the Agent / Radwa El Hassan View Contact Detail
3 Bedrooms 4 Receptions 4 Bathrooms
(Includes 1 Master Bedroom)
Middle Floor in a 10-Floor Building
Licensed Apartment Modern Building
Open Direct Sea View
55,000 EGP per Month
Contract Terms: (2 Months Advance + 1 Month Security Deposit + 1 Month Commission)
Code: 005677
Apartments for Rent Laurent Real Estate REMAX Professional",en,,,Alexandria,Laurent,Laurent,furnished,ready,,,,,,,,monthly,,"Electricity Meter, Water Meter, Security Staff, Completion Year, Built in Kitchen Appliances, Natural Gas, Landline, عداد كهرباء, عداد مياه, أمن و حماية, سنة البناء, أجهزة مطبخ مدمجة, غاز طبيعي, خط أرضي, security, sea view",,,,,211.53846153846155,
208493115,https://www.bayut.eg/en/property/details-208493115.html,algolia,True,detail_html,rent,apartment,55000.0,monthly,EGP,2.0,2.0,120.0,"Egypt, Cairo, Heliopolis",,False,2026-08-20,"شقه للايجار في الكوربه مصر الجديده من المالك
شارع بغداد العمومي
شقه واجهه برج جديد
اول سكن تشطيب اعلي مستوي
من المالك
تأسيس كامل عيادات او شركات او معامل او عياده اسنان
موقع مميز جدا بجوار محطه مترو الاهرام مصر الجديده الكوربه
برج عباره عن عيادات و كبري الشركات",ar,,,Cairo,Heliopolis,Heliopolis,,ready,,resale,,,,,,,,"Completion Year, Down Payment, سنة البناء, المقدم",,,,,458.3333333333333,
503770999,https://www.bayut.eg/en/property/details-503770999.html,algolia,True,detail_html,rent,apartment,27000.0,monthly,EGP,3.0,2.0,131.0,"Egypt, Cairo, New Cairo, Rehab City",Real Xperts,False,2026-07-11,"Fully furnished apartment for rent in Phase 9
Area 131 sqm
3 bedrooms / 2 bathrooms
Fully air conditioned
Near Avenue Mall
Price 27,000
Contact us and book your viewing View Contact Detail
Mariam Ahmed

C The Xpert

A company specializing in residential commercial and administrative sales and rentals across Al Rehab Madinaty and all areas of New Cairo We provide our clients with carefully curated options professional consultations and a seamless secure real estate experience built on trust and expertise helping you make the best decision in the shortest time",en,Madinaty,,Cairo,New Cairo,Rehab City,furnished,ready,,,,,,,,,,"Day Care Center, Waste Disposal, First Aid Medical Center, Furnished, Cleaning Services, Landline, Barbeque Area, Maintenance Staff, Completion Year, Balcony or Terrace, Covered parking, Pets Allowed, Security Staff, Electricity Meter, Water Meter, Natural Gas, 24 Hours Concierge, Built in Kitchen Appliances, Kids Play Area, CCTV Security, Broadband Internet, Lobby in Building, Cafeteria or Canteen, مركز رعاية أطفال, مكبّ نفايات, مركز للإسعافات الأولية, مفروشة, خدمات تنظيف, خط أرضي, مكان مخصص للشواء, خدمات صيانة, سنة البناء, شرفة أو تراس, مواقف مغطاة للسيارات, مسموح بالحيوانات الاليفة, أمن و حماية, عداد كهرباء, عداد مياه, غاز طبيعي, حراسة 24 ساعة, أجهزة مطبخ مدمجة, منطقة لعب للأطفال, نظام كاميرات مراقبة, انترنت واسع النطاق, ردهة إستقبال, كافيتيريا",1.0,,,,206.10687022900763,
503681157,https://www.bayut.eg/en/property/details-503681157.html,algolia,True,detail_html,rent,chalet,40000.0,monthly,EGP,2.0,1.0,100.0,"Egypt, Red Sea, Sahl Hasheesh, Veranda Resort",Hurghada Moments,False,2026-06-22,"Looking for a peaceful, luxury home in one of the most prestigious resorts in Sahl Hasheesh? This fully furnished 2-bedroom chalet in Veranda is now available for long-term lease. 
Enjoy the perfect combination of high-end architecture, privacy, and an exclusive community atmosphere. 
Property Details:
Layout: Spacious 2 bedrooms, bright living area, and a private terrace with a relaxing view. Condition: Fully furnished with modern, comfortable furniture and high-quality appliances. Lifestyle: Access to Veranda’s world-class facilities, including private beaches, swimming pools, clubhouse, and lush landscapes. Location: Prime location in Sahl Hasheesh, offering a serene and secure environment ideal for long-term living. Why Rent with Hurghada Moments?
We ensure a smooth, professional leasing process. Dedicated maintenance support throughout your stay. A ""move-in ready"" experience with everything you need. Terms:
Available for long-term rental (minimum 6–12 months). . Security deposit applicable. Contact Us: For viewings or further details, please contact us: [View Contact Detail] Managed by: Hurghada Moments",en,,,Red Sea,Sahl Hasheesh,Veranda Resort,furnished,ready,,,installments,,,,,,,"Gym or Health Club, Swimming Pool, Kids Play Area, Cafeteria or Canteen, صالة رياضية أو نادي صحي, مسبح, منطقة لعب للأطفال, كافيتيريا, pool, security, garden, clubhouse, balcony",,,,,400.0,
503977104,https://www.bayut.eg/en/property/details-503977104.html,algolia,True,detail_html,rent,villa,160000.0,monthly,EGP,4.0,4.0,350.0,"Egypt, Cairo, New Cairo, 5th Settlement, Mivida Compound",Gold for Real Estate,False,2026-08-22,"Luxury Standalone Villa for Rent | Mivida, New Cairo

Elegant Standalone Villa with Exquisite Finishing & Premium Specifications

Mivida – New Cairo

Land Area: 450 sqm
Built-Up Area: 350 sqm

4 Bedrooms
* 1 Master Bedroom with a Large Dressing Room
* Nanny’s Room with Private Bathroom

3 Bathrooms + Kitchenette

Large Fully Equipped Kitchen

Fully Air-Conditioned
Central Heating

Featuring exquisite finishing, spacious interiors, and a highly desirable layout, this villa offers the perfect combination of luxury, comfort, and privacy within one of New Cairo’s most prestigious communities. 

Asking Rent: EGP 160,000 / Month
Available from: 15 September 2026

View Contact Detail
View Contact Detail",en,Mivida,,Cairo,New Cairo,5th Settlement,super lux,ready,,,,,,,,monthly,,"Lawn or Garden, Barbeque Area, Day Care Center, حديقة, مكان مخصص للشواء, مركز رعاية أطفال",,,,,457.14285714285717,
502946561,https://www.bayut.eg/en/property/details-502946561.html,algolia,True,detail_html,rent,apartment,6500.0,,EGP,3.0,3.0,240.0,"Egypt, Giza, Sheikh Zayed, Beverly Hills Compound",Cairo gate,False,2025-12-15,"A spacious duplex apartment located in Westown – Beverly Hills, directly next to El Nada Hospital. 
Ideal for families seeking comfort, privacy, and a prime location. 
Layout:
3 bedrooms (including 1 master bedroom)3 bathroomsNanny / maid roomBright and spacious living areaFully equipped kitchenPerfect for short or long stays, with easy access to main roads, malls, and essential services.",en,Beverly Hills,,Giza,Sheikh Zayed,Beverly Hills Compound,furnished,ready,,,,,,,,,,"Waste Disposal, Broadband Internet, Satellite/Cable TV, Intercom, CCTV Security, Laundry Facility, Completion Year, Centrally Air-Conditioned, Double Glazed Windows, Electricity Backup, First Aid Medical Center, Furnished, Balcony or Terrace, Central A/C & heating, Natural Gas, Lobby in Building, Laundry Room, 24 Hours Concierge, Pets Allowed, Security Staff, Electricity Meter, Water Meter, Landline, Total Floors, مكبّ نفايات, انترنت واسع النطاق, كابل قنوات تلفزيونية, اتصال داخلي, نظام كاميرات مراقبة, خدمة غسيل ملابس, سنة البناء, نظام تبريد مركزي, نوافذ زجاجية مزدوجة, نظام كهرباء احتياطي للطوارئ, مركز للإسعافات الأولية, مفروشة, شرفة أو تراس, تدفئة وتكييف مركزي, غاز طبيعي, ردهة إستقبال, غرفة غسيل, حراسة 24 ساعة, مسموح بالحيوانات الاليفة, أمن و حماية, عداد كهرباء, عداد مياه, خط أرضي, عدد الطوابق, maids room",,,,,27.083333333333332,
503975566,https://www.bayut.eg/en/property/details-503975566.html,algolia,True,detail_html,rent,apartment,55000.0,monthly,EGP,3.0,3.0,155.0,"Egypt, Cairo, New Cairo, Rehab City",sky heights real estate marketing,False,2026-08-22,"Furnished Apartment for Rent in Al Rehab

Excellent location in Phase 1

Unit Details:
Area: 155 sqm
3 bedrooms
3 bathrooms
Master room
First floor
Fully furnished and ready to move in

Location:
In front of Al Rehab Club
Next to the Old Market
Vibrant location close to all services, restaurants, and transportation

A very special apartment, perfect for upscale family living

For viewing or more details:

Abanoub Sky Heights
Contact us: View Contact Detail
Sky Heights Real Estate Company
WhatsApp: https://wa. me/2View Contact Detail

#AlRehab #FurnishedRental #FurnishedApartment #Phase1 #AlRehabClub #OldMarket #AlRehab2 #SkyHeights",en,Al Rehab,,Cairo,New Cairo,Rehab City,furnished,ready,,,,,,,,,,,,,,,354.83870967741933,
503977164,https://www.bayut.eg/en/property/details-503977164.html,algolia,True,detail_html,rent,villa,100000.0,monthly,EGP,4.0,3.0,454.0,"Egypt, Cairo, Madinaty",Eslam Hassan Kamel,False,2026-08-22,"Fully Finished Standalone Villa for Rent – Golf & Lakes View –4 Bedrooms – Madinaty, New Cairo",en,Madinaty,,Cairo,Madinaty,Madinaty,fully finished,ready,,,installments,,,,,,,"Maids Room, Pets Allowed, Lawn or Garden, Security Staff, Swimming Pool, Natural Gas, Landline, Double Glazed Windows, Day Care Center, Electricity Backup, Waste Disposal, First Aid Medical Center, Freehold, Broadband Internet, Business Center, Conference Room, Jacuzzi, Kids Play Area, Number of Bathrooms, Number of Bedrooms, Steam Room, Distance From Airport (kms), Maintenance Staff, CCTV Security, Cafeteria or Canteen, Shared Kitchen, Balcony or Terrace, Built in Kitchen Appliances, Gym or Health Club, Furnished, Laundry Room, Satellite/Cable TV, Laundry Facility, 24 Hours Concierge, Covered parking, Facilities for Disabled, Parking Spaces, Study Room, Cleaning Services, Water Meter, Storage Areas, Barbeque Area, Intercom, Electricity Meter, View, ATM Facility, Sauna, غرفة خدم, مسموح بالحيوانات الاليفة, حديقة, أمن و حماية, مسبح, غاز طبيعي, خط أرضي, نوافذ زجاجية مزدوجة, مركز رعاية أطفال, نظام كهرباء احتياطي للطوارئ, مكبّ نفايات, مركز للإسعافات الأولية, التملك الحر, انترنت واسع النطاق, مركز أعمال, غرفة اجتماعات, جاكوزي, منطقة لعب للأطفال, عدد دورات المياه, عدد الغرف, غرفة بخار, المسافة من المطار (كم), خدمات صيانة, نظام كاميرات مراقبة, كافيتيريا, مطبخ مشترك, شرفة أو تراس, أجهزة مطبخ مدمجة, صالة رياضية أو نادي صحي, مفروشة, غرفة غسيل, كابل قنوات تلفزيونية, خدمة غسيل ملابس, حراسة 24 ساعة, مواقف مغطاة للسيارات, تسهيلات لأصحاب الهمم, مواقف سيارات, غرفة دراسة, خدمات تنظيف, عداد مياه, مناطق تخزين, مكان مخصص للشواء, اتصال داخلي, عداد كهرباء, مطل, توفر أجهزة السحب الآلي, ساونا, pool",,,,,220.26431718061673,
503974826,https://www.bayut.eg/en/property/details-503974826.html,algolia,True,detail_html,rent,apartment,50000.0,monthly,EGP,3.0,2.0,160.0,"Egypt, Cairo, New Cairo, 5th Settlement, Fifth Square Compound",Estimate Real Estate,False,2026-08-22,"Fully Furnished 160m² Apartment for Rent in Al Marasem

Area: 160m²

Layout: 3 bedrooms + 2 bathrooms

Landscape view

Fully furnished

Asking price: 50,000 EGP/month

For more details, please contact:

Ms. Maria: View Contact Detail

-------------------------------------------------------------------------------------------------------------",en,,Al Marasem Development,Cairo,New Cairo,5th Settlement,furnished,ready,,,,,,,,,,garden,,,,,312.5,
503975229,https://www.bayut.eg/en/property/details-503975229.html,algolia,True,detail_html,rent,apartment,55000.0,monthly,EGP,2.0,3.0,156.0,"Egypt, Cairo, New Cairo, 5th Settlement, Eastown Compound",Sign Investment for real estate,False,2026-08-22,"Furnished apartment for rent SODIC Eastown ,

Area :- 156 SQM,

2 rooms,

3 bathrooms,

Reception,

Fully furnished 

Price :- 55k per month,

Dina,

Available at your service 24 hours a day, all days of the week,

Take the opportunity and contact us now to book your preview,

If you have a property that you want to view professionally through us,

You will find a strong team that will provide you with all the support and assistance . 

If you have a property that you want to offer through us, please contact us on our numbers,

The unique location is the most important features of the Eastown SODIC project, which was built in the best place in New Cairo in the heart of the Fifth Settlement area and the most important features of its location,

Eastown is located on the main ninetieth Street

5 minutes from the American University,

10 minutes from the police college,

15 minutes from Sokhna road,

20 minutes from the ring road,

25 minutes from Cairo International Airport,

Some of its main features,

Landscapes. 

Gardens and parks.",en,Eastown,SODIC,Cairo,New Cairo,5th Settlement,furnished,ready,,,,,,,,monthly,,"Security Staff, Electricity Meter, Centrally Air-Conditioned, Waste Disposal, Business Center, Kids Play Area, Reception/Waiting Room, CCTV Security, Cafeteria or Canteen, Parking Spaces, Balcony or Terrace, Built in Kitchen Appliances, Day Care Center, Intercom, ATM Facility, Water Meter, Maintenance Staff, Natural Gas, Satellite/Cable TV, First Aid Medical Center, Cleaning Services, Covered parking, Electricity Backup, أمن و حماية, عداد كهرباء, نظام تبريد مركزي, مكبّ نفايات, مركز أعمال, منطقة لعب للأطفال, غرفة استقبال /انتظار, نظام كاميرات مراقبة, كافيتيريا, مواقف سيارات, شرفة أو تراس, أجهزة مطبخ مدمجة, مركز رعاية أطفال, اتصال داخلي, توفر أجهزة السحب الآلي, عداد مياه, خدمات صيانة, غاز طبيعي, كابل قنوات تلفزيونية, مركز للإسعافات الأولية, خدمات تنظيف, مواقف مغطاة للسيارات, نظام كهرباء احتياطي للطوارئ, garden",,,,,352.56410256410254,
503974828,https://www.bayut.eg/en/property/details-503974828.html,algolia,True,detail_html,rent,apartment,80000.0,monthly,EGP,2.0,2.0,160.0,"Egypt, Cairo, New Cairo, 5th Settlement, Lake view Residence Compound",Sign Investment for real estate,False,2026-08-22,"Furnished apartment for rent Lake View Residence ,

Area :- 160 SQM,

2 rooms,

2 bathrooms,

Reception,

fully Elegantly furnished,

Price :- 80k per month,

A Magdy,

Available at your service 24 hours a day, all days of the week,

Take the opportunity and contact us now to book your preview,

If you have a property that you want to view professionally through us,

You will find a strong team that will provide you with all the support and assistance . 

If you have a unit available that you would like to view, please contact us,

Location of lake view compound Fifth Settlement,

Lake View compound is located in the Fifth Settlement in the Golden Square area on the axis of bin Zayed and next to SODIC compound and mufida Emaar in addition to Layan compound and Palm Hills Katameya,",en,Palm Hills,Palm Hills Developments,Cairo,New Cairo,5th Settlement,furnished,ready,,,,,,,,monthly,,"Business Center, Intercom, Reception/Waiting Room, Maintenance Staff, ATM Facility, Kids Play Area, CCTV Security, Balcony or Terrace, Built in Kitchen Appliances, Covered parking, Security Staff, Electricity Meter, Centrally Air-Conditioned, Water Meter, Lobby in Building, Day Care Center, Electricity Backup, Waste Disposal, First Aid Medical Center, Furnished, Satellite/Cable TV, Cafeteria or Canteen, Parking Spaces, Cleaning Services, مركز أعمال, اتصال داخلي, غرفة استقبال /انتظار, خدمات صيانة, توفر أجهزة السحب الآلي, منطقة لعب للأطفال, نظام كاميرات مراقبة, شرفة أو تراس, أجهزة مطبخ مدمجة, مواقف مغطاة للسيارات, أمن و حماية, عداد كهرباء, نظام تبريد مركزي, عداد مياه, ردهة إستقبال, مركز رعاية أطفال, نظام كهرباء احتياطي للطوارئ, مكبّ نفايات, مركز للإسعافات الأولية, مفروشة, كابل قنوات تلفزيونية, كافيتيريا, مواقف سيارات, خدمات تنظيف",,,,,500.0,
503670676,https://www.bayut.eg/en/property/details-503670676.html,algolia,True,detail_html,rent,apartment,120000.0,monthly,EGP,3.0,3.0,220.0,"Egypt, Cairo, New Cairo, 5th Settlement, Mivida Compound",Redefine,False,2026-06-21,"M-AM-181



Apartment for rent in mivida boulevard



Prime location



Area: 220m



3 bedrooms



3 bathrooms



fully furnished



-------------------------------------



Asking price : 120,000



-------------------------------------



The nearby places from Mivida New Cairo:







* Located in the heart of Fifth Settlement, New Cairo



* 5 minutes away from the American University in Cairo (AUC)



* Close to South 90 Street



* 15 minutes from Cairo International Airport



* Easy access to Ring Road and Suez Road



* Close to Al Rehab City and Madinaty



---------------------------------------------

Mivida Services:



* 24/7 security and gated community



* Vast green spaces and landscaped areas



* Lakes and water features



* Clubhouse and recreational facilities



* Commercial and retail areas



* Restaurants and cafes



* Walking and cycling tracks



* Kids areas and family parks

-------------------------------------------------------------



Redfin Real Estate Consultants⁠ is your trusted partner to find a better future. 


Whether you are searching for your dream home or the perfect investment opportunity, we are here to guide you every step of the way. With our extensive experience in the Egyptian real estate market, we provide the best properties that match your needs and lifestyle. 

We offer a wide range of residential and commercial properties for sale and rent across prime locations in Cairo, including New Cairo, Al Rehab, Madinaty, and many more.",en,Madinaty,,Cairo,New Cairo,5th Settlement,furnished,ready,,,,,,,,,,"Landline, Lobby in Building, Security Staff, Swimming Pool, Gym or Health Club, Barbeque Area, Balcony or Terrace, Built in Kitchen Appliances, Lawn or Garden, Furnished, Intercom, خط أرضي, ردهة إستقبال, أمن و حماية, مسبح, صالة رياضية أو نادي صحي, مكان مخصص للشواء, شرفة أو تراس, أجهزة مطبخ مدمجة, حديقة, مفروشة, اتصال داخلي, security, garden, clubhouse",,,,,545.4545454545455,
321487783,https://www.bayut.eg/تفاصيل-503829493/العقار.html,algolia,False,,rent,other,70000.0,monthly,EGP,0.0,0.0,300.0,"Egypt, Cairo, Nasr City",Capital plan real estate,False,2026-07-22,,,,,Cairo,Nasr City,,,ready,,,installments,,,,,monthly,,elevator,,,,,233.33333333333334,
503974630,https://www.bayut.eg/en/property/details-503974630.html,algolia,True,detail_html,rent,apartment,30000.0,monthly,EGP,3.0,2.0,162.0,"Egypt, Cairo, New Cairo, Rehab City",Alrahma for real estate,False,2026-08-22,"Furnished apartment for rent in Al Rehab 2

Area: 162 sqm, located in Phase 8 near the Eastern Market, East Court, and local amenities. 

Layout: 3 bedrooms (including a master bedroom), a living room, a children's room, and 2 bathrooms. 

Located on the 3rd floor; the building has 2 elevators. 

We also offer properties of all sizes—for sale or rent (furnished)—in Al Rehab and Madinaty. 

Al Rahma Group Real Estate Marketing

Office Location: Al Rehab – Mall 1 – 1st Floor – Office 124

Contact:

Mohamed Hafez / View Contact Detail",en,Madinaty,,Cairo,New Cairo,Rehab City,furnished,ready,,,,,,,,,,elevator,3.0,,,,185.1851851851852,
503976059,https://www.bayut.eg/en/property/details-503976059.html,algolia,True,detail_html,rent,other,270000.0,monthly,EGP,0.0,0.0,160.0,"Egypt, Giza, Sheikh Zayed, Mall 1O1",Abrag One,False,2026-08-22,"For Rent | 160 sqm Commercial Shop + Outdoor Area | 1O1 Mall | Sheikh Zayed
A prime opportunity to rent a commercial shop in a strategic location in the heart of Sheikh Zayed, inside 1O1 Mall. 
The shop offers a total area of 160 sqm, including an indoor area and a spacious Outdoor Area, making it suitable for a wide range of commercial activities, especially restaurants, cafés, retail brands, and businesses that benefit from a prominent location and outdoor seating. 
Property Details
• Indoor Area: 110 sqm
• Outdoor Area: 50 sqm
• Total Area: 160 sqm
• Suitable for various commercial activities
• Prime location within a mixed-use mall
Prime Location
1O1 Mall enjoys a strategic location in the heart of Sheikh Zayed, directly on a main road and close to several residential and service destinations. 
Nearby:
• Saudi Market
• Hadayek El Mohandeseen Compound
• Greens Compound
• A major vibrant square
• Banks
• Hospitals
• Schools
• High-density residential communities
About the Mall
A modern mixed-use mall featuring:
• Retail shops
• Restaurants & cafés
• Medical clinics
• Administrative offices
This diverse mix of activities creates continuous foot traffic and provides a wide range of services for visitors and surrounding residents. 
Facilities & Amenities
• Distinctive architectural façades
• Direct frontage on a main road
• Diverse retail area
• Restaurants & cafés
• Modern elevators
• High-speed internet
• Parking garage
• 24/7 security
• CCTV surveillance
• Professional property management
• Restrooms on every floor
• Prime location close to essential services
• Easy access to Sheikh Zayed and major roads
Asking Rent
EGP 270,000 per month
For more details:
Hassan Batran
View Contact Detail
WhatsApp:
https://api. whatsapp. com/send?phone=View Contact Detail 
No Brokers, Please",en,,,Giza,Sheikh Zayed,Mall 1O1,,ready,,,,,,,,monthly,,"Pets Allowed, Gym or Health Club, Completion Year, Lawn or Garden, Security Staff, First Aid Medical Center, Jacuzzi, CCTV Security, 24 Hours Concierge, Cleaning Services, Balcony or Terrace, Day Care Center, Waste Disposal, Business Center, Maintenance Staff, Cafeteria or Canteen, Central A/C & heating, Water Meter, Natural Gas, Barbeque Area, Double Glazed Windows, Conference Room, Steam Room, Elevators in Building, Lobby in Building, مسموح بالحيوانات الاليفة, صالة رياضية أو نادي صحي, سنة البناء, حديقة, أمن و حماية, مركز للإسعافات الأولية, جاكوزي, نظام كاميرات مراقبة, حراسة 24 ساعة, خدمات تنظيف, شرفة أو تراس, مركز رعاية أطفال, مكبّ نفايات, مركز أعمال, خدمات صيانة, كافيتيريا, تدفئة وتكييف مركزي, عداد مياه, غاز طبيعي, مكان مخصص للشواء, نوافذ زجاجية مزدوجة, غرفة اجتماعات, غرفة بخار, مصاعد, ردهة إستقبال, security, garage, elevator",,,,,1687.5,
503661326,https://www.bayut.eg/en/property/details-503661326.html,algolia,True,detail_html,rent,apartment,80000.0,monthly,EGP,3.0,2.0,210.0,"Egypt, Cairo, New Cairo, 5th Settlement, Lake view Residence Compound",NCH,False,2026-06-18,"Code: lKr4
Spacious apartment for rent in Lake View, offering a practical layout, kitchen, ACs, and appliances in one of New Cairo’s premium residential communities. 

Property Details:Type: ApartmentArea: 210 sqm3 Bedrooms2 Bathrooms
Features:Kitchen includedAir conditioners installedAppliances includedSpacious layoutPrime locationReady to move
Rent Price:80,000 EGP / Month


 New Capital Home (NCH)

At New Capital Home, we strive to be your most trusted real estate consultant, guiding you every step of the way towards owning or renting your new home. Since 2015, our expert team has been helping clients make the best real estate decisions in the Egyptian market, based on extensive experience and in-depth knowledge. 

Our mission is to provide our clients with the utmost convenience and reliability by offering a wide range of residential, commercial, and administrative units available for sale or rent in various areas of Cairo. 

We are proud of our partnerships with the largest and most reputable real estate developers in Egypt, such as SODIC, Emaar, Mountain View, Palm Hills, Hyde Park, Al Marasem, Taj Misr, and others, ensuring you always have access to the best options and highest quality available in the market. 

At NCH, we don't just offer property—we help you find the home that suits your lifestyle and aspirations, backed by years of experience and a clear vision that prioritizes your needs.",en,Palm Hills,Mountain View (DMG),Cairo,New Cairo,5th Settlement,,ready,,primary,,,,,,monthly,,"Kids Play Area, Satellite/Cable TV, 24 Hours Concierge, Built in Kitchen Appliances, Security Staff, CCTV Security, Steam Room, Maintenance Staff, Lawn or Garden, Broadband Internet, Natural Gas, Day Care Center, Storage Areas, Business Center, Cafeteria or Canteen, Conference Room, Cleaning Services, First Aid Medical Center, Barbeque Area, Facilities for Disabled, Swimming Pool, Study Room, Gym or Health Club, منطقة لعب للأطفال, كابل قنوات تلفزيونية, حراسة 24 ساعة, أجهزة مطبخ مدمجة, أمن و حماية, نظام كاميرات مراقبة, غرفة بخار, خدمات صيانة, حديقة, انترنت واسع النطاق, غاز طبيعي, مركز رعاية أطفال, مناطق تخزين, مركز أعمال, كافيتيريا, غرفة اجتماعات, خدمات تنظيف, مركز للإسعافات الأولية, مكان مخصص للشواء, تسهيلات لأصحاب الهمم, مسبح, غرفة دراسة, صالة رياضية أو نادي صحي",,,,,380.95238095238096,
503975665,https://www.bayut.eg/en/property/details-503975665.html,algolia,True,detail_html,rent,apartment,175000.0,monthly,EGP,3.0,3.0,290.0,"Egypt, Cairo, New Cairo, 5th Settlement, Eastown Compound",NCH,False,2026-08-22,"#ABDALLLAH

Fully Furnished Duplex for Rent in SODIC EastownA spacious and fully furnished duplex for rent in SODIC Eastown, offering a comfortable and elegant living experience in one of New Cairo’s most desirable residential communities. 
The duplex has a total area of 290 sqm and features a practical layout with 3 bedrooms and 3 bathrooms, providing generous living spaces and excellent privacy for families. 
The property comes fully furnished and ready to move in, with elegant furniture and spacious areas suitable for both everyday living and entertaining. 
Property Details:
DuplexSODIC EastownArea: 290 sqm3 Bedrooms3 BathroomsFully FurnishedSpacious & Practical LayoutPrime LocationRental Rates:
Yearly: EGP 175,000/monthMonthly: EGP 250,000Daily: EGP 12,000An excellent opportunity to rent a fully furnished duplex in Eastown, available for daily, monthly, or long-term stays, combining comfort, spacious interiors, and a premium residential lifestyle in New Cairo.",en,Eastown,SODIC,Cairo,New Cairo,5th Settlement,furnished,ready,,,,,,,,monthly,,"Balcony or Terrace, Electricity Meter, Centrally Air-Conditioned, Barbeque Area, Double Glazed Windows, ATM Facility, Reception/Waiting Room, Cleaning Services, Built in Kitchen Appliances, Central A/C & heating, Security Staff, Gym or Health Club, Storage Areas, Electricity Backup, Service Elevators, Freehold, Laundry Room, Satellite/Cable TV, Land Area, Shared Kitchen, 24 Hours Concierge, Covered parking, Natural Gas, Conference Room, Facilities for Disabled, Study Room, Sauna, Steam Room, Maids Room, Pets Allowed, Lawn or Garden, Swimming Pool, First Aid Medical Center, Furnished, Prayer Room, Broadband Internet, Business Center, Intercom, Jacuzzi, Number of Bathrooms, Number of Bedrooms, Maintenance Staff, CCTV Security, Water Meter, Landline, Lobby in Building, Central Heating, Waste Disposal, Kids Play Area, Cafeteria or Canteen, Laundry Facility, شرفة أو تراس, عداد كهرباء, نظام تبريد مركزي, مكان مخصص للشواء, نوافذ زجاجية مزدوجة, توفر أجهزة السحب الآلي, غرفة استقبال /انتظار, خدمات تنظيف, أجهزة مطبخ مدمجة, تدفئة وتكييف مركزي, أمن و حماية, صالة رياضية أو نادي صحي, مناطق تخزين, نظام كهرباء احتياطي للطوارئ, خدمات المصاعد, التملك الحر, غرفة غسيل, كابل قنوات تلفزيونية, مساحة الأرض, مطبخ مشترك, حراسة 24 ساعة, مواقف مغطاة للسيارات, غاز طبيعي, غرفة اجتماعات, تسهيلات لأصحاب الهمم, غرفة دراسة, ساونا, غرفة بخار, غرفة خدم, مسموح بالحيوانات الاليفة, حديقة, مسبح, مركز للإسعافات الأولية, مفروشة, غرفة صلاة, انترنت واسع النطاق, مركز أعمال, اتصال داخلي, جاكوزي, عدد دورات المياه, عدد الغرف, خدمات صيانة, نظام كاميرات مراقبة, عداد مياه, خط أرضي, ردهة إستقبال, تدفئة مركزية, مكبّ نفايات, منطقة لعب للأطفال, كافيتيريا, خدمة غسيل ملابس",,,,,603.448275862069,
208762078,https://www.bayut.eg/en/property/details-208762078.html,algolia,True,detail_html,rent,chalet,4500.0,,EGP,2.0,2.0,500.0,"Egypt, Matruh, North Coast, Amoun",,False,2026-08-20,"Chalet for rent in Amoun Tourist Village. 
متاح شالية للايجار قريب جدا للبحر 2نوم مكيف 2حمام ريسبشن قطعتين ومتاح وحدات اخرا View Contact Detail#View Contact Detail#(View Contact Detail)////View Contact Detail#View Contact Detail#(View Contact Detail)@@@@@@@",mixed,,,Matruh,North Coast,Amoun,,ready,,,,,,,,,,"Completion Year, Balcony or Terrace, Built in Kitchen Appliances, Central A/C & heating, Lawn or Garden, Security Staff, Gym or Health Club, Swimming Pool, Electricity Meter, Sea view, Water Meter, For vacation, Down Payment, سنة البناء, شرفة أو تراس, أجهزة مطبخ مدمجة, تدفئة وتكييف مركزي, حديقة, أمن و حماية, صالة رياضية أو نادي صحي, مسبح, عداد كهرباء, يطل على البحر, عداد مياه, للعطلة, المقدم",,,,,9.0,
503975834,https://www.bayut.eg/en/property/details-503975834.html,algolia,True,detail_html,rent,apartment,75000.0,monthly,EGP,2.0,3.0,200.0,"Egypt, Cairo, New Cairo, 5th Settlement, Cairo Festival City",Brilliant group real estate,False,2026-08-22,"We offer all real estate services in some of the most luxurious and authentic districts in Cairo “Maadi, New Cairo, Katameya heights, Mirage city, Arabela"". 

Our company is committed to providing you with the best services including (renting-selling –buying –evaluating-appraiser). 

For the following categories such as: Flats – villas -lands –warehouse – shops –penthouses- townhouses –compounds – duplexes – administration buildings. 
Whatever your desire is, if you need it semi- or fully furnished. 

So, if you're interested and looking for professional real estate services, please don't hesitate to contact us
So, if you're interested and looking for professional real estate services, please don't hesitate to contact us

or visit us on: [link not available] [link not available]

For the following categories such as: Flats – villas -lands –warehouse – shops –penthouses- townhouses –compounds – duplexes – administration buildings. 
Whatever your desire is, if you need it semi- or fully furnished

We offer all real estate services in some of the most luxurious and authentic districts in Cairo “Maadi, New Cairo, Katameya heights, Mirage city, Arabela"". 

Our company is committed to providing you with the best services including (renting-selling –buying –evaluating-appraiser). 

For the following categories such as: Flats – villas -lands –warehouse – shops –penthouses- townhouses –compounds – duplexes – administration buildings. 
Whatever your desire is, if you need it semi- or fully furnished. 

So, if you're interested and looking for professional real estate services, please don't hesitate to contact us
So, if you're interested and looking for professional real estate services, please don't hesitate to contact us

or visit us on
Cairo, Villas, USD 6000, Furnished, 700 Sq. Meter, Amazing Villa Rent In Katameya Heights",en,Katameya Heights,,Cairo,New Cairo,5th Settlement,furnished,ready,,,,,,,,,,"Built in Kitchen Appliances, Central A/C & heating, Security Staff, Furnished, Lawn or Garden, Covered parking, Maids Room, CCTV Security, Landline, أجهزة مطبخ مدمجة, تدفئة وتكييف مركزي, أمن و حماية, مفروشة, حديقة, مواقف مغطاة للسيارات, غرفة خدم, نظام كاميرات مراقبة, خط أرضي",,,,,375.0,
503974905,https://www.bayut.eg/en/property/details-503974905.html,algolia,True,detail_html,rent,villa,100000.0,monthly,EGP,3.0,3.0,350.0,"Egypt, Cairo, Madinaty",Your Vision,False,2026-08-22,"Legal Villa for Rent with Kitchen & Air Conditioners – First Tenant
Located in one of the best locations in Madinaty
Directly facing the mosque and services
Land Area: 350 sqm
Built-up Area: 245 sqm
Ground Floor:
Reception, bathroom & kitchen
First Floor:
3 bedrooms, including 1 master bedroom, and 2 bathrooms
Roof:
1 room with bathroom
Fully finished with special high-quality finishes
First Tenant
Fully air-conditioned
For inquiries and viewing:
View Contact Detail",en,Madinaty,,Cairo,Madinaty,Madinaty,fully finished,ready,,,installments,,,,,,,"Steam Room, Distance From Airport (kms), Other Nearby Places, CCTV Security, Cafeteria or Canteen, Parking Spaces, 24 Hours Concierge, Broadband Internet, Satellite/Cable TV, Business Center, Intercom, Jacuzzi, Kids Play Area, Land Area, Number of Bathrooms, Number of Bedrooms, Reception/Waiting Room, Sauna, Nearby Schools, Nearby Hospitals, Nearby Shopping Malls, Nearby Public Transport, Balcony or Terrace, Built in Kitchen Appliances, Central A/C & heating, Covered parking, Pets Allowed, Lawn or Garden, Security Staff, Gym or Health Club, Swimming Pool, Electricity Meter, Centrally Air-Conditioned, Water Meter, Storage Areas, Landline, Down Payment, View, Barbeque Area, Lobby in Building, Central Heating, Day Care Center, Waste Disposal, First Aid Medical Center, Freehold, Maintenance Staff, Laundry Facility, Cleaning Services, غرفة بخار, المسافة من المطار (كم), أماكن قريبة أخرى, نظام كاميرات مراقبة, كافيتيريا, مواقف سيارات, حراسة 24 ساعة, انترنت واسع النطاق, كابل قنوات تلفزيونية, مركز أعمال, اتصال داخلي, جاكوزي, منطقة لعب للأطفال, مساحة الأرض, عدد دورات المياه, عدد الغرف, غرفة استقبال /انتظار, ساونا, مدارس قريبة, مستشفيات قريبة, مراكز تسوق قريبة, مواصلات نقل عامة قريبة, شرفة أو تراس, أجهزة مطبخ مدمجة, تدفئة وتكييف مركزي, مواقف مغطاة للسيارات, مسموح بالحيوانات الاليفة, حديقة, أمن و حماية, صالة رياضية أو نادي صحي, مسبح, عداد كهرباء, نظام تبريد مركزي, عداد مياه, مناطق تخزين, خط أرضي, المقدم, مطل, مكان مخصص للشواء, ردهة إستقبال, تدفئة مركزية, مركز رعاية أطفال, مكبّ نفايات, مركز للإسعافات الأولية, التملك الحر, خدمات صيانة, خدمة غسيل ملابس, خدمات تنظيف",,,1.0,,285.7142857142857,
503973959,https://www.bayut.eg/en/property/details-503973959.html,algolia,True,detail_html,rent,other,880000.0,monthly,EGP,0.0,0.0,440.0,"Egypt, Cairo, New Cairo, 5th Settlement, South 90 Street",Nine investment,False,2026-08-21,"Office For Rent in Directly on South 90th Street , 5th Settlement, New Cairo
Space:- 440 - Finishing Type:- Fully finished - Price:- EGP 2,000 per SQM
For more information and inquiries, contact us at: View Contact Detail

A modern office space offering the ideal balance between functionality and a professional business atmosphere. Its well-planned space provides companies with the flexibility to create an efficient workplace tailored to their teams, operations, and business requirements.",en,,,Cairo,New Cairo,5th Settlement,fully finished,ready,,,,,,,,,,,,,,,2000.0,
503976432,https://www.bayut.eg/en/property/details-503976432.html,algolia,True,detail_html,rent,apartment,45000.0,monthly,EGP,3.0,2.0,140.0,"Egypt, Giza, Sheikh Zayed, Dar Misr",Planco Properties,False,2026-08-22,"For Rent | Fully Furnished Apartment – First Occupancy
Darmaṣr Compound – District 12, Sheikh Zayed
Prime location just minutes away from Arkan Mall & The Gate Mall. 
Property Details:
• 140 sqm
• 3 Bedrooms
• 2 Bathrooms
• 1st Floor
• Modern & Elegant Finishing
• First Occupancy
• Fully Furnished
• Fully Equipped with Electrical Appliances
• Ready to Move In
A perfect choice for anyone looking for a modern, fully furnished home in a prime location in Sheikh Zayed. 
For more details, price & viewing, contact us now.",en,,,Giza,Sheikh Zayed,Dar Misr,furnished,ready,,,installments,,,,,,,"Water Meter, Landline, Central A/C & heating, Double Glazed Windows, Broadband Internet, Waste Disposal, Maintenance Staff, عداد مياه, خط أرضي, تدفئة وتكييف مركزي, نوافذ زجاجية مزدوجة, انترنت واسع النطاق, مكبّ نفايات, خدمات صيانة",1.0,,,,321.42857142857144,
503973979,https://www.bayut.eg/en/property/details-503973979.html,algolia,True,detail_html,rent,other,960000.0,monthly,EGP,0.0,0.0,600.0,"Egypt, Cairo, New Cairo",Nine investment,False,2026-08-21,"Office For Rent in Directly on South 90th Street, 5th Settlement, New Cairo
Space:- 600 - Finishing Type:- Fully finished - Price:- EGP 1,600 per SQM
For more information and inquiries, contact us at: View Contact Detail

A distinguished office space in a prime business location, offering a sophisticated and professional setting for companies looking to establish a strong corporate presence. The office provides a spacious and adaptable environment, allowing businesses to create a workspace that reflects their brand and meets their operational needs.",en,,,Cairo,New Cairo,New Cairo,fully finished,ready,,,,,,,,,,,,,,,1600.0,
321863289,https://www.bayut.eg/تفاصيل-503976437/العقار.html,algolia,False,,rent,apartment,25000.0,monthly,EGP,3.0,3.0,220.0,"Egypt, Cairo, New Cairo, 1st Settlement, El Banafseg 5",Almaz real estate,False,2026-08-22,,,Al Rehab,,Cairo,New Cairo,1st Settlement,furnished,ready,,,,,,,,,,"Completion Year, Security Staff, Elevators in Building, Broadband Internet, Landline, سنة البناء, أمن و حماية, مصاعد, انترنت واسع النطاق, خط أرضي, elevator",,,,,113.63636363636364,
503976385,https://www.bayut.eg/en/property/details-503976385.html,algolia,True,detail_html,rent,apartment,95000.0,monthly,EGP,3.0,3.0,215.0,"Egypt, Cairo, New Cairo, 5th Settlement, Eastown Compound",Elegant Home,False,2026-08-22,"Price: 95,000 per month

If you rent this apartment for a year, you'll receive a painting kit for apartments or any other type of painting, plus many valuable gifts. The apartment is a million times better than the pictures. 

If you're tired of fake ads and seeing listings only to find others listed elsewhere, look no further than what you're looking for. We won't make excuses like ""it sold out before it arrived"" or ""payment is annual. ""

Ask about your request and rest assured we won't waste your time. 

We guarantee to provide you with the best and most suitable unit at the lowest possible price. 

See unit description below. 

* * * * * * * * * * * * * * * * * * * * * * * * * * *
(Unit Description)

Apartment Features: Fully finished to hotel standards - one of Eastown's finest units
Compound Features: Swimming pools, Kids' area, Clubhouse

Layout: 3 bedrooms + 3 bathrooms + Kitchen + Balcony + Terrace
Location: New Cairo
Compound Name: Eastown
Unit Type: Furnished apartment, 3 bedrooms and 3 bathrooms
Finishing Type: Ultra Elegant Design
Area: 180 square meters
Floor: Third

The unit is ready for immediate occupancy, fully furnished and equipped, and air-conditioned. 

* * * * * * * * * * * * * * * * * * * * * * * * * * * * * If the tenant wishes to make any changes to the unit, there is no objection. Logical

If you want to sell, rent, or list your unit with us, or inquire about your request, please contact us at
View Contact Detail (WhatsApp available)

Or click the WhatsApp icon for a quick chat

* * * * * * * * * * * * * * * * * * * * * * * * * *

We have hotel-style and modern units at special prices, including two or three bedrooms, and villas in:

Madinaty
Al Rehab
Midtown
Porto New Cairo
Stone Residence
Stone Park
Mivida
Azad Compound
The Village
Village Gate
Silver Palm
Waterway
Mountain View
Fifth Square
Hyde Park
Cairo Festival City",en,Stone Residence,Mountain View (DMG),Cairo,New Cairo,5th Settlement,furnished,ready,,,installments,,,,,monthly,,"24 Hours Concierge, Cleaning Services, Pets Allowed, Lawn or Garden, Gym or Health Club, Broadband Internet, Kids Play Area, Parking Spaces, Central A/C & heating, Laundry Facility, Security Staff, Swimming Pool, Centrally Air-Conditioned, Business Center, Nearby Public Transport, Maintenance Staff, CCTV Security, Landline, Barbeque Area, Waste Disposal, Furnished, Cafeteria or Canteen, Intercom, Distance From Airport (kms), حراسة 24 ساعة, خدمات تنظيف, مسموح بالحيوانات الاليفة, حديقة, صالة رياضية أو نادي صحي, انترنت واسع النطاق, منطقة لعب للأطفال, مواقف سيارات, تدفئة وتكييف مركزي, خدمة غسيل ملابس, أمن و حماية, مسبح, نظام تبريد مركزي, مركز أعمال, مواصلات نقل عامة قريبة, خدمات صيانة, نظام كاميرات مراقبة, خط أرضي, مكان مخصص للشواء, مكبّ نفايات, مفروشة, كافيتيريا, اتصال داخلي, المسافة من المطار (كم), pool, clubhouse, balcony",,,,,441.86046511627904,
503976322,https://www.bayut.eg/en/property/details-503976322.html,algolia,True,detail_html,rent,apartment,40000.0,monthly,EGP,0.0,1.0,70.0,"Egypt, Cairo, New Cairo, Rehab City",Start Homes 2,False,2026-08-22,"For those seeking tranquility and privacy, a furnished studio apartment is available for rent in one of the quieter phases of Al Rehab, with a private entrance. 

Gates 17 & 19 offer easy access to and from the city. 
A very prime location. 
Phase 5
Steps away from:
Gateway Mall
Mall 2

Fully finished to a very high standard. 
Modern and complete appliances, including internet. 
Fully air-conditioned. 

70 sq m + 70 sq m garden
1 bedroom
1 bathroom
2-piece reception area
Kitchen
40,000 EGP

Agent directly from the owner. 

For more information and inquiries, please contact:
Ms. Nada El Ghazawy
View Contact Detail
Or contact us directly via WhatsApp using this link:
https://wa. me/View Contact Detail
Start Homes Real Estate Marketing and Investment Company in Al Rehab, Madinaty, and Sheikh Zayed. 
We would be honored and delighted to hear from you.",en,Madinaty,,Cairo,New Cairo,Rehab City,furnished,ready,,resale,,,,,,,,"CCTV Security, Parking Spaces, Balcony or Terrace, Natural Gas, Furnished, Covered parking, Security Staff, Electricity Meter, Water Meter, 24 Hours Concierge, نظام كاميرات مراقبة, مواقف سيارات, شرفة أو تراس, غاز طبيعي, مفروشة, مواقف مغطاة للسيارات, أمن و حماية, عداد كهرباء, عداد مياه, حراسة 24 ساعة, garden",,1.0,,,571.4285714285714,
503976251,https://www.bayut.eg/en/property/details-503976251.html,algolia,True,detail_html,rent,apartment,70000.0,monthly,EGP,3.0,2.0,131.0,"Egypt, Cairo, New Cairo, Rehab City",Start Homes 2,False,2026-08-22,"For those who appreciate elegance and tranquility, a furnished apartment is available for rent at a special price in Al Rehab City, close to all services. 

Fully air-conditioned

Phase 10

Fourth floor with elevator

3 bedrooms + 2 bathrooms

Area: 131 square meters

Fourth floor with elevator

Near:

Avenue Mall

Club

Sayeda Aisha Mosque

City Authority

Near Gate 1

High-end finishes, fully air-conditioned

Price: 70,000 EGP

==================

Agent directly from the owner

For more information and inquiries:

Hapipa Atalla

View Contact Detail

Or via WhatsApp directly:

https://wa. me/View Contact Detail

Start Homes Real Estate Marketing Company in Al Rehab City and Madinaty. Sales Executive. Start Homes Company. Agent directly from the owner. 

Gateway Mall Office No. AF6, First Floor, Al Rehab City, New Cairo",en,Madinaty,,Cairo,New Cairo,Rehab City,furnished,ready,,resale,,,,,,,,"24 Hours Concierge, Water Meter, Natural Gas, Balcony or Terrace, Covered parking, Security Staff, Electricity Meter, Furnished, CCTV Security, حراسة 24 ساعة, عداد مياه, غاز طبيعي, شرفة أو تراس, مواقف مغطاة للسيارات, أمن و حماية, عداد كهرباء, مفروشة, نظام كاميرات مراقبة, elevator",,,,,534.3511450381679,
503975658,https://www.bayut.eg/en/property/details-503975658.html,algolia,True,detail_html,rent,apartment,30000.0,monthly,EGP,2.0,1.0,90.0,"Egypt, Cairo, New Cairo, Rehab City",Start Homes 2,False,2026-08-22,"Furnished apartment for rent in front of all services in Al Rehab | Furnished Apartment in Phase 3 of Al Rehab 1

Internal Layout:

Steps away from Gateway Mall and all services, medical centers, hypermarkets, and pharmacies
2 bedrooms + 1 bathroom
90 sq m
Ground floor, no garden
Fully air-conditioned
High-end finishes
Modern furnishings
Price = 30,000 EGP



Contact:

SHERIF HUSSEIN
View Contact Detail

Contact via WhatsApp:
Click Here
https://wa. me/View Contact Detail

START HOMES For Real Estate Marketing & Investment
Gateway Mall – Office AF6 – First Floor – Al Rehab City – New Cairo",en,Al Rehab,,Cairo,New Cairo,Rehab City,furnished,ready,,,,,,,,,,"Covered parking, Balcony or Terrace, Built in Kitchen Appliances, Waste Disposal, Furnished, Security Staff, Electricity Meter, Water Meter, 24 Hours Concierge, Natural Gas, CCTV Security, مواقف مغطاة للسيارات, شرفة أو تراس, أجهزة مطبخ مدمجة, مكبّ نفايات, مفروشة, أمن و حماية, عداد كهرباء, عداد مياه, حراسة 24 ساعة, غاز طبيعي, نظام كاميرات مراقبة, garden",,,,,333.3333333333333,
503975380,https://www.bayut.eg/en/property/details-503975380.html,algolia,True,detail_html,rent,apartment,30000.0,monthly,EGP,3.0,3.0,182.0,"Egypt, Cairo, New Cairo, Rehab City",Real Xperts,False,2026-08-22,"Apartment for rent in Phase 9
Area 182 sqm
3 bedrooms and 3 bathrooms including a master
Rent includes air conditioners
Near Avenue Mall
Price 30,000 negotiable
Call us and schedule your viewing View Contact Detail
Mariam Ahmed

C The Xpert

A company specializing in residential commercial and administrative sales and rentals across Al Rehab Madinaty and all New Cairo areas We provide our clients with carefully curated options professional consultations and a seamless secure real estate experience built on trust and expertise helping you make the best decision in the shortest time",en,Madinaty,,Cairo,New Cairo,Rehab City,furnished,ready,,,,,,,,,,"Balcony or Terrace, Covered parking, Pets Allowed, Natural Gas, Landline, Day Care Center, Cafeteria or Canteen, 24 Hours Concierge, Cleaning Services, Completion Year, Electricity Meter, Water Meter, CCTV Security, Barbeque Area, Lobby in Building, First Aid Medical Center, Elevators in Building, Security Staff, Broadband Internet, Kids Play Area, Gym or Health Club, Service Elevators, Maintenance Staff, شرفة أو تراس, مواقف مغطاة للسيارات, مسموح بالحيوانات الاليفة, غاز طبيعي, خط أرضي, مركز رعاية أطفال, كافيتيريا, حراسة 24 ساعة, خدمات تنظيف, سنة البناء, عداد كهرباء, عداد مياه, نظام كاميرات مراقبة, مكان مخصص للشواء, ردهة إستقبال, مركز للإسعافات الأولية, مصاعد, أمن و حماية, انترنت واسع النطاق, منطقة لعب للأطفال, صالة رياضية أو نادي صحي, خدمات المصاعد, خدمات صيانة",,,,True,164.83516483516485,
503974376,https://www.bayut.eg/en/property/details-503974376.html,algolia,True,detail_html,rent,apartment,125000.0,monthly,EGP,3.0,3.0,200.0,"Egypt, Cairo, Katameya, Katameya Heights Compound",Brilliant group real estate,False,2026-08-22,"We offer all real estate services in some of the most luxurious and authentic districts in Cairo “Maadi, New Cairo, Katameya heights, Mirage city, Arabela"". 

Our company is committed to providing you with the best services including (renting-selling –buying –evaluating-appraiser). 

For the following categories such as: Flats – villas -lands –warehouse – shops –penthouses- townhouses –compounds – duplexes – administration buildings. 
Whatever your desire is, if you need it semi- or fully furnished. 

So, if you're interested and looking for professional real estate services, please don't hesitate to contact us
So, if you're interested and looking for professional real estate services, please don't hesitate to contact us

or visit us on: [link not available] [link not available]

For the following categories such as: Flats – villas -lands –warehouse – shops –penthouses- townhouses –compounds – duplexes – administration buildings. 
Whatever your desire is, if you need it semi- or fully furnished

We offer all real estate services in some of the most luxurious and authentic districts in Cairo “Maadi, New Cairo, Katameya heights, Mirage city, Arabela"". 

Our company is committed to providing you with the best services including (renting-selling –buying –evaluating-appraiser). 

For the following categories such as: Flats – villas -lands –warehouse – shops –penthouses- townhouses –compounds – duplexes – administration buildings. 
Whatever your desire is, if you need it semi- or fully furnished. 

So, if you're interested and looking for professional real estate services, please don't hesitate to contact us
So, if you're interested and looking for professional real estate services, please don't hesitate to contact us

or visit us on
Cairo, Villas, USD 6000, Furnished, 700 Sq. Meter, Amazing Villa Rent In Katameya Heights",en,Katameya Heights,,Cairo,Katameya,Katameya Heights Compound,furnished,ready,,,,,,,,,,"Built in Kitchen Appliances, Central A/C & heating, Maids Room, Security Staff, Swimming Pool, Landline, Furnished, CCTV Security, أجهزة مطبخ مدمجة, تدفئة وتكييف مركزي, غرفة خدم, أمن و حماية, مسبح, خط أرضي, مفروشة, نظام كاميرات مراقبة",,,,,625.0,
503974308,https://www.bayut.eg/en/property/details-503974308.html,algolia,True,detail_html,rent,villa,300000.0,monthly,EGP,4.0,4.0,700.0,"Egypt, Cairo, Katameya, Katameya Heights Compound",Brilliant group real estate,False,2026-08-22,"We offer all real estate services in some of the most luxurious and authentic districts in Cairo “Maadi, New Cairo, Katameya heights, Mirage city, Arabela"". 

Our company is committed to providing you with the best services including (renting-selling –buying –evaluating-appraiser). 

For the following categories such as: Flats – villas -lands –warehouse – shops –penthouses- townhouses –compounds – duplexes – administration buildings. 
Whatever your desire is, if you need it semi- or fully furnished. 

So, if you're interested and looking for professional real estate services, please don't hesitate to contact us
So, if you're interested and looking for professional real estate services, please don't hesitate to contact us

or visit us on: [link not available] [link not available]

For the following categories such as: Flats – villas -lands –warehouse – shops –penthouses- townhouses –compounds – duplexes – administration buildings. 
Whatever your desire is, if you need it semi- or fully furnished

We offer all real estate services in some of the most luxurious and authentic districts in Cairo “Maadi, New Cairo, Katameya heights, Mirage city, Arabela"". 

Our company is committed to providing you with the best services including (renting-selling –buying –evaluating-appraiser). 

For the following categories such as: Flats – villas -lands –warehouse – shops –penthouses- townhouses –compounds – duplexes – administration buildings. 
Whatever your desire is, if you need it semi- or fully furnished. 

So, if you're interested and looking for professional real estate services, please don't hesitate to contact us
So, if you're interested and looking for professional real estate services, please don't hesitate to contact us

or visit us on
Cairo, Villas, USD 6000, Furnished, 700 Sq. Meter, Amazing Villa Rent In Katameya Heights",en,Katameya Heights,,Cairo,Katameya,Katameya Heights Compound,furnished,ready,,,,,,,,,,"Built in Kitchen Appliances, Central A/C & heating, Covered parking, Maids Room, Lawn or Garden, Security Staff, Swimming Pool, Landline, Intercom, CCTV Security, أجهزة مطبخ مدمجة, تدفئة وتكييف مركزي, مواقف مغطاة للسيارات, غرفة خدم, حديقة, أمن و حماية, مسبح, خط أرضي, اتصال داخلي, نظام كاميرات مراقبة",,,,,428.57142857142856,
503974177,https://www.bayut.eg/en/property/details-503974177.html,algolia,True,detail_html,rent,apartment,35000.0,monthly,EGP,3.0,2.0,116.0,"Egypt, Cairo, Madinaty",Start Homes 2,False,2026-08-22,"Furnished Apartment for Rent in Madinaty (B12)



Listing Code: SHM-416



An excellent opportunity for upscale living in Madinaty. This apartment features a comfortable layout, custom finishes, and a peaceful view of the park, combining comfort, privacy, and a practical design. 



Apartment Details:



Sector: B12



Area: 116 sqm



Bedrooms: 3



Bathrooms: 2



High-end furnishings; move-in ready



Custom finishes



Quiet, distinctive park view



Practical layout and spacious feel



Ideal for families seeking comfort and stability



Prime location near services and amenities



Ready for immediate occupancy



Asking Price: 35,000 EGP per month



For more details, please contact:



Amr Hazem



View Contact Detail

==================

Start Homes Real Estate Marketing & Investment



East Hub – Building 18 – First Floor



Office F11",en,Madinaty,,Cairo,Madinaty,Madinaty,furnished,ready,,,,,,,,monthly,,"Balcony or Terrace, Built in Kitchen Appliances, Covered parking, Security Staff, Electricity Meter, Waste Disposal, CCTV Security, 24 Hours Concierge, شرفة أو تراس, أجهزة مطبخ مدمجة, مواقف مغطاة للسيارات, أمن و حماية, عداد كهرباء, مكبّ نفايات, نظام كاميرات مراقبة, حراسة 24 ساعة",,,,,301.7241379310345,
503829030,https://www.bayut.eg/en/property/details-503829030.html,algolia,True,detail_html,rent,chalet,3500.0,,EGP,1.0,1.0,89.0,"Egypt, Red Sea, Sahl Hasheesh, Veranda Resort",Hurghada Moments,False,2026-07-22,"Planning a family vacation or a trip with friends? This spacious ground-floor chalet in the prestigious Veranda Resort, Sahl Hasheesh, is the perfect getaway. 
Generously sized to comfortably accommodate up to 5 guests, this fully equipped chalet features a beautiful private garden—ideal for your morning coffee or a relaxing evening breeze. It comes completely furnished with all the modern appliances and comforts you need to feel right at home. 
Why Sahl Hasheesh & Veranda?
Sahl Hasheesh: Experience the ultimate Red Sea luxury. Enjoy a scenic bike ride or stroll along the famous coastal Promenade, relax at exclusive beach clubs, and spend your evenings at the iconic Arrival Piazza. Veranda Resort: A peaceful sanctuary offering lush landscapes, stunning signature swimming pools, a clubhouse, and 24/7 security, perfectly blending privacy with premium community vibes. Enjoy the perfect mix of luxury, space, and tranquility. For booking, seasonal rates, and availability, please feel free to reach out to us!",en,,,Red Sea,Sahl Hasheesh,Veranda Resort,furnished,ready,,,installments,,,,,,,"Cafeteria or Canteen, Barbeque Area, كافيتيريا, مكان مخصص للشواء, pool, security, garden, clubhouse",,,,,39.325842696629216,
503667872,https://www.bayut.eg/en/property/details-503667872.html,algolia,True,detail_html,rent,penthouse,65000.0,monthly,EGP,3.0,3.0,307.0,"Egypt, Cairo, New Cairo, 5th Settlement, Fifth Square Compound",Ninety Two,False,2026-06-20,"Luxury penthouse for rent in Al Marasem, New Cairo, offering a premium lifestyle in one of the most prestigious residential communities in the area. 
The penthouse features a built-up area of 187 sqm plus a private roof of 120 sqm, providing generous indoor and outdoor living spaces. The unit consists of 3 bedrooms, 3 bathrooms, and a spacious two-piece reception area designed for comfort and functionality. 
The property is fully furnished with brand-new furniture and comes equipped with high-speed internet, full shutters, air conditioning throughout the unit, and a fully equipped kitchen with appliances. A private parking space is also included. 
One of the standout features of this penthouse is its open view overlooking the mall and South 90 Street, offering a vibrant and attractive location within the compound. 
Property Details:
Built-up Area: 187 sqm
Private Roof: 120 sqm
Total Area: 307 sqm
3 Bedrooms
3 Bathrooms
Two-Piece Reception
Fully Furnished
Brand New Furniture
Internet Available
Fully Air Conditioned
Full Shutters
Fully Equipped Kitchen with Appliances
Private Parking Space
View Overlooking the Mall & 90 Street
Ready to Move In
Rental Terms:
Long-Term Lease
Payment Options: Quarterly, Semi-Annual, or Annual
Security Deposit: 2 Months
Rental Price:
EGP 65,000",en,,Al Marasem Development,Cairo,New Cairo,5th Settlement,furnished,ready,,,,,,,,monthly,,"Built in Kitchen Appliances, Cleaning Services, Intercom, Maintenance Staff, 24 Hours Concierge, Security Staff, Landline, Waste Disposal, Laundry Room, Broadband Internet, Satellite/Cable TV, Business Center, CCTV Security, Laundry Facility, Shared Kitchen, Conference Room, أجهزة مطبخ مدمجة, خدمات تنظيف, اتصال داخلي, خدمات صيانة, حراسة 24 ساعة, أمن و حماية, خط أرضي, مكبّ نفايات, غرفة غسيل, انترنت واسع النطاق, كابل قنوات تلفزيونية, مركز أعمال, نظام كاميرات مراقبة, خدمة غسيل ملابس, مطبخ مشترك, غرفة اجتماعات, security, garage",,,120.0,,211.72638436482086,
503648644,https://www.bayut.eg/en/property/details-503648644.html,algolia,True,detail_html,rent,apartment,37000.0,monthly,EGP,3.0,3.0,149.0,"Egypt, Giza, Sheikh Zayed, Village West Compound",Osoul Misr real estate,False,2026-06-16,"Location: Village West - Sheikh Zayed
Status: For Rent
Type: Apartment - Premium Finishing

Unit Area: 149 sq m

Consists of:

(3) Bedrooms, including a master bedroom
(3) Bathrooms

Monthly Rent: 37,000 EGP

--------------------------------------------------------------------------------------------------------------------------------------------------------------------------------------------------------------------------------------------------------------------------------

Key Areas and Places Near the Compound:

26th of July Corridor, 3 minutes from Village West Compound, Sheikh Zayed. 

Mall of Arabia, 10 minutes from Village West Compound. 

Hyper One, approximately 2 minutes from the compound. 

Desert Road, 4 minutes from Village West Zayed. 

Capital Business Park, close to the compound. 

Lebanon Square, 12 minutes away. 

Smart Village, also near Dandy Mall. 

Royal City Compound and Cairo Gate Compound.",en,,,Giza,Sheikh Zayed,Village West Compound,,ready,,,,,,,,monthly,,"CCTV Security, Security Staff, 24 Hours Concierge, Balcony or Terrace, نظام كاميرات مراقبة, أمن و حماية, حراسة 24 ساعة, شرفة أو تراس",,,,,248.3221476510067,
204249243,https://www.bayut.eg/en/property/details-204249243.html,algolia,True,detail_html,rent,villa,12000.0,,EGP,8.0,10.0,900.0,"Egypt, Matruh, North Coast, Sidi Kirayr",Ahmed Moustafa,False,2025-03-23,"Directly from the owner (No commissions or hidden fees) 

Standalone Villa next to Sidi Kerir Villag

Space & Privacy: 
8 AC Master Bedrooms: Each with its own private en-suite bathroom for total privacy. 2 Guest Bathrooms: Located in the reception area and the garden. Capacity: Comfortably accommodates up to 25 adults. 
The Royal Swimming Pool: 
Large Pool: 70m² area with a waterfall and ambient night lighting. 6-Person Jacuzzi: For ultimate relaxation. Absolute Privacy: Retractable curtains and a mobile canopy to fully cover the pool, ensuring 100% privacy for ladies. Kids' Pool: Separate shallow pool (60cm depth). 
Private Entertainment Zone: 
8ft Billiard Table (Pool). Table Tennis (Ping Pong). Large 8ft Air Hockey. Foosball (Babyfoot). PlayStation 4 Zone with a dedicated screen. 3-Meter Trampoline for kids. Kids' Play Area: Swings and slides. 
Facilities & Services (Complimentary): 
Free Wi-Fi: Covering the entire villa. Beach Access: Free entry to a sandy beach (5 min walk / 600m). All-Inclusive Stay: No hidden costs for Water, Electricity, or Gas. 7-Stage Filtered Water: Dispensers provided free throughout your stay. Hotel Services (Room Service): A dedicated team providing fresh linens, robes, towels, soap, and kitchen detergents. Concierge: Assistance with delivery orders and grocery shopping. Lush Garden: Spacious green areas with a professional BBQ corner and outdoor dining for 8. 
Location & Security: 
KM 36 North Coast: Nejmat El Khaleej Village St. Security: Located in a private villa zone with 24/7 security and external CCTV. Nearby: 2 minutes from Carrefour, Orouba Mall, and Fathallah. Steps away: Pharmacy and Al Zahraa Supermarket (24 hours). Accessibility: 15 mins from Borg El Arab Airport | 25 mins from Alexandria. Parking: Internal garage for up to 3 cars. 
Kitchen & Reception: 
Spacious Reception: Features a large sofa set (seating 12), Smart TV, and satellite. Chef’s Kitchen: Fully equipped (Stove, Oven, 6-drawer freezer, large fridge, microwave, 2 automatic washing machines, blender, juicer, and kettle). Full Sets: Complete sets of plates, cutlery, pots, and pans. Dining: 2 large dining tables seating up to 18 people.",en,,,Matruh,North Coast,Sidi Kirayr,furnished,ready,,resale,installments,0.0,,,,,,"Cleaning Services, Storage Areas, Maids Room, Security Staff, Electricity Meter, Satellite/Cable TV, Intercom, Number of Bedrooms, Distance From Airport (kms), Completion Year, Central A/C & heating, Pets Allowed, Jacuzzi, Kids Play Area, Other Nearby Places, Parking Spaces, Built in Kitchen Appliances, Swimming Pool, Broadband Internet, Double Glazed Windows, Laundry Room, Number of Bathrooms, CCTV Security, Maintenance Staff, Lobby in Building, Reception/Waiting Room, 24 Hours Concierge, Electricity Backup, Waste Disposal, Total Floors, Down Payment, Barbeque Area, Balcony or Terrace, Lawn or Garden, Land Area, Nearby Shopping Malls, خدمات تنظيف, مناطق تخزين, غرفة خدم, أمن و حماية, عداد كهرباء, كابل قنوات تلفزيونية, اتصال داخلي, عدد الغرف, المسافة من المطار (كم), سنة البناء, تدفئة وتكييف مركزي, مسموح بالحيوانات الاليفة, جاكوزي, منطقة لعب للأطفال, أماكن قريبة أخرى, مواقف سيارات, أجهزة مطبخ مدمجة, مسبح, انترنت واسع النطاق, نوافذ زجاجية مزدوجة, غرفة غسيل, عدد دورات المياه, نظام كاميرات مراقبة, خدمات صيانة, ردهة إستقبال, غرفة استقبال /انتظار, حراسة 24 ساعة, نظام كهرباء احتياطي للطوارئ, مكبّ نفايات, عدد الطوابق, المقدم, مكان مخصص للشواء, شرفة أو تراس, حديقة, مساحة الأرض, مراكز تسوق قريبة, pool, security, garage, garden",,,,,13.333333333333334,
503974948,https://www.bayut.eg/en/property/details-503974948.html,algolia,True,detail_html,rent,apartment,45000.0,monthly,EGP,0.0,1.0,50.0,"Egypt, Cairo, New Cairo, 5th Settlement, Villette Compound",Elviro Real Estate,False,2026-08-22,"Fully Furnished Studio with 110m² Roof for Rent in Villette SODIC

Code : SV41

Property Details:
Built-up Area: 50 sqm + 110 sqm Private Roof Terrace
Layout: 
1 Bedroom

1 Bathroom

Status: Fully Furnished with Luxury Modern Furniture, ACs & Home Appliances_______________________________________
Key Features & Amenities:

Prime position in Golden Square with quick access to South 90th Street and central hubs. 
Expansive 110 sqm private roof terrace providing optimal outdoor lounge space and open views. 
Tastefully furnished with high-end modern decor, completely turnkey and ready for immediate move-in. 
24/7 top-tier gated security, smart access control, and full CCTV coverage. 
Access to Villette’s signature thematic parks, world-class clubhouse, swimming pools, and sports facilities. 	_________________________________________
At Elviro, we redefine residential living in New Cairo’s prime gated communities. Specializing exclusively in premium Resale and Rental properties. More than just brokers, we act as your trusted local advisors; bridging the gap between serious homeowners and discerning clients through effortless viewings, streamlined contract processes, and tailored lifestyle matching. Elviro turns real estate decisions into swift, confident moves. we offer you special offers all over New Cairo City.",en,Villette,SODIC,Cairo,New Cairo,5th Settlement,furnished,ready,,,,,,,,,,"Furnished, CCTV Security, Cafeteria or Canteen, Built in Kitchen Appliances, Electricity Meter, Centrally Air-Conditioned, Water Meter, Broadband Internet, Satellite/Cable TV, Business Center, ATM Facility, Kids Play Area, 24 Hours Concierge, Cleaning Services, Balcony or Terrace, Security Staff, Natural Gas, Landline, Barbeque Area, Day Care Center, First Aid Medical Center, Central A/C & heating, Covered parking, Lawn or Garden, Gym or Health Club, Swimming Pool, مفروشة, نظام كاميرات مراقبة, كافيتيريا, أجهزة مطبخ مدمجة, عداد كهرباء, نظام تبريد مركزي, عداد مياه, انترنت واسع النطاق, كابل قنوات تلفزيونية, مركز أعمال, توفر أجهزة السحب الآلي, منطقة لعب للأطفال, حراسة 24 ساعة, خدمات تنظيف, شرفة أو تراس, أمن و حماية, غاز طبيعي, خط أرضي, مكان مخصص للشواء, مركز رعاية أطفال, مركز للإسعافات الأولية, تدفئة وتكييف مركزي, مواقف مغطاة للسيارات, حديقة, صالة رياضية أو نادي صحي, مسبح, pool, security, clubhouse, balcony",,,,,900.0,
503974181,https://www.bayut.eg/en/property/details-503974181.html,algolia,True,detail_html,rent,villa,220000.0,monthly,EGP,4.0,4.0,650.0,"Egypt, Cairo, Madinaty",Start Homes 2,False,2026-08-22,"Luxury Furnished Villa for Rent in Madinaty

A distinctive villa in a prime, upscale location

Land area: 650 sqm

Built-up area: 350 sqm

Villa Details:

4 bedrooms (including a master suite)

4 bathrooms

Private garden

Distinctive view overlooking the ""White Garden""

Spacious rooms, all featuring balconies

High-end finishing and distinctive furnishings

Excellent natural lighting throughout the day

An ideal villa for upscale living and privacy

Price: 220,000 EGP per month

Contact: View Contact Detail

========================

Start Homes Real Estate Marketing & Investment

East Hub Building – First Floor – Office F11",en,Madinaty,,Cairo,Madinaty,Madinaty,furnished,ready,,,,,,,,monthly,,"Balcony or Terrace, Built in Kitchen Appliances, Covered parking, Security Staff, Electricity Meter, Water Meter, Waste Disposal, CCTV Security, 24 Hours Concierge, شرفة أو تراس, أجهزة مطبخ مدمجة, مواقف مغطاة للسيارات, أمن و حماية, عداد كهرباء, عداد مياه, مكبّ نفايات, نظام كاميرات مراقبة, حراسة 24 ساعة, garden",,,,,338.46153846153845,
503878616,https://www.bayut.eg/en/property/details-503878616.html,algolia,True,detail_html,rent,apartment,74999.0,monthly,EGP,2.0,2.0,125.0,"Egypt, Cairo, New Cairo, 5th Settlement, Lake View Compound",Circle Realestate,False,2026-08-03,"Experience an elite and premium master-planned lifestyle in Lake View Compound
Located in the 5th Settlement, in the heart of Golden Square, minutes away from 90th Street, AUC campus, and Ring Road

125 sqm BUA
2 Bedrooms
2 Bathrooms
Spacious Living Room & Reception
Fully Furnished - High Standard Quality
Beautiful Wide Lake View
Availability: Available for move-in starting October 1st

Monthly Rent: 75k EGP

Note: We have more than one unit for rent/sale with various specifications, layouts, and sizes. 
For more information and visits, call us at: View Contact Detail
Available to contact via WhatsApp on the same number

Circle Company An Egyptian company headquartered in Cairo, with another branch in Dubai, United Arab Emirates. Is specialized in the field of real estate finishes and furnishings in all new and coastal cities Fifth Settlement, Sheikh Zayed, New Administrative Capital, Mostakbal City, New Zayed, North Coast, Ain Sokhna, El Gouna and other new cities. Our first goal is to satisfy the customer and find real estate and engineering solutions to reach his goals and achieve his dream home with the best quality and professional standards. 

Lv113",en,Lake View,,Cairo,New Cairo,5th Settlement,furnished,ready,,,,,,,,monthly,,"Gym or Health Club, Electricity Meter, Centrally Air-Conditioned, Maintenance Staff, Built in Kitchen Appliances, Satellite/Cable TV, Covered parking, Security Staff, Balcony or Terrace, Central A/C & heating, Landline, Water Meter, Natural Gas, Shared Kitchen, Broadband Internet, Pets Allowed, Furnished, Intercom, CCTV Security, صالة رياضية أو نادي صحي, عداد كهرباء, نظام تبريد مركزي, خدمات صيانة, أجهزة مطبخ مدمجة, كابل قنوات تلفزيونية, مواقف مغطاة للسيارات, أمن و حماية, شرفة أو تراس, تدفئة وتكييف مركزي, خط أرضي, عداد مياه, غاز طبيعي, مطبخ مشترك, انترنت واسع النطاق, مسموح بالحيوانات الاليفة, مفروشة, اتصال داخلي, نظام كاميرات مراقبة, pool",,,,,599.992,
503973978,https://www.bayut.eg/en/property/details-503973978.html,algolia,True,detail_html,rent,apartment,20000.0,monthly,EGP,3.0,2.0,160.0,"Egypt, Cairo, Shorouk City, Wesal",Saif said,False,2026-08-21,"For Rent | Ground Floor Apartment with Garden in Wesal
160m + Garden | 3 Bedrooms | 2 Bathrooms
Ultra Ultra Super Lux Finishing — the apartment has been completely renovated!
Everything inside the apartment has been changed and renovated
Luxury porcelain
Gypsum Board
Turkish doors for all rooms
Reinforced main door
Complete change of plumbing and electricity
Sea-facing with excellent lighting and ventilation
3-year contract
The garden is left without a fence
The advantage here is that if the tenant wants to build the fence and prepare the garden, the cost of building the garden will be deducted from the rent value. 
The plants are also available for the tenant, and if the owner allows access to the garden during the rental period, the intention is to consult a specialized and heavy-duty landscaper to prepare and coordinate it in a way that suits the apartment. 
Contract conditions:
One month security deposit + One month advance
If the tenant is going to create the garden → only one month advance, and the security deposit is a gift from the owner
For details and viewing:
View Contact Detail
View Contact Detail
A unique opportunity for a ground-floor apartment with a garden and luxurious finishing — and a 3-year contract!
#FutureHouse #Wesal #وصال #شقق_للإيجار #شقة_بجاردن #عقارات_القاهرة #شقق_وصال",mixed,,,Cairo,Shorouk City,Wesal,super lux,ready,,resale,installments,,,,,,,"Covered parking, Lawn or Garden, Security Staff, Water Meter, Barbeque Area, Number of Bathrooms, CCTV Security, Balcony or Terrace, Central A/C & heating, Pets Allowed, Storage Areas, Natural Gas, Double Glazed Windows, Day Care Center, Electricity Backup, Waste Disposal, First Aid Medical Center, Broadband Internet, Satellite/Cable TV, Intercom, Kids Play Area, Number of Bedrooms, Cleaning Services, Total Floors, Landline, Maintenance Staff, Facilities for Disabled, 24 Hours Concierge, Distance From Airport (kms), مواقف مغطاة للسيارات, حديقة, أمن و حماية, عداد مياه, مكان مخصص للشواء, عدد دورات المياه, نظام كاميرات مراقبة, شرفة أو تراس, تدفئة وتكييف مركزي, مسموح بالحيوانات الاليفة, مناطق تخزين, غاز طبيعي, نوافذ زجاجية مزدوجة, مركز رعاية أطفال, نظام كهرباء احتياطي للطوارئ, مكبّ نفايات, مركز للإسعافات الأولية, انترنت واسع النطاق, كابل قنوات تلفزيونية, اتصال داخلي, منطقة لعب للأطفال, عدد الغرف, خدمات تنظيف, عدد الطوابق, خط أرضي, خدمات صيانة, تسهيلات لأصحاب الهمم, حراسة 24 ساعة, المسافة من المطار (كم), security, garden",,,,,125.0,
503975442,https://www.bayut.eg/en/property/details-503975442.html,algolia,True,detail_html,rent,apartment,80000.0,monthly,EGP,3.0,4.0,190.0,"Egypt, Cairo, New Cairo, 5th Settlement, Cairo Festival City",Estimate Real Estate,False,2026-08-22,"190 sqm Semi-Furnished Apartment for Rent in Cairo Festival City

Area: 190 sqm

Layout: 3 master bedrooms + 4 bathrooms

Large balcony – 2nd floor

Landscape and garden view

Semi-furnished: A/C units, kitchen with appliances, lighting, and curtains included

Underground parking

Asking price: 80,000 EGP/month

For more details, please contact:

Mr. Abdullah: View Contact Detail

-------------------------------------------------------------------------------------------------------------",en,,,Cairo,New Cairo,5th Settlement,furnished,ready,,,,,,,,,,"garage, garden, balcony",2.0,,,,421.05263157894734,
503819426,https://www.bayut.eg/en/property/details-503819426.html,algolia,True,detail_html,rent,chalet,6900.0,,EGP,1.0,2.0,80.0,"Egypt, Matruh, North Coast, Alamein, Palm Hills New Alamein",Rotty Mohamed,False,2026-07-21,"Hotel chalet with a view of the sea and a swimming pool in Hacienda Alamein compound, fully air-conditioned with all appliances, directly in front of Alamein Towers. 
With a private beach. 
Accommodates up to 5 individuals. 
Distinct sea view. 
Free swimming pool. 
For contact with the owner. 
View Contact Detail
View Contact Detail
Close to all services. 
4 minutes from Alamein promenade",en,Palm Hills,Palm Hills Developments,Matruh,North Coast,Alamein,furnished,ready,,,installments,,,,,,,"Electricity Meter, Water Meter, Built in Kitchen Appliances, ATM Facility, Furnished, Central A/C & heating, Lawn or Garden, Satellite/Cable TV, CCTV Security, Laundry Facility, Number of Bedrooms, Total Floors, Double Glazed Windows, Cleaning Services, Covered parking, Pets Allowed, Elevators in Building, Broadband Internet, Security Staff, Swimming Pool, Number of Bathrooms, Balcony or Terrace, Sea view, Centrally Air-Conditioned, Waste Disposal, View, Service Elevators, Maintenance Staff, Facilities for Disabled, Parking Spaces, 24 Hours Concierge, عداد كهرباء, عداد مياه, أجهزة مطبخ مدمجة, توفر أجهزة السحب الآلي, مفروشة, تدفئة وتكييف مركزي, حديقة, كابل قنوات تلفزيونية, نظام كاميرات مراقبة, خدمة غسيل ملابس, عدد الغرف, عدد الطوابق, نوافذ زجاجية مزدوجة, خدمات تنظيف, مواقف مغطاة للسيارات, مسموح بالحيوانات الاليفة, مصاعد, انترنت واسع النطاق, أمن و حماية, مسبح, عدد دورات المياه, شرفة أو تراس, يطل على البحر, نظام تبريد مركزي, مكبّ نفايات, مطل, خدمات المصاعد, خدمات صيانة, تسهيلات لأصحاب الهمم, مواقف سيارات, حراسة 24 ساعة, pool, sea view",,,,,86.25,
321335234,https://www.bayut.eg/تفاصيل-503673208/العقار.html,algolia,False,,rent,other,106200.0,monthly,EGP,0.0,0.0,118.0,"Egypt, Cairo, New Cairo, 5th Settlement, District 5 Compound",New Avenue,False,2026-06-21,,,District 5,,Cairo,New Cairo,5th Settlement,,ready,,,,,,,,monthly,,"Covered parking, Lobby in Building, Maintenance Staff, Cleaning Services, Balcony or Terrace, Furnished, Parking Spaces, Waste Disposal, Intercom, Satellite/Cable TV, Business Center, Number of Bedrooms, CCTV Security, Elevators in Building, Security Staff, Centrally Air-Conditioned, Broadband Internet, Conference Room, Central A/C & heating, مواقف مغطاة للسيارات, ردهة إستقبال, خدمات صيانة, خدمات تنظيف, شرفة أو تراس, مفروشة, مواقف سيارات, مكبّ نفايات, اتصال داخلي, كابل قنوات تلفزيونية, مركز أعمال, عدد الغرف, نظام كاميرات مراقبة, مصاعد, أمن و حماية, نظام تبريد مركزي, انترنت واسع النطاق, غرفة اجتماعات, تدفئة وتكييف مركزي, garage, elevator",0.0,,,,900.0,
321886584,https://www.bayut.eg/تفاصيل-503981424/العقار.html,algolia,False,,rent,apartment,60000.0,monthly,EGP,2.0,2.0,126.0,"Egypt, Cairo, New Cairo, 5th Settlement, Fifth Square Compound",Egypt Best Properties (EBP),False,2026-08-23,,,Fifth Square,Al Marasem Development,Cairo,New Cairo,5th Settlement,furnished,ready,,,,,,,,monthly,,"Elevators in Building, Completion Year, Balcony or Terrace, Built in Kitchen Appliances, Security Staff, Swimming Pool, Electricity Meter, Centrally Air-Conditioned, Water Meter, Barbeque Area, CCTV Security, مصاعد, سنة البناء, شرفة أو تراس, أجهزة مطبخ مدمجة, أمن و حماية, مسبح, عداد كهرباء, نظام تبريد مركزي, عداد مياه, مكان مخصص للشواء, نظام كاميرات مراقبة",,,,,476.1904761904762,
503974269,https://www.bayut.eg/en/property/details-503974269.html,algolia,True,detail_html,rent,apartment,60000.0,monthly,EGP,3.0,3.0,175.0,"Egypt, Alexandria, Laurent",Remax professional,False,2026-08-22,"Furnished apartment for rent 175 m in Loran (directly on the sea) - For more details contact the agent now / Hanan El-Khatib View Contact Detail
3 bedrooms 3 receptions 3 bathrooms
(including a master bedroom)
Mid-floor apartment in a 12-story building
Licensed apartment, built in 2018
Open sea view
60,000 EGP monthly
Contract terms: (Two months' security deposit + two months' rent in advance + one month's commission)
Code: 007733
Furnished apartments for rent in Loran seafront, Remax Professional Real Estate",en,,,Alexandria,Laurent,Laurent,furnished,ready,,,,,,,,monthly,,"24 Hours Concierge, Sea view, Water Meter, Natural Gas, CCTV Security, Completion Year, Balcony or Terrace, Security Staff, Electricity Meter, حراسة 24 ساعة, يطل على البحر, عداد مياه, غاز طبيعي, نظام كاميرات مراقبة, سنة البناء, شرفة أو تراس, أمن و حماية, عداد كهرباء, security, sea view",,,,,342.85714285714283,
503978466,https://www.bayut.eg/en/property/details-503978466.html,algolia,True,detail_html,rent,apartment,22000.0,monthly,EGP,3.0,1.0,150.0,"Egypt, Cairo, Madinaty",Start Homes 2,False,2026-08-23,"150 sqm Apartment for Rent under Law in Madinaty B6

Large space + special finishing + 2nd floor, an excellent choice for a family looking for a comfortable apartment with a spacious layout and practical design. 

Apartment Details:
Size: 150 sqm
3 Bedrooms
1 Bathroom
Second Floor
Special finishing
Block 66

Monthly Rent: 22,000

Contact: View Contact Detail
-------------------------------------------
Ahmed AL King Start Homes Real Estate Marketing & Investment
Madinaty – East Hub – Building 18 – First Floor – Office F11

Best offers for rent and sale in Madinaty, Rehab, and Fifth Settlement",en,Madinaty,,Cairo,Madinaty,Madinaty,,ready,,,,,,,,monthly,,"Balcony or Terrace, Covered parking, Security Staff, Waste Disposal, CCTV Security, 24 Hours Concierge, شرفة أو تراس, مواقف مغطاة للسيارات, أمن و حماية, مكبّ نفايات, نظام كاميرات مراقبة, حراسة 24 ساعة",2.0,,,,146.66666666666666,
503983536,https://www.bayut.eg/en/property/details-503983536.html,algolia,True,detail_html,rent,other,27000.0,monthly,EGP,0.0,1.0,50.0,"Egypt, Giza, Sheikh Zayed, Beverly Hills Compound",Property Leaders,False,2026-08-23,"Studio for Rent | Beverly Hills
Fully FurnishedReady to Move InAsking Rent: EGP 27,000/Month2 Months Security Deposit2 Months Insurance",en,Beverly Hills,,Giza,Sheikh Zayed,Beverly Hills Compound,furnished,ready,,,installments,,,,,monthly,,"Elevators in Building, Broadband Internet, Satellite/Cable TV, Security Staff, Gym or Health Club, Landline, Barbeque Area, CCTV Security, Cafeteria or Canteen, Cleaning Services, 24 Hours Concierge, Waste Disposal, Business Center, Intercom, Maintenance Staff, مصاعد, انترنت واسع النطاق, كابل قنوات تلفزيونية, أمن و حماية, صالة رياضية أو نادي صحي, خط أرضي, مكان مخصص للشواء, نظام كاميرات مراقبة, كافيتيريا, خدمات تنظيف, حراسة 24 ساعة, مكبّ نفايات, مركز أعمال, اتصال داخلي, خدمات صيانة, security",,,,,540.0,
503974293,https://www.bayut.eg/en/property/details-503974293.html,algolia,True,detail_html,rent,apartment,85000.0,monthly,EGP,2.0,3.0,160.0,"Egypt, Cairo, New Cairo, 5th Settlement, Eastown Compound",Darcom Real Estate,False,2026-08-22,"FOR_RENT

Apartment . . Eastown Sodic compound
5th Settlement
beside The AUC - Point 90 mall - Mivida

Extra-Super-Lux

Fully furnished

BUA 160 SQM

,,

Reception
Kitchen
2 bedrooms
3 bathrooms

,,

Asking price 85,000 EGP


Location of the Eastown project in New Cairo
Eastown Compound is located in a strategic location in the Fifth Settlement within New Cairo, specifically on the Teseen Street, which is one of the main streets in the area. It is located near several important landmarks such as: the American University, the Canadian University, the Higher Institute for Languages and Translation, and the Police Academy.",en,Eastown,SODIC,Cairo,New Cairo,5th Settlement,furnished,ready,,,,,,,,,,,,,,,531.25,
321886638,https://www.bayut.eg/تفاصيل-503988932/العقار.html,algolia,False,,rent,apartment,65000.0,monthly,EGP,3.0,3.0,184.0,"Egypt, Cairo, New Cairo, 5th Settlement, Villette Compound",Horizon,False,2026-08-24,,,Villette,SODIC,Cairo,New Cairo,5th Settlement,furnished,ready,,,,,,,,,,"pool, garden, gym",,,,,353.2608695652174,
502453170,https://www.bayut.eg/en/property/details-502453170.html,algolia,True,detail_html,rent,apartment,24000.0,monthly,EGP,0.0,1.0,90.0,"Egypt, Cairo, Zahraa Al Maadi, Rayhanah Avenue",Mustafa Ghanima,False,2025-08-24,"Furnished studio apartment for rent in Rehana Avenue Compound, Memaar Al Morshedy, next to Wadi Degla Club in Zahraa El Maadi. 

Ultra-super-lux finishing. 

Modern furnishings and appliances. 

Open view. 

The studio consists of:

Two-piece reception area

Bedroom

Bathroom

Kitchen

Fully air-conditioned. 

Asking price: 24,000 EGP

Long-term lease available

Contact:

View Contact Detail",en,,,Cairo,Zahraa Al Maadi,Rayhanah Avenue,furnished,ready,,,installments,,,,,,,"Balcony or Terrace, Pets Allowed, Landline, Completion Year, Built in Kitchen Appliances, Covered parking, Satellite/Cable TV, CCTV Security, 24 Hours Concierge, Security Staff, Electricity Meter, Elevators in Building, Lobby in Building, Furnished, Lawn or Garden, Sea view, Water Meter, Broadband Internet, Facilities for Disabled, شرفة أو تراس, مسموح بالحيوانات الاليفة, خط أرضي, سنة البناء, أجهزة مطبخ مدمجة, مواقف مغطاة للسيارات, كابل قنوات تلفزيونية, نظام كاميرات مراقبة, حراسة 24 ساعة, أمن و حماية, عداد كهرباء, مصاعد, ردهة إستقبال, مفروشة, حديقة, يطل على البحر, عداد مياه, انترنت واسع النطاق, تسهيلات لأصحاب الهمم",,,,,266.6666666666667,
503972952,https://www.bayut.eg/en/property/details-503972952.html,algolia,True,detail_html,rent,villa,25000.0,,EGP,5.0,4.0,1000.0,"Egypt, Matruh, North Coast, Alamein, Marina 5",Ahmed Mostafa,False,2026-08-21,"For rent – available now until the end of summer 2026

Enjoy an exceptional vacation in the heart of Marina 5

Luxury villa – first row on the sandy lake with a direct and distinctive view of the lake

Private swimming pool
Private umbrella for the villa by the sandy lake
5 fully air-conditioned bedrooms
Air-conditioned reception
4 bathrooms
Prime location with complete privacy
Suitable for families and friends

Enjoy the atmosphere of the North Coast, tranquility, and luxury in one of the best locations of Marina 5. 

For booking and inquiries:
Eng. Ahmed Mostafa
View Contact Detail
KING HOME for investment and real estate marketing in the North Coast",en,Marina,,Matruh,North Coast,Alamein,furnished,ready,,,,,,,,,,pool,,,,,25.0,
503986591,https://www.bayut.eg/en/property/details-503986591.html,algolia,True,detail_html,rent,villa,180000.0,monthly,EGP,7.0,7.0,250.0,"Egypt, Cairo, New Cairo, 5th Settlement, Hyde Park New Cairo Compound",Egy Property,False,2026-08-24,"Code: TX-02294

Standalone In Hyde Park New Cairo - New Cairo For rent

6 bedrooms + Maid's Room
7 bathrooms

BUA: 250 sqm
Garden Area: 450 sqm

Fully Finished

Total Rent Value: EGP 180,000

Call Us Now !!
You Can Also Offer Your Unit With Us
No Brokers

Code: TX-02294

EgyProperty connects you with Egypt's most sought-after residential and investment opportunities, offering verified listings, transparent information, and professional guidance for a seamless property-renting experience.",en,Hyde Park,,Cairo,New Cairo,5th Settlement,fully finished,ready,,,,,,,,,,"garden, maids room",,450.0,,,720.0,
503973195,https://www.bayut.eg/%D8%AA%D9%81%D8%A7%D8%B5%D9%8A%D9%84-503973195/%D8%A7%D9%84%D8%B9%D9%82%D8%A7%D8%B1.html,algolia,True,detail_html,rent,other,140400.0,monthly,EGP,0.0,0.0,117.0,"Egypt, Cairo, New Cairo, 5th Settlement, Mivida Compound",Picky Properties,False,2026-08-21,"مكتب إداري مميز للإيجار في Mivida – القاهرة الجديدة، بمساحة 117 متر مربع، متشطب بالكامل وجاهز للاستخدام، مما يجعله خيارًا مثاليًا للشركات والأنشطة الإدارية. 

تفاصيل المكتب:

المساحة: 117 متر مربع

الموقع: القاهرة الجديدة

نوع العقار: مكتب إداري

التشطيب: Fully Finished

إجمالي الإيجار: 140,400 جنيه شهريًا

مناسب للشركات والمقرات الإدارية
موقع مميز وسهولة الوصول",mixed,Mivida,,Cairo,New Cairo,5th Settlement,fully finished,ready,,,,,,,,monthly,,,,,,,1200.0,
502647085,https://www.bayut.eg/en/property/details-502647085.html,algolia,True,detail_html,rent,other,75000.0,monthly,EGP,0.0,0.0,550.0,"Egypt, Giza, 6th of October",Ahmed Mohamed,False,2025-10-02,"‎مساحة تجارية للايجار - 550 م² - تصلح لكافة الاغراض
‎مستشفي. سنتر تعليمي صالة عرض مكتب اداري
‎ 550 متر مربع للايجار
‎موقع حيوي في 6 اكتوبر بالقرب من الحصري
‎
‎ايجار شهرى 70 الف قابل للتفاوض
‎
‎** تصلح لعدة أغراض مثل:**
‎- صالة عرض أثاث
‎- قاعة مؤتمرات وندوات
‎- معرض إلكترونيات وأجهزة منزلية
‎- قاعة عرض أدوات منزلية
‎- مطعم فاخر خمس نجوم
‎جيم رياضي
‎- أو أي نشاط تجاري آخر
‎
‎** المميزات:**
‎- موقع استراتيجي وحيوي
‎- تصميم عصري يتناسب مع مختلف الأنشطة
‎- إمكانية تخصيص المساحة حسب احتياجك
‎- مواقف سيارات
‎- خدمات إضافية متاحة [كهرباء، إنترنت، ]
‎مصعد كهربائي
‎** للاستفسار أو الحجز:**
‎View Contact Detail
‎View Contact Detail
‎View Contact Detail
‎E. mail
‎Send e-mail
‎** فرصة ممتازة لأصحاب المشاريع التجارية! لا تفوتها!**
‎من المحور المركزي
‎خلف مدرسة القاهره للغات
‎من المحور التجارى
‎خلف موقف سيارات اكتوبر
‎المرور النموذجي
‎والسجل المدني النموذجي
‎محطة المونوريل
‎انظر الlocation
‎---
‎
‎ :
‎
‎---
‎
‎### ** Commercial Space for Rent – 550 sqm – Flexible Usage **
‎ **550 sqm for rent**
‎ **Prime location in 6th of October City, near Al-Hosary**
‎ **Monthly rent: 70,000 EGP** *(with a special discount for the first 6 months)*
‎
‎### ** Suitable for various purposes, such as:**
‎- Furniture showroom
‎- Conference & seminar hall
‎- Electronics & home appliances store
‎- Homeware exhibition space
‎- Luxury 5-star restaurant
‎- Or any other commercial activity
‎
‎### ** Key Features:**
‎- Strategic & vibrant location
‎- Modern design adaptable to various businesses
‎- Customizable space to fit your needs
‎- Car parking available
‎- Additional services included *(electricity, internet, etc. )*
‎- **Electric elevator**
‎
‎### ** Landmarks & Accessibility:**
‎- Near the **Central Axis Road**
‎- Behind **Cairo Language School**
‎- Close to the **6th of October Commercial Axis**
‎- Near **October Parking Lot**
‎- Next to the **Model Traffic Department & Civil Registry**
‎- **Monorail station** nearby
‎- *Check the exact location on maps*
‎
‎### ** For inquiries or booking:**
‎ View Contact Detail | View Contact Detail | View Contact Detail
‎ **Email:** Send e-mail
‎
‎### ** Excellent opportunity for business owners! Don’t miss out!**
‎
‎
‎


خلف مدرسة القاهره للغات المحور المركزى



قطعه 24/2مول المستقبل",mixed,,,Giza,6th of October,6th of October,super lux,ready,,,installments,,,,,monthly,,"Maintenance Staff, Covered parking, Water Meter, Landline, Electricity Backup, Waste Disposal, Parking Spaces, Lawn or Garden, Security Staff, 24 Hours Concierge, Number of Bathrooms, Nearby Schools, Conference Room, Elevators in Building, Cleaning Services, Electricity Meter, Storage Areas, CCTV Security, خدمات صيانة, مواقف مغطاة للسيارات, عداد مياه, خط أرضي, نظام كهرباء احتياطي للطوارئ, مكبّ نفايات, مواقف سيارات, حديقة, أمن و حماية, حراسة 24 ساعة, عدد دورات المياه, مدارس قريبة, غرفة اجتماعات, مصاعد, خدمات تنظيف, عداد كهرباء, مناطق تخزين, نظام كاميرات مراقبة, garage, elevator, gym",,,,True,136.36363636363637,
503974027,https://www.bayut.eg/en/property/details-503974027.html,algolia,True,detail_html,rent,apartment,4000.0,,EGP,3.0,2.0,250.0,"Egypt, Cairo, Nasr City",Younes Real Estate,False,2026-08-21,"Furnished apartment, first occupancy, hotel-style, modern building 2025 for monthly rent in Nasr City, between Abbas and Makram, close to all services, malls, cafes, restaurants, and hospitals, tourist area. 

3 rooms

2 bathrooms

Spacious reception

Fully air-conditioned

High-speed Wi-Fi

Private intercom for the apartment

Stylish building, modern construction 2025

Hotel-style entrance

2 elevators

Private garage for the building

We also have all services for sale and rent, administrative, and all categories
WhatsApp View Contact Detail",en,نصر,,Cairo,Nasr City,Nasr City,furnished,ready,,,,,,,,monthly,,"garage, elevator",,,,,16.0,
503973137,https://www.bayut.eg/en/property/details-503973137.html,algolia,True,detail_html,rent,other,205350.0,monthly,EGP,0.0,0.0,111.0,"Egypt, Cairo, New Cairo, 5th Settlement, EDNC",Picky Properties,False,2026-08-21,"Prime administrative office for rent in SODIC EDNC – New Cairo, offering 111 sqm of office space in a strategic business location, ideal for companies and administrative activities. 

Property Details:

Area: 111 sqm

Property Type: Administrative Office

Total Rent: EGP 205,350/month

Ideal for companies and corporate headquarters

Prime location with excellent accessibility",en,,SODIC,Cairo,New Cairo,5th Settlement,,ready,,,,,,,,monthly,,,,,,,1850.0,
503972809,https://www.bayut.eg/%D8%AA%D9%81%D8%A7%D8%B5%D9%8A%D9%84-503972809/%D8%A7%D9%84%D8%B9%D9%82%D8%A7%D8%B1.html,algolia,True,detail_html,rent,apartment,33000.0,monthly,EGP,3.0,2.0,135.0,"Egypt, Cairo, Madinaty",Moataz mohamed,False,2026-08-21,"شقة مفروشة للإيجار في مدينتي B1
                                                        – نموذج 200
فرصة مميزة للإيجار السنوي في B1 بمدينتي، شقة
                                                        واسعة بمساحة 135 م²، تتميز بتوزيع عملي وفيو مفتوح على البارك
                                                        وشارع عريض، مع موقع قريب من نادي مدينتي وجميع الخدمات.
                                                        
تفاصيل الوحدة:


الموقع: B1 – مدينتي
نموذج 200
المساحة: 135 م²
3 غرف نوم
2 حمام
بلكونة
ريسبشن كبير
مطبخ كامل
مكيفة بالكامل
غاز طبيعي
فيو بارك + شارع عريض
مفروشة بالكامل
قريبة من نادي مدينتي والخدمات
تتميز الشقة بمساحتها الواسعة وتوزيعها العملي، مما يجعلها
                                                        مناسبة جدًا للعائلات الباحثة عن سكن مريح وهادئ داخل مدينتي. كما
                                                        يوفر الفيو المفتوح على البارك والشارع العريض إضاءة طبيعية وتهوية
                                                        جيدة، مع سهولة الوصول إلى النادي والخدمات والمناطق التجارية.
                                                        
الشقة جاهزة للسكن ومناسبة للعائلات الباحثة عن عقد إيجار سنوي
                                                        في موقع مميز. 
الإيجار المطلوب: 33,000 جنيه شهريًا. 
مدة
                                                        الإيجار: عقد سنوي فقط. 
التأمين: شهر واحد. 
للتفاصيل
                                                        والاستفسار أو حجز موعد للمعاينة، يرجى التواصل عبر الهاتف أو
                                                        واتسابعرض معلومات
                                                            الاتصال
الكود : REN-SL-003",mixed,Madinaty,,Cairo,Madinaty,مدينتي,furnished,ready,,,,,,,,monthly,,balcony,,,,,244.44444444444446,
503972616,https://www.bayut.eg/en/property/details-503972616.html,algolia,True,detail_html,rent,apartment,35000.0,monthly,EGP,2.0,1.0,90.0,"Egypt, Cairo, New Cairo, Rehab City",Start Homes 2,False,2026-08-21,"Directly opposite The Yard Mall
A very special furnished apartment for rent in Al Rehab
Prime location opposite Fathallah Market
One minute to the Old Market and the Banks Complex
One minute to Gates 5 and 6
High-end finishes and modern furnishings
Wi-Fi internet and fully air-conditioned
Ready for immediate occupancy
Agent directly from the owner
For more information and inquiries, please contact:
Ms. Yasmine Saber
View Contact Detail
Or contact us directly via WhatsApp using this link:
https://wa. me/View Contact Detail
Start Homes Real Estate Marketing and Investment Company in Al Rehab, Madinaty, and Sheikh Zayed
We would be honored and pleased to hear from you",en,Madinaty,,Cairo,New Cairo,Rehab City,furnished,ready,,resale,,,,,,,,"CCTV Security, 24 Hours Concierge, Balcony or Terrace, Built in Kitchen Appliances, Covered parking, Security Staff, Electricity Meter, Water Meter, Natural Gas, Parking Spaces, نظام كاميرات مراقبة, حراسة 24 ساعة, شرفة أو تراس, أجهزة مطبخ مدمجة, مواقف مغطاة للسيارات, أمن و حماية, عداد كهرباء, عداد مياه, غاز طبيعي, مواقف سيارات",,,,,388.8888888888889,
503972604,https://www.bayut.eg/en/property/details-503972604.html,algolia,True,detail_html,rent,apartment,65000.0,monthly,EGP,3.0,3.0,162.0,"Egypt, Cairo, New Cairo, Rehab City",Start Homes 2,False,2026-08-21,"Furnished Apartment for Rent in Al Rehab City
Phase 7
The newest phase of Al Rehab
First Floor
Close to the Eastern Market and East Court
Near Gates 20 & 22
For easy access to and from the city
Area: 162 sq m
Consists of three bedrooms and three bathrooms
Fully finished to a high standard
Modern furnishings
Ready for viewing and immediate occupancy
Price: 65,000 EGP (Negotiable)
Viewings are easy and available
===================
Contact: Khaled
https://wa. me/View Contact Detail

Contact via WhatsApp:
Click Here
https://wa. me/View Contact Detail

START HOMES For Real Estate Marketing & Investment
Gateway Mall – Office AF6 – First Floor – Al Rehab City – New Cairo",en,Al Rehab,,Cairo,New Cairo,Rehab City,furnished,ready,,,,,,,,,,"Balcony or Terrace, Built in Kitchen Appliances, Covered parking, Security Staff, Electricity Meter, Water Meter, Natural Gas, Furnished, CCTV Security, Parking Spaces, 24 Hours Concierge, شرفة أو تراس, أجهزة مطبخ مدمجة, مواقف مغطاة للسيارات, أمن و حماية, عداد كهرباء, عداد مياه, غاز طبيعي, مفروشة, نظام كاميرات مراقبة, مواقف سيارات, حراسة 24 ساعة",,,,True,401.2345679012346,
503600333,https://www.bayut.eg/en/property/details-503600333.html,algolia,True,detail_html,rent,apartment,45000.0,monthly,EGP,3.0,3.0,180.0,"Egypt, Cairo, New Cairo, 5th Settlement, Fifth Square Compound",Elviro Real Estate,False,2026-06-06,"Code: FSM3

Apartment for Rent in Al Marasem

Area: 180 SQM

3 Bedrooms

Dressing Room

3 Bathrooms

Kitchen Cabinets Installed

Air Conditioners Included


Rental Price: EGP 45,000 / Month

Spacious apartment in a prime location within Al Marasem, offering a practical layout with generous living spaces, a dedicated dressing room, and essential fittings including kitchen and air conditioners. Ideal for comfortable family living.",en,,Al Marasem Development,Cairo,New Cairo,5th Settlement,super lux,ready,,,,,,,,monthly,,"Cafeteria or Canteen, First Aid Medical Center, Storage Areas, Study Room, 24 Hours Concierge, Laundry Room, Broadband Internet, Business Center, Facilities for Disabled, Shared Kitchen, Central A/C & heating, Maids Room, Lawn or Garden, Security Staff, Electricity Meter, Landline, Barbeque Area, Lobby in Building, Central Heating, Waste Disposal, Parking Spaces, CCTV Security, Centrally Air-Conditioned, Water Meter, Natural Gas, Gym or Health Club, Double Glazed Windows, Sauna, Maintenance Staff, Satellite/Cable TV, Conference Room, Intercom, Steam Room, Balcony or Terrace, Sea view, Day Care Center, Electricity Backup, Freehold, Prayer Room, Kids Play Area, Jacuzzi, Covered parking, Pets Allowed, Cleaning Services, Swimming Pool, Laundry Facility, كافيتيريا, مركز للإسعافات الأولية, مناطق تخزين, غرفة دراسة, حراسة 24 ساعة, غرفة غسيل, انترنت واسع النطاق, مركز أعمال, تسهيلات لأصحاب الهمم, مطبخ مشترك, تدفئة وتكييف مركزي, غرفة خدم, حديقة, أمن و حماية, عداد كهرباء, خط أرضي, مكان مخصص للشواء, ردهة إستقبال, تدفئة مركزية, مكبّ نفايات, مواقف سيارات, نظام كاميرات مراقبة, نظام تبريد مركزي, عداد مياه, غاز طبيعي, صالة رياضية أو نادي صحي, نوافذ زجاجية مزدوجة, ساونا, خدمات صيانة, كابل قنوات تلفزيونية, غرفة اجتماعات, اتصال داخلي, غرفة بخار, شرفة أو تراس, يطل على البحر, مركز رعاية أطفال, نظام كهرباء احتياطي للطوارئ, التملك الحر, غرفة صلاة, منطقة لعب للأطفال, جاكوزي, مواقف مغطاة للسيارات, مسموح بالحيوانات الاليفة, خدمات تنظيف, مسبح, خدمة غسيل ملابس",,,,,250.0,
503509959,https://www.bayut.eg/en/property/details-503509959.html,algolia,True,detail_html,rent,villa,4500.0,,EGP,4.0,3.0,800.0,"Egypt, Alexandria, King Mariout",Belal,False,2026-05-13,"Villa for rent in King Mariout: 4 rooms (fully air-conditioned) so you can sleep in peace. 
Rejuvenation: A private swimming pool and a jacuzzi to forget about the week's stress. 
Entertainment: A spacious reception with a giant Smart TV and a PlayStation for the toughest challenges. 
Stay connected: Fast Wi-Fi so you can upload your photos and finish your work if you want. 
Security: Your car is safe in the private garage. 
View Contact Detail Ready for the experience? View Contact Detail WhatsApp. 
The villa is fully ready and waiting for you. All you have to do is bring your bag.",en,,,Alexandria,King Mariout,King Mariout,,ready,,,installments,1000.0,,,,,,"Swimming Pool, Covered parking, Centrally Air-Conditioned, Laundry Room, Number of Bedrooms, Parking Spaces, Jacuzzi, Cafeteria or Canteen, Total Floors, Barbeque Area, 24 Hours Concierge, Broadband Internet, Water Meter, Satellite/Cable TV, Security Staff, Maintenance Staff, Lawn or Garden, Shared Kitchen, Cleaning Services, Waste Disposal, Pets Allowed, Furnished, Electricity Meter, مسبح, مواقف مغطاة للسيارات, نظام تبريد مركزي, غرفة غسيل, عدد الغرف, مواقف سيارات, جاكوزي, كافيتيريا, عدد الطوابق, مكان مخصص للشواء, حراسة 24 ساعة, انترنت واسع النطاق, عداد مياه, كابل قنوات تلفزيونية, أمن و حماية, خدمات صيانة, حديقة, مطبخ مشترك, خدمات تنظيف, مكبّ نفايات, مسموح بالحيوانات الاليفة, مفروشة, عداد كهرباء, pool, security, garage",,,,,5.625,
503987030,https://www.bayut.eg/en/property/details-503987030.html,algolia,True,detail_html,rent,apartment,90000.0,monthly,EGP,4.0,4.0,238.0,"Egypt, Cairo, New Cairo, 5th Settlement, Mivida Compound",Egy Property,False,2026-08-24,"Code: TX-02609

Apartment In Mivida - New Cairo For rent

3 bedrooms + Maid's Room + Living Room
4 bathrooms

BUA: 238 sqm

Floor Number: 4

Fully Finished

Total Rent Value: EGP 90,000

Call Us Now !!
You Can Also Offer Your Unit With Us
No Brokers

Code: TX-02609

EgyProperty connects you with Egypt's most sought-after residential and investment opportunities, offering verified listings, transparent information, and professional guidance for a seamless property-renting experience.",en,Mivida,,Cairo,New Cairo,5th Settlement,fully finished,ready,,,,,,,,,,maids room,,,,,378.1512605042017,
503973578,https://www.bayut.eg/en/property/details-503973578.html,algolia,True,detail_html,rent,apartment,5000.0,,EGP,3.0,2.0,180.0,"Egypt, Giza, Sheikh Zayed",أطوار إيجبت العقارية,False,2026-08-21,"Luxury 3-Bedroom Apartment for Rent Near Arkan Mall – Sheikh Zayed
A stunning and elegant apartment in a prime location in Sheikh Zayed, just minutes away from Arkan Mall and Dahshour Link Road, situated on a main road with easy access to major destinations. 
The apartment features:
3 spacious bedrooms with high-end finishes. 2 modern bathrooms. A stylish and spacious living room. Luxurious, elegant furniture with tasteful décor. A fully equipped European-style kitchen with a modern and practical design. Elevator. Prime location, very close to malls, restaurants, and all essential services. A fully furnished, move-in-ready apartment that combines luxury, comfort, and an exceptional location—perfect for those looking for an upscale lifestyle in Sheikh Zayed. 
Location: Sheikh Zayed – very close to Arkan Mall and Dahshour Link Road, on a main road.",en,,,Giza,Sheikh Zayed,Sheikh Zayed,furnished,ready,,,,,,,,,,"Broadband Internet, Nearby Public Transport, Maintenance Staff, Cleaning Services, Balcony or Terrace, Built in Kitchen Appliances, Central A/C & heating, Electricity Meter, Centrally Air-Conditioned, Water Meter, Storage Areas, Natural Gas, Elevators in Building, Furnished, انترنت واسع النطاق, مواصلات نقل عامة قريبة, خدمات صيانة, خدمات تنظيف, شرفة أو تراس, أجهزة مطبخ مدمجة, تدفئة وتكييف مركزي, عداد كهرباء, نظام تبريد مركزي, عداد مياه, مناطق تخزين, غاز طبيعي, مصاعد, مفروشة, elevator",,,,,27.77777777777778,
503972790,https://www.bayut.eg/en/property/details-503972790.html,algolia,True,detail_html,rent,other,68000.0,monthly,EGP,0.0,0.0,115.0,"Egypt, Cairo, Katameya, One Katameya",Ring Road Real Estate,False,2026-08-21,"For Rent: Prime Administrative Office in One Katameya Compound – Memaar Al Morshedy

A luxurious administrative office in a strategic location within One Katameya Compound on the Katameya-Maadi Axis. It boasts a tranquil and sophisticated atmosphere, providing an ideal work environment for large companies and departments. 

Specifications:

Area: 115 sq m

Ultra-luxurious finishing, ready for immediate occupancy

Fully equipped with air conditioning

parking

Elegant and modern interior design

Prime floor within the administrative building

Features:

Compound offering comprehensive administrative and commercial services

Easy access from Maadi, Fifth Settlement, and the Al-Moshir Axis

Ready for immediate handover


Price: 68,000 EGP including a parking space",en,,,Cairo,Katameya,One Katameya,,ready,,,,,,,,,,garage,,,,,591.304347826087,
503972659,https://www.bayut.eg/en/property/details-503972659.html,algolia,True,detail_html,rent,apartment,50000.0,monthly,EGP,3.0,3.0,119.0,"Egypt, Cairo, New Cairo, Rehab City",Start Homes 2,False,2026-08-21,"Furnished apartment for rent in Al Rehab, directly opposite the Eastern Market. 

Gates 22 & 23 for easy access to and from the city. Prime location. 
Phase 7. 

High-end finishes. Modern, fully equipped with internet. Fully air-conditioned. 

119 square meters. 5th floor (elevator available). 3 bedrooms (including a master bedroom). 3 bathrooms. 50,000 EGP. 

Agent directly from the owner. 
For more information and inquiries, please contact: Ms. Nada El Ghazawy
View Contact Detail
Or contact us directly via WhatsApp using this link:
https://wa. me/2View Contact Detail
Start Homes Real Estate Marketing and Investment Company in Al Rehab, Madinaty, and Sheikh Zayed. We look forward to hearing from you.",en,Madinaty,,Cairo,New Cairo,Rehab City,furnished,ready,,resale,,,,,,,,"Balcony or Terrace, Built in Kitchen Appliances, Covered parking, Security Staff, Electricity Meter, Water Meter, Natural Gas, Furnished, CCTV Security, Parking Spaces, 24 Hours Concierge, شرفة أو تراس, أجهزة مطبخ مدمجة, مواقف مغطاة للسيارات, أمن و حماية, عداد كهرباء, عداد مياه, غاز طبيعي, مفروشة, نظام كاميرات مراقبة, مواقف سيارات, حراسة 24 ساعة, elevator",5.0,,,,420.16806722689074,
503972635,https://www.bayut.eg/en/property/details-503972635.html,algolia,True,detail_html,rent,apartment,40000.0,monthly,EGP,2.0,1.0,90.0,"Egypt, Cairo, New Cairo, Rehab City",Start Homes 2,False,2026-08-21,"A great deal on a furnished apartment for rent in Al Rehab | Very quiet location in Phase 5

Layout:

2 bedrooms + 1 bathroom
90 sq m
Fully air-conditioned
Third floor with elevator

Special finishes

Price = 40,000 EGP



Contact:
SHERIF HUSSEIN
View Contact Detail

Contact via WhatsApp:
Click Here
https://wa. me/View Contact Detail

START HOMES For Real Estate Marketing & Investment
Gateway Mall – Office AF6 – First Floor – Al Rehab City – New Cairo",en,Al Rehab,,Cairo,New Cairo,Rehab City,furnished,ready,,,,,,,,,,"Security Staff, Electricity Meter, Water Meter, Natural Gas, Furnished, CCTV Security, Parking Spaces, 24 Hours Concierge, Balcony or Terrace, Built in Kitchen Appliances, Covered parking, أمن و حماية, عداد كهرباء, عداد مياه, غاز طبيعي, مفروشة, نظام كاميرات مراقبة, مواقف سيارات, حراسة 24 ساعة, شرفة أو تراس, أجهزة مطبخ مدمجة, مواقف مغطاة للسيارات, elevator",,,,,444.44444444444446,
503972582,https://www.bayut.eg/en/property/details-503972582.html,algolia,True,detail_html,rent,apartment,60000.0,monthly,EGP,3.0,3.0,160.0,"Egypt, Cairo, New Cairo, Rehab City",Start Homes 2,False,2026-08-21,"Furnished Apartment for Rent in Al Rehab City
Phase 7
The newest phase of Al Rehab
First Floor
Close to the Eastern Market and East Court
Near Gates 20 and 22
For easy access to and from the city
Area: 160 sq m
Consists of three bedrooms and three bathrooms
Including a master bedroom
Fully finished to a high standard
Modern furnishings
Ready for viewing and immediate occupancy
Price: 60,000 EGP
Viewings are easy and available

==================
Agent directly from the owner
For more information and inquiries

Omnia Rady
View Contact Detail
Or via WhatsApp

https://wa. me/View Contact Detail

Start Homes Real Estate Marketing Company in Al Rehab City and Madinaty
Sales Executive
Start Homes Company
Agent directly from the owner

Gateway Mall
Office No. AF6 First Floor, Al Rehab City, New Cairo",en,Madinaty,,Cairo,New Cairo,Rehab City,furnished,ready,,resale,,,,,,,,,,,,,375.0,
503972575,https://www.bayut.eg/en/property/details-503972575.html,algolia,True,detail_html,rent,apartment,50000.0,monthly,EGP,3.0,2.0,130.0,"Egypt, Cairo, New Cairo, Rehab City",Start Homes 2,False,2026-08-21,"Furnished apartment for rent in Rehab City
Phase 9
Ground floor with garden
Close to Avenue Mall and Omar Ibn Al-Khattab Mosque
Near Gate 24
For easy access to and from the city
Area: 130 sq m + 45 sq m
Consists of three bedrooms and two bathrooms
Fully finished to a high standard
Modern furnishings
Ready for viewing and immediate occupancy
Price: 50,000 EGP (negotiable)
Viewings are easy and available

==================
Agent directly from the owner
For more information and inquiries

Omnia Rady
View Contact Detail
Or via WhatsApp

https://wa. me/View Contact Detail

Start Homes Real Estate Marketing Company in Rehab City and Madinaty
Sales Executive
Start Homes Company
Agent directly from the owner

Gateway Mall, Office No. AF6 First floor, Al Rehab City, New Cairo",en,Madinaty,,Cairo,New Cairo,Rehab City,furnished,ready,,resale,,,,,,,,"Balcony or Terrace, Covered parking, Security Staff, Electricity Meter, Water Meter, Natural Gas, Furnished, CCTV Security, 24 Hours Concierge, شرفة أو تراس, مواقف مغطاة للسيارات, أمن و حماية, عداد كهرباء, عداد مياه, غاز طبيعي, مفروشة, نظام كاميرات مراقبة, حراسة 24 ساعة, garden",,,,True,384.61538461538464,
503849735,https://www.bayut.eg/en/property/details-503849735.html,algolia,True,detail_html,rent,other,6837750.0,monthly,EGP,0.0,0.0,4500.0,"Egypt, Cairo, New Cairo, 5th Settlement, South 90 Street",Global Marketing,False,2026-07-27,"Separate office building in a prime location on Al-Teseen Street for rent, fully finished and ready for delivery in New Cairo, Fifth Settlement. 

Specifications:
- Area: 4500 m
- Floor area: 1500 m
- Fully finished
- Ground floor + first + second

Features:
- Security
- Fiber Internet
- Central air conditioning
- Firefighting system
- Parking
- Closed rooms suitable for administration and meetings
- Spacious reception
- Upscale and motivating work environment
- Natural ventilation and excellent lighting

الكود: VSe20",mixed,,,Cairo,New Cairo,5th Settlement,fully finished,ready,,,,,,,,,,"Maintenance Staff, CCTV Security, Cleaning Services, Total Floors, Central A/C & heating, Security Staff, Water Meter, Elevators in Building, Double Glazed Windows, Electricity Meter, خدمات صيانة, نظام كاميرات مراقبة, خدمات تنظيف, عدد الطوابق, تدفئة وتكييف مركزي, أمن و حماية, عداد مياه, مصاعد, نوافذ زجاجية مزدوجة, عداد كهرباء, security, garage",,,,,1519.5,
503623205,https://www.bayut.eg/en/property/details-503623205.html,algolia,True,detail_html,rent,other,820200.0,monthly,EGP,0.0,0.0,530.0,"Egypt, Cairo, New Cairo, 5th Settlement, North 90 Street",Commercial State,False,2026-06-10,"Luxuries Office at North90 ST. 530m for Rent -New Cairo

- Area: 530 m2
- Fully Finished

- Rent price: 30$ /Meter
- Rent price: 820,200 EGP/ Monthly

- Advance payment: 3 months
- Insurance Payment: 2 months
- Escalation Rate: 10%

-- Reference number :MM/O318A

Hotline: 16209
About Commercial State:
Welcome to Commercial State, Egypt's premier brokerage consultancy firm located in New Cairo. Established in December 2020, we have quickly emerged as a trusted name in the industry. Our team consists of passionate and highly experienced professionals with a collective expertise of over 8 years in the commercial market. 

At Commercial State, we are committed to helping you achieve your commercial real estate goals. Our extensive range of services is designed to provide you with the support and guidance you need every step of the way. Whether you are looking to buy, sell, or lease a commercial property, our dedicated team is here to assist you. 

For More Info Contact us at:
Hotline: 16209
Phone: View Contact Detail
WhatsApp: View Contact Detail
E-mail: Send e-mail
Our Location: Al Banafseg 7, Al Sadat Axis, 1st settlement, New Cairo",en,,,Cairo,New Cairo,5th Settlement,super lux,ready,,,,,,,,monthly,,"Security Staff, أمن و حماية",,,,,1547.5471698113208,
502616237,https://www.bayut.eg/en/property/details-502616237.html,algolia,True,detail_html,rent,other,54000.0,monthly,EGP,0.0,0.0,62.0,"Egypt, Cairo, New Cairo, 5th Settlement, Medical Park Elite",Horizon,False,2025-09-26,"clinic for rent in medical park elite Rehab new cairo
area : 62m
2rooms
reception
bathroom
price : 54,000
for more : Mr amr View Contact Detail










Medical Park Elite aspires to expand the scope of luxurious healthcare services in Egypt and elevate quality standards, positioning itself as a nationwide model for medical excellence. 

In conceiving Elite, AlRabat envisioned a distinguished medical complex in one of New Cairo’s most prestigious locations—an environment defined by architectural refinement, environmental harmony, and comprehensive amenities. The result is a landmark designed to attract the finest individual practitioners, leading medical centers, and highly qualified administrative talent, all united under one exceptional destination.",en,Al Rehab,LMD (Landmark Sabbour),Cairo,New Cairo,5th Settlement,super lux,ready,,,,,,,,,,,,,,,870.9677419354839,
205219093,https://www.bayut.eg/en/property/details-205219093.html,algolia,True,detail_html,rent,apartment,40000.0,monthly,EGP,3.0,1.0,120.0,"Egypt, Cairo, Nasr City, Gardenia Compound",Kirogoky,False,2025-07-11,"For rent furnished - immediate - Gardenia City

Location: Gardenia City - Zone 7
Floor: Ground with private garden
Finishing: Super Lux - completely northern

Apartment details:
3 rooms
Spacious reception
Bathroom
Fully equipped kitchen
2 balconies
Enclosed front and back garden
Garden view + rear

Monthly rent: 35,000 EGP
⏰ Rental duration: 6 months or 1 year
The apartment is fully furnished and ready for occupancy

For viewing and contact: [View Contact Detail]

---",en,,,Cairo,Nasr City,Gardenia Compound,furnished,ready,,,installments,5000.0,,,,monthly,,"Lawn or Garden, Security Staff, Electricity Meter, Natural Gas, Down Payment, Completion Year, Balcony or Terrace, Pets Allowed, Water Meter, حديقة, أمن و حماية, عداد كهرباء, غاز طبيعي, المقدم, سنة البناء, شرفة أو تراس, مسموح بالحيوانات الاليفة, عداد مياه, garden, balcony",,,,,333.3333333333333,
501119691,https://www.bayut.eg/en/property/details-501119691.html,algolia,True,detail_html,rent,other,140000.0,monthly,EGP,0.0,0.0,96.0,"Egypt, Cairo, New Cairo, 5th Settlement, Cairo Festival City",Horizon,False,2024-10-15,"Office for rent in Cairo festival city new cairo Fifth Settlement
Area: 96m \ special finishing
3rooms
reception
bathroom
price : 140,000 without furniture
For more : Mr\ Amr View Contact Detail





Cairo Festival City New Cairo Compound is one of the very special real estate projects that are being built in the heart of New Cairo. 

- The project is one of the huge projects that offers you the highest levels of sophistication and luxury away from the crowds and pollution of the capital, so many investors have accepted to reserve their residential units in the heart of this huge project. 
Areas near Cairo Festival City Compound, Fifth Settlement
Cairo Festival City New Cairo is only five minutes away from Cairo Airport. 
Cairo Festival City Compound, Fifth Settlement, is no more than a quarter of an hour away from Nasr City and Heliopolis. 

It is close to Lake View Compound, Katameya Heights, and Hyde Park Compound. 
The Cairo Festival City New Cairo project is located near the famous shopping malls in the Fifth Settlement, such as Downtown and Point 90. 
Cairo Festival City Compound, Fifth Settlement, is a few minutes away from the American University and the German University. 
Mountain View iCity Compound, Fifth Settlement",en,Mountain View iCity,Mountain View (DMG),Cairo,New Cairo,5th Settlement,super lux,ready,,,,,,,,,,,,,,,1458.3333333333333,
501015618,https://www.bayut.eg/en/property/details-501015618.html,algolia,True,detail_html,rent,apartment,27500.0,monthly,EGP,2.0,2.0,100.0,"Egypt, Cairo, Madinaty",بلو بيرل للتسويق العقارى,False,2024-09-10,"Group b11 madinty 100m unit
Ground floor, garden view
prime location,near carrfour
Big reception,2 large rooms
Modern lovely big kitchen
2 terraces nice garden view
2 wc with new shower cabin

special finishing,decoration
Gas,WiFi,all amenities there
Modern furniture,3 Acs,led
Free channels ,new devices
Ready to move to for elite

Video available for unit
Required 27.5k/ month

Pleasure call View Contact Detail
Blue Pearl for real estate",en,Madinaty,,Cairo,Madinaty,Madinaty,furnished,ready,,,,,,,,monthly,,"garden, balcony",,,,,275.0,
503986857,https://www.bayut.eg/en/property/details-503986857.html,algolia,True,detail_html,rent,apartment,50000.0,monthly,EGP,3.0,3.0,150.0,"Egypt, Cairo, Madinaty",Start Homes 2,False,2026-08-24,"- Furnished Apartment for Rent in Madinaty (B15)



- An excellent opportunity for upscale living in Madinaty. This apartment offers a spacious layout, custom finishes, and a peaceful view of the park, combining comfort, privacy, and a practical design. 



Apartment Details:



- Area: 150 sqm

- Floor: 3rd

- Bedrooms: 3

- Bathrooms: 3



- Custom finishes

- Ready for immediate move-in

- High-end furnishings

- Practical layout and spacious interiors

- Peaceful, distinctive park view

- Prime location near services and amenities

- Ideal for families seeking comfort and stability



Asking Price: 50,000



For more details,

Asmaa: View Contact Detail

==================

Start Homes Real Estate Marketing & Investment



East Hub – Building 18 – First Floor



Office F11",en,Madinaty,,Cairo,Madinaty,Madinaty,furnished,ready,,,,,,,,,,"Balcony or Terrace, Built in Kitchen Appliances, Covered parking, Security Staff, Electricity Meter, Waste Disposal, CCTV Security, 24 Hours Concierge, شرفة أو تراس, أجهزة مطبخ مدمجة, مواقف مغطاة للسيارات, أمن و حماية, عداد كهرباء, مكبّ نفايات, نظام كاميرات مراقبة, حراسة 24 ساعة",,,,,333.3333333333333,
503973095,https://www.bayut.eg/en/property/details-503973095.html,algolia,True,detail_html,rent,other,592000.0,monthly,EGP,0.0,0.0,233.0,"Egypt, Cairo, New Cairo, 5th Settlement, 5A",Picky Properties,False,2026-08-21,"Prime administrative office for rent in 5A Waterway – New Cairo, offering 233 sqm of office space in a prestigious business and commercial destination. 

Property Details:

Area: 233 sqm

Property Type: Administrative Office

Rent Price: $50 per sqm/month

Ideal for companies and corporate headquarters

Prime location with excellent accessibility",en,The Waterway,,Cairo,New Cairo,5th Settlement,,ready,,,,,,,,monthly,,,,,,,2540.772532188841,
503978509,https://www.bayut.eg/en/property/details-503978509.html,algolia,True,detail_html,rent,other,230000.0,monthly,EGP,0.0,0.0,500.0,"Egypt, Cairo, Zahraa Al Maadi, Bavaria Town",Future Square One,False,2026-08-23,"500m administrative office for rent in Panorama, Bavaria Town (Maamaar Al-Mershidi) – Prime location, Maadi Ring – Ready for immediate delivery
Distinctive glass façade
Administrative license - Internet - Landline
Location: Bavaria Town Administrative on the Ring Road
Area: 500 m² with air conditioning
Division: 10 rooms + open space + 4 bathrooms + office + 2 terraces
For contact and photo sending, WhatsApp: View Contact Detail
Price: 230,000 monthly including air conditioning
Unit code: RC2460
We also have other administrative and commercial units available in different sizes and prices in (New Cairo - Maadi - Zahraa Maadi - Nasr City)",en,,,Cairo,Zahraa Al Maadi,Bavaria Town,furnished,ready,,,installments,,,,,monthly,,"Completion Year, Balcony or Terrace, Security Staff, Landline, Elevators in Building, Broadband Internet, CCTV Security, 24 Hours Concierge, سنة البناء, شرفة أو تراس, أمن و حماية, خط أرضي, مصاعد, انترنت واسع النطاق, نظام كاميرات مراقبة, حراسة 24 ساعة, balcony",,,,,460.0,
503967028,https://www.bayut.eg/en/property/details-503967028.html,algolia,True,detail_html,rent,other,640000.0,monthly,EGP,0.0,0.0,800.0,"Egypt, Cairo, New Cairo, 5th Settlement, Al Narges",Nine investment,False,2026-08-20,"Administration Floor For Rent in El Narges, 5th Settlement, New Cairo
Space:- 800 - Finishing Type:- Fully Finished with ACs - Price:- EGP 800 per SQM
For more information and inquiries, contact us at: View Contact Detail

A spacious fully finished administrative floor for rent in El Narges, 5th Settlement, New Cairo, offering a ready-to-use workspace equipped with air conditioning. With 800 SQM of space, the floor provides a comfortable and professional environment suitable for companies looking for a spacious and practical administrative headquarters.",en,,,Cairo,New Cairo,5th Settlement,fully finished,ready,,,,,,,,,,,,,,,800.0,
503975052,https://www.bayut.eg/en/property/details-503975052.html,algolia,True,detail_html,rent,apartment,45000.0,monthly,EGP,2.0,3.0,148.0,"Egypt, Cairo, New Cairo, 5th Settlement, Hyde Park New Cairo Compound",Sign Investment for real estate,False,2026-08-22,"An apartment for rent Hyde Park compound,

Area :- 148 SQM,

2 rooms,

3 bathrooms,

Kitchen + ACs + heaters + shutters,

price :- 45k per month,

A magdy,

Available at your service 24 hours a day, all days of the week,

Take the opportunity and contact us now to book your preview!,

If you have a property that you want to view professionally through us,

You will find a strong team that will provide you with all the support and assistance ,

Please contact us on our numbers,

Hyde Park compound Fifth Settlement is the best choice for you,

The compound is located in one of the best places in New Cairo near the most famous projects of the Mountain View Eye City area،

Hyde Park New Cairo is a unique experience for what contains basic services, entertainment, medical, commercial, administrative and residential units of various designs and spaces to meet all the needs of customers,

The location of Hyde Park compound in the Fifth Settlement,

In a privileged location overlooking the southern ninety Street, Hyde Park Fifth Settlement occupies its place among the best residential complexes in the heart of East Cairo. 

Hyde Park is located on the southern ninety Street in the Fifth Settlement, which distinguishes the residential complex by its proximity to many famous areas and hubs in the city of New Cairo،

The most important of which are the Middle Ring Road, Suez Road, and Ain Sokhna road,

Many places are close to Hyde Park compound, because of its vital strategic location in the area of ninety Street،

This location, which was built by Hyde Park community, made it close to several areas،",mixed,Hyde Park,Mountain View (DMG),Cairo,New Cairo,5th Settlement,,ready,,,,,,,,monthly,,"Satellite/Cable TV, Balcony or Terrace, Natural Gas, Waste Disposal, Intercom, ATM Facility, Reception/Waiting Room, Maintenance Staff, CCTV Security, Built in Kitchen Appliances, Covered parking, Security Staff, Centrally Air-Conditioned, Water Meter, Day Care Center, Electricity Backup, First Aid Medical Center, Conference Room, Parking Spaces, Cafeteria or Canteen, Cleaning Services, Electricity Meter, Lobby in Building, Business Center, Kids Play Area, كابل قنوات تلفزيونية, شرفة أو تراس, غاز طبيعي, مكبّ نفايات, اتصال داخلي, توفر أجهزة السحب الآلي, غرفة استقبال /انتظار, خدمات صيانة, نظام كاميرات مراقبة, أجهزة مطبخ مدمجة, مواقف مغطاة للسيارات, أمن و حماية, نظام تبريد مركزي, عداد مياه, مركز رعاية أطفال, نظام كهرباء احتياطي للطوارئ, مركز للإسعافات الأولية, غرفة اجتماعات, مواقف سيارات, كافيتيريا, خدمات تنظيف, عداد كهرباء, ردهة إستقبال, مركز أعمال, منطقة لعب للأطفال",,,,,304.05405405405406,
208792057,https://www.bayut.eg/en/property/details-208792057.html,algolia,True,detail_html,rent,apartment,50000.0,monthly,EGP,2.0,2.0,170.0,"Egypt, Cairo, Zamalek",,False,2026-08-23,"فرصة مميزة للإيجار في قلب الزمالك، شقة أنيقة ومفروشة بالكامل بتشطيب راقٍ وجميع الكماليات، مناسبة للباحثين عن الراحة والسكن المميز. 

تفاصيل الشقة:
المساحة: 170 متر
الدور الثاني
واجهة مميزة
2 غرفة نوم
2 حمام
مفروشة بالكامل
مطبخ مجهز بالأجهزة
كهرباء ومياه وغاز طبيعي

المميزات:
فرش راقٍ وتشطيب مميز
جميع الكماليات متوفرة
جاهزة للسكن فورًا
مساحة واسعة ومريحة
موقع مميز في الزمالك

الإيجار الشهري: 50,000 جنيه
التأمين: 50,000 جنيه

للتواصل والاستعلام والمعاينة:
View Contact Detail#View Contact Detail


Luxury Furnished Apartment for Rent in Zamalek | 170 SQM | Ready to Move In


Luxury Furnished Apartment for Rent in Zamalek

Enjoy a comfortable and elegant lifestyle in the heart of Zamalek. This spacious, fully furnished apartment is finished to a high standard and comes with all essential amenities. 

Property Details:
170 SQM
Second floor
Prime façade view
2 Bedrooms
2 Bathrooms
Fully furnished
Fully equipped kitchen with appliances
Electricity, water, and natural gas available

Features:
High-quality furniture and finishing
Fully equipped with essential amenities
Ready to move in
Spacious and comfortable layout
Prime location in Zamalek

Monthly Rent: EGP 50,000
Security Deposit: EGP 50,000

For inquiries and viewing:
View Contact Detail#View Contact Detail",mixed,,,Cairo,Zamalek,Zamalek,furnished,ready,,,,,,,,monthly,,"Completion Year, Built in Kitchen Appliances, Electricity Meter, Water Meter, Natural Gas, Down Payment, سنة البناء, أجهزة مطبخ مدمجة, عداد كهرباء, عداد مياه, غاز طبيعي, المقدم, security",2.0,,,,294.11764705882354,
503535536,https://www.bayut.eg/en/property/details-503535536.html,algolia,True,detail_html,rent,apartment,90000.0,monthly,EGP,2.0,3.0,160.0,"Egypt, Cairo, New Cairo, 5th Settlement, Eastown Compound",Redefine,False,2026-05-18,"Apartment for rent in Eastown

Area: 160m
Garden:60m

2 bedrooms
3 bathrooms

First use


Maids room

----------------------

Asking price : 90,000

----------------------

Eastown SODIC is a lavish gated community, spread across 204 acres of land in New Cairo City. It features contemporary homes, blending luxury and tranquility. The compound is covered in lush landscapes and sparkling water bodies. 

-----------------------

The nearby places from Sodic Eastown :

- 5 min away from AUC
- 15 min from Cairo - Sokhna road
- 19 min to reach madinaty
- 20 min from cairo international airport
- 25 min from Heliopolis

-------------------------

Sodic Eastown Compound Services:

- High-level security , as it provides 24 hour security. 

- Commercial areas for shopping and picnicking. 

- Picnic areas and gardens for children and adults. 

- Vast green spaces. 

- Medical center. 

- Club house. 

-------------------------

Redfin Real Estate Consultants is your new advisor to find a better future. You are looking for your dream home, we are there to guide you. Due to our long experience in the Egyptian real estate market, we offer you exactly what you are looking for, if not better, to provide all means of comfort to satisfy and comfort customers. With a wide range of properties for sale or rent located all over Cairo such as New Cairo, Al Rehab City and Madinaty.",en,Madinaty,SODIC,Cairo,New Cairo,5th Settlement,furnished,ready,,,,,,,,,,"Landline, Balcony or Terrace, Built in Kitchen Appliances, Central A/C & heating, Lawn or Garden, Security Staff, Lobby in Building, Furnished, Gym or Health Club, Swimming Pool, Double Glazed Windows, Covered parking, Barbeque Area, Business Center, Intercom, خط أرضي, شرفة أو تراس, أجهزة مطبخ مدمجة, تدفئة وتكييف مركزي, حديقة, أمن و حماية, ردهة إستقبال, مفروشة, صالة رياضية أو نادي صحي, مسبح, نوافذ زجاجية مزدوجة, مواقف مغطاة للسيارات, مكان مخصص للشواء, مركز أعمال, اتصال داخلي, security, garden, clubhouse",,60.0,,,562.5,
503976080,https://www.bayut.eg/en/property/details-503976080.html,algolia,True,detail_html,rent,apartment,34000.0,monthly,EGP,2.0,2.0,145.0,"Egypt, Cairo, New Cairo, 5th Settlement, Village Gate Compound",Estimate Real Estate,False,2026-08-22,"Semi-furnished 145m² apartment for rent in Village Gate

Area: 145m²

Layout: 2 bedrooms + 2 bathrooms

Semi-furnished (includes kitchen, air conditioning units, and appliances)

Asking price: 34.000 EGP/month

For more details, please contact:

Mr. Ahmed Badr: View Contact Detail

-------------------------------------------------------------------------------------------------------------",en,,,Cairo,New Cairo,5th Settlement,furnished,ready,,,,,,,,,,,,,,,234.48275862068965,
503974939,https://www.bayut.eg/en/property/details-503974939.html,algolia,True,detail_html,rent,other,120000.0,monthly,EGP,0.0,0.0,350.0,"Egypt, Cairo, Nasr City",Capital plan real estate,False,2026-08-22,"Administrative headquarters for rent 350m
On Makram Ebeid main street
With Super Lux finishing
New building with a very nice entrance
First use
2 elevators
4 rooms
Reception 4 pieces
4 bathrooms
Office
Suitable for all administrative and commercial purposes
For inquiries and inspections
Capital Plan Real Estate Marketing Company
View Contact Detail",en,,,Cairo,Nasr City,Nasr City,super lux,ready,,,installments,,,,,,,elevator,,,,,342.85714285714283,
503972503,https://www.bayut.eg/en/property/details-503972503.html,algolia,True,detail_html,rent,apartment,28000.0,monthly,EGP,1.0,2.0,100.0,"Egypt, Cairo, New Cairo, 5th Settlement, Hyde Park New Cairo Compound",ElKateb Real Estate,False,2026-08-21,"Apartment for rent in Hyde Park - Park Corner

First floor

100 sqm

Second occupancy

High-end finishing

Reception - One bedroom - Two bathrooms

Open kitchen - Kitchen cabinets - Concealed split air conditioning

Rent: 28,000 EGP

3 months' security deposit

2 months' rent in advance

---------------------------------------------------------------------------------------------------------------------------------------
CLE Real Estate Marketing Company aims to provide comprehensive services for your real estate needs. If you are ready to invest or interested in purchasing a residential, medical, commercial or office property, we are here for you. 
To ensure that your plans are transformed into reality thanks to our individual expertise in the best real estate companies in Egypt
Let luxury live in your new home, a stunning home with spacious spaces and modern design
Live the life you deserve. Enjoy elegant design and luxurious services. 
We have units in all compounds in the Fifth Settlement, New Cairo and others. . . . 
We have units in Palm Hills, Zed, Mountain View Hyde Park, Azad, Stone Residence,",en,Mountain View Hyde Park,Mountain View (DMG),Cairo,New Cairo,5th Settlement,furnished,ready,,,,,,,,,,"Security Staff, Number of Bathrooms, Number of Bedrooms, Swimming Pool, Centrally Air-Conditioned, Storage Areas, Lobby in Building, Double Glazed Windows, Waste Disposal, Maintenance Staff, 24 Hours Concierge, Balcony or Terrace, Covered parking, أمن و حماية, عدد دورات المياه, عدد الغرف, مسبح, نظام تبريد مركزي, مناطق تخزين, ردهة إستقبال, نوافذ زجاجية مزدوجة, مكبّ نفايات, خدمات صيانة, حراسة 24 ساعة, شرفة أو تراس, مواقف مغطاة للسيارات, security",100.0,,,,280.0,
503983135,https://www.bayut.eg/en/property/details-503983135.html,algolia,True,detail_html,rent,apartment,11000.0,monthly,EGP,3.0,3.0,130.0,"Egypt, Giza, Hadayek al-Ahram",199St. Real estate,False,2026-08-23,"Location: Hadayek Al Ahram - 4th Gate - Zone L, prime area close to all services. 
Space: 130 sqm. 
Floor: 5th floor. 
Internal Layout: 3 Bedrooms + 3 Bathrooms + Reception + Balcony. 
Monthly Rent: 11,000 EGP.",en,,,Giza,Hadayek al-Ahram,Hadayek al-Ahram,,ready,,,installments,,,,,monthly,,balcony,5.0,,,,84.61538461538461,
503971873,https://www.bayut.eg/en/property/details-503971873.html,algolia,True,detail_html,rent,apartment,3800.0,,EGP,3.0,2.0,165.0,"Egypt, Cairo, Nasr City",Ze Top Real Estate,False,2026-08-20,"Luxury Apartment for Daily and Monthly Rent – Nasr City, Directly Opposite City Stars

Distinguished Apartment for Rent in a Prime Location Directly Opposite City Stars, Nasr City. 

Unit Details:

3 Modern Bedrooms

2 High-End Bathrooms

Ultra Super Lux Finishing

Modern Hotel-Style Furnishings

2 Elevators

Property Details:

Modern Building

Hotel-Style Entrance

Elegant and Clean Building

Features:

Ready to Move In Immediately

Suitable for Families and Business Professionals

High Level of Privacy and Cleanliness

Location and Services:

Directly Opposite City Stars

Near Abbas El Akkad Street, Makram Ebeid Street, Genena Mall, and

Restaurants and Cafes Diverse Locations

Supermarkets and Pharmacies

Hospitals and Medical Centers

Easy Access to Public Transportation

Rental Options:

Daily / Monthly

Contact: View Contact Detail",en,,,Cairo,Nasr City,Nasr City,furnished,ready,,,,,,,,monthly,,elevator,,,,,23.03030303030303,
503971825,https://www.bayut.eg/en/property/details-503971825.html,algolia,True,detail_html,rent,apartment,32000.0,monthly,EGP,2.0,1.0,80.0,"Egypt, Giza, Sheikh Zayed, Rawdat Zayed Compound",Swan Real Estate,False,2026-08-20,"Luxurious Brand-New Fully Furnished Apartment for Rent in Rawda Compound, Heart of Sheikh Zayed

Step into refined, hotel-grade living with this brand-new, first-tenant (First Residence) luxury apartment situated in the prestigious Rawda Compound. Exceptionally located in the vibrant pulse of Sheikh Zayed City, this premium residence places you directly beside top-tier restaurants, essential daily services, major commercial hubs, and minutes from the Canadian International College (CIC). 

Designed to offer a seamless blend of contemporary elegance and high-end modern convenience, this home is tailor-made for expats, business executives, diplomats, and modern families seeking sophisticated living in Cairo's modern west. 

Property Highlights & Interior Features:

Prime Status: First Tenant / First Residence (Brand New Construction & Furnishings). 

Bedrooms: 2 spacious, sun-lit master-style bedrooms featuring premium modern wardrobes, high-end orthopedic mattresses, sleek lighting fixtures, and tasteful contemporary decor. 

Bathroom: 1 state-of-the-art bathroom fitted with deluxe porcelain tiling, modern sanitary fixtures, high-pressure rain shower, and elegant storage solutions. 

Living & Dining Area (Reception): Expansive, open-plan reception thoughtfully curated with luxury hotel-grade furniture, ambient LED lighting, a smart entertainment setup, and stylish contemporary accents—perfect for hosting guests or relaxing after a long day. 

Fully Equipped Modern Kitchen: Styled with sleek cabinetry and premium marble/granite finishes. Fully fitted with modern high-performance appliances (refrigerator, stove/oven, microwave, and essential cooking equipment). 

Breathtaking Open View: Floor-to-ceiling balcony access offering unobstructed, serene views over manicured green landscapes, providing fresh air, natural sunlight, and complete privacy. 

Exclusive Compound & Location Benefits:

Prime Central Location: Situated in the heart of Sheikh Zayed, surrounded by fine dining, international cafes, supermarkets, fitness facilities, and reputable medical centers. 

Educational Proximity: Seconds away from the Canadian International College (CIC) and close to top international schools and university campuses. 

Gated Security: 24/7 guarded security, CCTV surveillance, gated entry, and dedicated professional maintenance services ensuring peace of mind. 

Tranquil Environment: Rawda Compound combines lush central green space with quick, hassle-free access to major arterial routes, including 26th of July Corridor and Dahshour Link. 

Rental Terms & Pricing:

Monthly Rent: 32,000 EGP / month

Occupancy: Ready for immediate move-in. 

Experience luxury, comfort, and ultimate convenience in one of Sheikh Zayed’s most sought-after addresses. Contact us today to arrange a private viewing.",en,,,Giza,Sheikh Zayed,Rawdat Zayed Compound,furnished,ready,,,,,,,,monthly,,"CCTV Security, Cafeteria or Canteen, Balcony or Terrace, Central A/C & heating, Maintenance Staff, 24 Hours Concierge, Kids Play Area, Lawn or Garden, Security Staff, Waste Disposal, Broadband Internet, Satellite/Cable TV, Intercom, Cleaning Services, نظام كاميرات مراقبة, كافيتيريا, شرفة أو تراس, تدفئة وتكييف مركزي, خدمات صيانة, حراسة 24 ساعة, منطقة لعب للأطفال, حديقة, أمن و حماية, مكبّ نفايات, انترنت واسع النطاق, كابل قنوات تلفزيونية, اتصال داخلي, خدمات تنظيف, security, garden, gym, balcony",,,,,400.0,
503971831,https://www.bayut.eg/en/property/details-503971831.html,algolia,True,detail_html,rent,other,50000.0,monthly,EGP,0.0,0.0,180.0,"Egypt, Cairo, Maadi",City Group,False,2026-08-20,"Administrative office for rent in Maadi on the Ring Road, prime location. 
An address befitting your company's name and reflecting its development and professionalism. 
With open spaces that allow for a healthy and harmonious work environment, professionally and progressively. 
A unique opportunity for companies in a strategic location on one of Maadi's most vibrant streets. 
Area: 180 square meters - Floor: Third
Unit Details:
• Large reception area - Office kitchen - 3 rooms - 2 restrooms
Features:
• Equipped with air conditioning - Advanced LED lighting and modern elevators
• Communication facilities including telephones and fiber optic internet
Suitable for:
• Company offices - Medical clinics - Specialized centers - High-end administrative activity
Location: Maadi Ring Road
A real opportunity in a unique location within one of the strongest areas for administrative activity in Maadi. 
• We also have several other spaces available: 100 sq m - 150 sq m - 200 sq m - 250 sq m m – 300 m",en,,,Cairo,Maadi,Maadi,,ready,,,installments,,,,,,,"CCTV Security, 24 Hours Concierge, Water Meter, Maintenance Staff, Electricity Backup, Service Elevators, Balcony or Terrace, Elevators in Building, Lobby in Building, Electricity Meter, Natural Gas, Landline, Broadband Internet, Business Center, Conference Room, Intercom, نظام كاميرات مراقبة, حراسة 24 ساعة, عداد مياه, خدمات صيانة, نظام كهرباء احتياطي للطوارئ, خدمات المصاعد, شرفة أو تراس, مصاعد, ردهة إستقبال, عداد كهرباء, غاز طبيعي, خط أرضي, انترنت واسع النطاق, مركز أعمال, غرفة اجتماعات, اتصال داخلي, elevator",,,,,277.77777777777777,
503971008,https://www.bayut.eg/en/property/details-503971008.html,algolia,True,detail_html,rent,other,350000.0,,EGP,0.0,0.0,1200.0,"Egypt, Cairo, Maadi",City Group,False,2026-08-20,"Administrative villa for rent in a prime location in Sarayat El Maadi,
An address befitting your company's name, reflecting its development and professionalism
With open spaces that allow for a healthy and harmonious work environment, professionally and efficiently
A unique opportunity for companies in a strategic location on one of Maadi's most vibrant streets
Licensed for administrative use, with high-end finishing and equipment
Area: 1200 square meters
Number of floors: Ground, first, and second floors, large garden, and garage
Unit details:
• Reception area - Office kitchen - 5 restrooms - 9 rooms
Features:
• Communication facilities including telephones and fiber optic internet
• Smart building with a modern electrical and sound system
• Air conditioning units
• 24-hour security cameras and guards
Suitable for:
• Company offices - Medical clinics - Specialized centers - High-end administrative activities
Location: Maadi
A real opportunity in a unique location within one of the most vibrant business districts Administrative space in Maadi
• We also have many offices, administrative headquarters, independent villas, and buildings with different sizes and prices to suit all companies.",en,,,Cairo,Maadi,Maadi,,ready,,,installments,,,,,,,"Natural Gas, Landline, Lobby in Building, Broadband Internet, Conference Room, Intercom, Number of Bathrooms, Number of Bedrooms, Maintenance Staff, CCTV Security, 24 Hours Concierge, Balcony or Terrace, Lawn or Garden, Security Staff, Electricity Meter, Water Meter, غاز طبيعي, خط أرضي, ردهة إستقبال, انترنت واسع النطاق, غرفة اجتماعات, اتصال داخلي, عدد دورات المياه, عدد الغرف, خدمات صيانة, نظام كاميرات مراقبة, حراسة 24 ساعة, شرفة أو تراس, حديقة, أمن و حماية, عداد كهرباء, عداد مياه, security, garage, garden",,,,,291.6666666666667,
503970646,https://www.bayut.eg/en/property/details-503970646.html,algolia,True,detail_html,rent,other,700000.0,monthly,EGP,0.0,0.0,700.0,"Egypt, Cairo, New Cairo, Rehab City",Nine investment,False,2026-08-20,"Type: Administrative | License: Administrative
Area: 700 square meters | Condition: Fully finished
Price per square meter: 1,000
Private parking
For inquiries and viewing: View Contact Detail
Surveillance cameras
Security and guarding services
Electronic gates
Green spaces
About Nine Real Estate:
Regarding its marketing and brokerage services, which involve acting as an intermediary between buyers and sellers to facilitate transactions connecting the two parties.",en,Al Rehab,,Cairo,New Cairo,Rehab City,fully finished,ready,,,,,,,,,,"security, garage",,,,,1000.0,
503970569,https://www.bayut.eg/en/property/details-503970569.html,algolia,True,detail_html,rent,apartment,30000.0,monthly,EGP,2.0,1.0,90.0,"Egypt, Cairo, New Cairo, Rehab City",Escan,False,2026-08-20,"Furnished apartment for rent in Al-Rehab

The first stage

Second floor

Without elevator

Super lux finishing

Distinctive location

Near Gate 5, City Square and the Old Market

The apartment area is 90 m

It consists of:

2 bedrooms

Bath

Reception two pieces

Kitchen

The rental period is not less than 3 months

__

For more details and offers

Contact us - on

Ahmed Nagy

View Contact Detail

____

Escan Group is a company specialized in real estate marketing and integrated finishes. We provide you with integrated solutions for buying, selling and renting residential and commercial units, while implementing all finishing works of the highest quality. 

We serve the Al-Rehab, Madinaty and New Cairo areas

Address in Rehab: Banks Area - Administrative Building - First Floor - Office 109

We also have a department specialized in lux finishing, under engineering supervision and professional implementation, with a commitment to quality and punctuality",en,Madinaty,,Cairo,New Cairo,Rehab City,furnished,ready,,,,,,,,,,"Waste Disposal, Furnished, Broadband Internet, Maintenance Staff, Cleaning Services, Balcony or Terrace, Built in Kitchen Appliances, Central A/C & heating, Security Staff, Landline, Central Heating, مكبّ نفايات, مفروشة, انترنت واسع النطاق, خدمات صيانة, خدمات تنظيف, شرفة أو تراس, أجهزة مطبخ مدمجة, تدفئة وتكييف مركزي, أمن و حماية, خط أرضي, تدفئة مركزية, elevator",,,,,333.3333333333333,
503968087,https://www.bayut.eg/en/property/details-503968087.html,algolia,True,detail_html,rent,other,70000.0,monthly,EGP,0.0,0.0,70.0,"Egypt, Giza, 6th of October, West Mark",Property Leaders,False,2026-08-20,"Office for rent in west mark
70 m
Fully finished with Ac
Room
Open space",en,,,Giza,6th of October,West Mark,fully finished,ready,,,,,,,,,,,,,,,1000.0,
503109282,https://www.bayut.eg/en/property/details-503109282.html,algolia,True,detail_html,rent,other,130000.0,monthly,EGP,0.0,0.0,96.0,"Egypt, Cairo, New Cairo, 5th Settlement, Cairo Festival City",New Avenue,False,2026-02-01,"Fully Finished Office at Cairo Festival City For Rent
Property Details:
Property Type: Office
License: Administrative
Location: CFC – Cairo Festival City

Finishing Type: Fully Finished
Offering Type: Rent
Total Area: 96 SQM
Monthly Rent Price: 130,000 EGP

Facilities:
-Prime commercial locations
-High foot traffic areas
-Modern design & glass facades
-Elevators & escalators
-Central AC
-24/7 security & CCTV
-Parking spaces available
-Firefighting system
-Property management services
-Flexible unit sizes

KZ-AA 829",en,,,Cairo,New Cairo,5th Settlement,fully finished,ready,,,,,,,,monthly,,"CCTV Security, Covered parking, Security Staff, Lobby in Building, Maintenance Staff, Furnished, Electricity Backup, Conference Room, Central A/C & heating, Intercom, Cleaning Services, Storage Areas, Elevators in Building, Centrally Air-Conditioned, Broadband Internet, Waste Disposal, Service Elevators, Satellite/Cable TV, Business Center, نظام كاميرات مراقبة, مواقف مغطاة للسيارات, أمن و حماية, ردهة إستقبال, خدمات صيانة, مفروشة, نظام كهرباء احتياطي للطوارئ, غرفة اجتماعات, تدفئة وتكييف مركزي, اتصال داخلي, خدمات تنظيف, مناطق تخزين, مصاعد, نظام تبريد مركزي, انترنت واسع النطاق, مكبّ نفايات, خدمات المصاعد, كابل قنوات تلفزيونية, مركز أعمال, security, garage, elevator, central ac",,,,,1354.1666666666667,
503971795,https://www.bayut.eg/en/property/details-503971795.html,algolia,True,detail_html,rent,apartment,32000.0,monthly,EGP,3.0,2.0,155.0,"Egypt, Cairo, Zahraa Al Maadi, Rayhanah Avenue",Privilege,False,2026-08-20,"• Furnished apartment for rent in Rehanna Avenue Compound – Mimar El-Morshedy
• Prime location in front of Wadi Degla Club
• Area: 155m²
• 3 bedrooms
• 2 bathrooms
• Spacious reception with practical division
• Ultra super lux finishing
• Fully furnished and equipped, ready for immediate living
• Fourth floor
• Distinctive compound providing privacy and security
• Close to essential services and major roadways
• Required rent: 32,000 EGP per month
• Deposit + advance
• One month commission",en,ريحانة افينيو,,Cairo,Zahraa Al Maadi,Rayhanah Avenue,furnished,ready,,,installments,,,,,monthly,,security,,,,,206.4516129032258,
503971789,https://www.bayut.eg/en/property/details-503971789.html,algolia,True,detail_html,rent,duplex,7000.0,,EGP,2.0,3.0,200.0,"Egypt, Cairo, New Cairo, 5th Settlement, Porto New Cairo - Nyoum Compound",Arjaa Real Estate,False,2026-08-20,"Luxury duplex with a direct view of the swimming pool – two bedrooms and 3 bathrooms
A unique opportunity for rent inside an upscale compound, with elegant design and exceptional views from both floors. 
Distinctive panoramic view: First floor: direct view of the swimming pool, Maxim Mall, North 90th Street, and green spaces. Upper floor: open and direct view giving you more space and privacy. 
Unit details: • Two spacious bedrooms
• 3 high-quality finished bathrooms
• Comfortable living room
• Fully equipped American kitchen with appliances
• Large windows and balconies with a direct view of the swimming pool
• Modern design and exceptional use of space
A very distinctive unit for upscale living with a view that is hard to replicate. For details and viewings, contact us.",en,,,Cairo,New Cairo,5th Settlement,furnished,ready,,,installments,,,,,,,"Built in Kitchen Appliances, Waste Disposal, Cleaning Services, Maids Room, Lawn or Garden, Centrally Air-Conditioned, Day Care Center, Maintenance Staff, Electricity Backup, Cafeteria or Canteen, Laundry Facility, Storage Areas, Furnished, Laundry Room, Central Heating, Kids Play Area, Shared Kitchen, Barbeque Area, Double Glazed Windows, أجهزة مطبخ مدمجة, مكبّ نفايات, خدمات تنظيف, غرفة خدم, حديقة, نظام تبريد مركزي, مركز رعاية أطفال, خدمات صيانة, نظام كهرباء احتياطي للطوارئ, كافيتيريا, خدمة غسيل ملابس, مناطق تخزين, مفروشة, غرفة غسيل, تدفئة مركزية, منطقة لعب للأطفال, مطبخ مشترك, مكان مخصص للشواء, نوافذ زجاجية مزدوجة, pool",,,,,35.0,
503971498,https://www.bayut.eg/en/property/details-503971498.html,algolia,True,detail_html,rent,apartment,45000.0,monthly,EGP,3.0,2.0,131.0,"Egypt, Cairo, New Cairo, Rehab City",Mohamed tarek,False,2026-08-20,"English AdvertisementA premium fully furnished apartment is now available for rent in Al Rehab City, located in the highly desirable Ninth Phase. This apartment is an excellent opportunity for anyone looking for comfortable and upscale living in a quiet and convenient location. The apartment features special finishing and is available for first occupancy, offering a fresh and modern living experience. 
Location: Al Rehab City – Ninth Phase
Area: 131 sqm + 45 sqm Private Garden
Floor: Ground Floor
Bedrooms: 3
Bathrooms: 2
Finishing: Special Finishing
Condition: First Occupancy
Rental Type: Fully Furnished
Required Rent: EGP 50,000 per year
For inquiries and viewing: View Contact Detail
Mr. Ashraf",en,Al Rehab,,Cairo,New Cairo,Rehab City,furnished,ready,,,installments,,,,,annual,,"Balcony or Terrace, Waste Disposal, Maintenance Staff, Cafeteria or Canteen, Broadband Internet, Intercom, Cleaning Services, Furnished, Nearby Public Transport, CCTV Security, Completion Year, Security Staff, Natural Gas, Day Care Center, Land Area, Number of Bedrooms, Laundry Facility, 24 Hours Concierge, Built in Kitchen Appliances, Lawn or Garden, Electricity Meter, Lobby in Building, First Aid Medical Center, Satellite/Cable TV, Conference Room, Landline, Number of Bathrooms, Gym or Health Club, Barbeque Area, Business Center, Kids Play Area, شرفة أو تراس, مكبّ نفايات, خدمات صيانة, كافيتيريا, انترنت واسع النطاق, اتصال داخلي, خدمات تنظيف, مفروشة, مواصلات نقل عامة قريبة, نظام كاميرات مراقبة, سنة البناء, أمن و حماية, غاز طبيعي, مركز رعاية أطفال, مساحة الأرض, عدد الغرف, خدمة غسيل ملابس, حراسة 24 ساعة, أجهزة مطبخ مدمجة, حديقة, عداد كهرباء, ردهة إستقبال, مركز للإسعافات الأولية, كابل قنوات تلفزيونية, غرفة اجتماعات, خط أرضي, عدد دورات المياه, صالة رياضية أو نادي صحي, مكان مخصص للشواء, مركز أعمال, منطقة لعب للأطفال, garden",,,,,343.51145038167937,
503971264,https://www.bayut.eg/en/property/details-503971264.html,algolia,True,detail_html,rent,apartment,45000.0,monthly,EGP,2.0,1.0,170.0,"Egypt, Cairo, Maadi, Degla",Maadi Real Estate,False,2026-08-20,"Brand New Furnished Apartment for Rent in Degla Maadi
Looking for a modern, fully furnished apartment in one of Maadi’s most desirable areas? This brand-new furnished apartment offers comfort, style, and everything you need for a convenient move-in. 
Property Features:
• 2 Bedrooms
• 1 Bathroom
• 3rd Floor
• Elevator
• Fully Air-Conditioned
• Fully equipped with all electrical appliances
• Sunny apartment with excellent natural light
• Brand-new furniture
• High-quality HDF flooring
• Modern and stylish interior
• Ready for immediate move-in
Prime Location: Degla, Maadi
A great choice for anyone looking for a modern, bright, fully furnished apartment in a quiet and prestigious residential area. 
Rent: EGP 45,000 / Month
For inquiries & viewings:
View Contact Detail
Contact us today to schedule your viewing!",en,,,Cairo,Maadi,Degla,furnished,ready,,,installments,,,,,monthly,,"Completion Year, CCTV Security, 24 Hours Concierge, Security Staff, Water Meter, Freehold, Natural Gas, Furnished, سنة البناء, نظام كاميرات مراقبة, حراسة 24 ساعة, أمن و حماية, عداد مياه, التملك الحر, غاز طبيعي, مفروشة, security, elevator",3.0,,,,264.70588235294116,
503970812,https://www.bayut.eg/en/property/details-503970812.html,algolia,True,detail_html,rent,apartment,25000.0,monthly,EGP,2.0,1.0,90.0,"Egypt, Cairo, New Cairo, Rehab City",Escan,False,2026-08-20,"Furnished Apartment for Rent in Al Rehab City

Phase 5

Third Floor with Elevator

Super Lux Finishing

Prime Location

Near Services

Apartment Area: 90 sq m

Consists of:

2 Bedrooms

1 Bathroom

2-Piece Reception

Kitchen

Minimum Rental Period: 3 Months

__

For more details and offers

Contact us - at

Shuaib Shaaban

View Contact Detail

____

Escan Group is a company specializing in real estate marketing and integrated finishing. We provide comprehensive solutions for buying, selling, and renting residential and commercial units, with all finishing work executed to the highest quality standards. 

We serve Al Rehab, Madinaty, and New Cairo. 

Our address in Al Rehab: Banks Area – Administrative Building – First Floor – Office 109

We also have a specialized department for lux finishing, with engineering supervision and professional execution, committed to quality and deadlines.",en,Madinaty,,Cairo,New Cairo,Rehab City,furnished,ready,,,,,,,,,,"Furnished, Broadband Internet, Maintenance Staff, Cleaning Services, Balcony or Terrace, Built in Kitchen Appliances, Central A/C & heating, Security Staff, Landline, Waste Disposal, مفروشة, انترنت واسع النطاق, خدمات صيانة, خدمات تنظيف, شرفة أو تراس, أجهزة مطبخ مدمجة, تدفئة وتكييف مركزي, أمن و حماية, خط أرضي, مكبّ نفايات, elevator",,,,,277.77777777777777,
503969974,https://www.bayut.eg/en/property/details-503969974.html,algolia,True,detail_html,rent,other,100000.0,monthly,EGP,0.0,0.0,200.0,"Egypt, Cairo, Maadi",City Group,False,2026-08-20,"Administrative office for rent in a prime location in Sarayat El Maadi, 200 square meters
An address befitting your company's name and reflecting its development and professionalism
With open spaces that allow for a healthy and harmonious work environment, professionally and progressively
A unique opportunity for companies in a strategic location on one of the most vibrant streets in Maadi
Area: 200 square meters - Ground floor with a private entrance and a 100-square-meter garden
Unit details:
• Large reception area - Office kitchen - 5 rooms - 3 restrooms
Features:
• Equipped with air conditioning - Advanced LED lighting and modern elevators
• Communication facilities including telephones and internet
Suitable for:
• Company offices - Medical clinics - Specialized centers - High-end administrative activity
Location: Sarayat El Maadi
A real opportunity in a unique location within one of the strongest areas for administrative activity in Maadi
• We have other spaces available:
• 200 sq m - 300 sq m - 400 m – 450 m – 500 m – 600 m
• Different prices to suit all companies",en,,,Cairo,Maadi,Maadi,,ready,,,installments,,,,,,,"Lawn or Garden, Security Staff, Electricity Meter, Water Meter, Natural Gas, Landline, Lobby in Building, Broadband Internet, Conference Room, Intercom, Maintenance Staff, CCTV Security, 24 Hours Concierge, حديقة, أمن و حماية, عداد كهرباء, عداد مياه, غاز طبيعي, خط أرضي, ردهة إستقبال, انترنت واسع النطاق, غرفة اجتماعات, اتصال داخلي, خدمات صيانة, نظام كاميرات مراقبة, حراسة 24 ساعة, elevator, garden",,,,,500.0,
503971629,https://www.bayut.eg/en/property/details-503971629.html,algolia,True,detail_html,rent,other,150000.0,monthly,EGP,0.0,0.0,350.0,"Egypt, Cairo, Maadi",EMERALD ARIABA For Real Estate,False,2026-08-20,"مسطح إداري مميز للإيجار يصلح لكبرى الشركات والمؤسسات، في برايم لوكيشن ويجمع بين التجهيز الكامل والموقع الاستراتيجي:
 350 متر رخصة إدارية مكيف بالكامل 7 غرف 3 حمامات إنترنت فايبر موقع مميز وقريب من الخدمات والمواصلات مناسب للشركات والمؤسسات التي تبحث عن مقر جاهز للعملمساحة عملية ومجهزة بالكامل وجاهزة للتشغيل فورًا",ar,,,Cairo,Maadi,Maadi,,ready,,,installments,,,,,,,,,,,,428.57142857142856,
503971530,https://www.bayut.eg/en/property/details-503971530.html,algolia,True,detail_html,rent,apartment,32000.0,monthly,EGP,2.0,2.0,89.0,"Egypt, Cairo, Madinaty",Zone Properties,False,2026-08-20,"Furnished apartment for rent in Madinaty B6

Special finishing, upscale furniture

89 sqm

2 bedrooms, 2 bathrooms

Third floor

Garden view

East-facing

Steps away from services (Mahmoud El Far, pharmacy, and mosque)

Asking price: 32,000 EGP, slightly negotiable

Zone Real Estate

We are a company specialized in real estate marketing and consulting for over 10 years. We have the experience to provide the right property for your needs in the shortest time possible. 

We have many exceptional real estate units – whether residential, commercial, administrative, or hotel. 

We operate throughout New Cairo and specialize in Madinaty, Al Rehab, and the Capital.",en,Madinaty,,Cairo,Madinaty,Madinaty,furnished,ready,,,installments,,,,,monthly,,"Distance From Airport (kms), Lawn or Garden, Gym or Health Club, Kids Play Area, Cafeteria or Canteen, المسافة من المطار (كم), حديقة, صالة رياضية أو نادي صحي, منطقة لعب للأطفال, كافيتيريا, garden",,,,True,359.55056179775283,
503971135,https://www.bayut.eg/en/property/details-503971135.html,algolia,True,detail_html,rent,apartment,65000.0,monthly,EGP,3.0,3.0,200.0,"Egypt, Cairo, New Cairo, 5th Settlement, Mivida Compound",SOUL,False,2026-08-20,"An apartment for rent @Mivida compound 
with AC’s & kitchen cabinets 
very prime location & behind clubhouse & the gate 
3 Bedroom + 3 Bathroom + reception + kitchen + storage + 2 terrace 
area : 200 Meter square 
the contract can will be 3 years 
call us for more details & viewing 
we have more than option",en,Mivida,,Cairo,New Cairo,5th Settlement,,ready,,,installments,,,,,,,"Balcony or Terrace, Built in Kitchen Appliances, Central A/C & heating, Covered parking, Security Staff, Gym or Health Club, Swimming Pool, Laundry Room, Business Center, شرفة أو تراس, أجهزة مطبخ مدمجة, تدفئة وتكييف مركزي, مواقف مغطاة للسيارات, أمن و حماية, صالة رياضية أو نادي صحي, مسبح, غرفة غسيل, مركز أعمال, clubhouse, balcony",,,,,325.0,
503969972,https://www.bayut.eg/en/property/details-503969972.html,algolia,True,detail_html,rent,apartment,55000.0,monthly,EGP,2.0,2.0,100.0,"Egypt, Cairo, Madinaty",Moataz mohamed,False,2026-08-20,"شقة مفروشة للإيجار في مدينتي – Very Prime Location
لوكيشن مميز جدًا في قلب مدينتي، على بعد خطوات من مول B15، في موقع حيوي مناسب للسكن والإقامة القصيرة والطويلة. 

تفاصيل الشقة:
المساحة: 100 م²2 غرفة نوم2 حمامالدور الثالثمفروشة بالكاملVery Prime Locationعلى بعد خطوات من مول B15مناسبة للعائلات والأجانب
أسعار الإيجار:

للإيجار اليومي:
Weekdays: 80 دولار لليلةWeekends: 90 دولار لليلةMinimum stay: ليلتان
للإيجار الشهري:
شهر واحد: 65,000 جنيه6 أشهر: 60,000 جنيه شهريًاسنة كاملة: 55,000 جنيه شهريًا
موقع مميز جدًا يجعل الشقة مناسبة لمن يبحث عن إقامة راقية بالقرب من المولات والخدمات، مع سهولة الوصول إلى مختلف المناطق داخل مدينتي. 
متاحة للعائلات والأجانب. 
للتفاصيل والحجز أو تحديد موعد للمعاينة، يرجى التواصل عبر الهاتف أو واتساب View Contact Detail
الكود : REN-SL-003",mixed,Madinaty,,Cairo,Madinaty,Madinaty,furnished,ready,,,,,,,,monthly,,"Balcony or Terrace, Electricity Meter, First Aid Medical Center, Broadband Internet, Satellite/Cable TV, 24 Hours Concierge, شرفة أو تراس, عداد كهرباء, مركز للإسعافات الأولية, انترنت واسع النطاق, كابل قنوات تلفزيونية, حراسة 24 ساعة",,,,,550.0,
503982524,https://www.bayut.eg/en/property/details-503982524.html,algolia,True,detail_html,rent,apartment,30000.0,monthly,EGP,2.0,1.0,90.0,"Egypt, Cairo, Madinaty",Rami Hossam,False,2026-08-23,"Apartment for rent in Madinaty – first-time occupancy. Available for short-term (days/months) or long-term (6 months/1 year) rental. 
First-time occupancy apartment in Madinaty. 
Zone B12. 
Area: 90 square meters. 
2 bedrooms. 
1 bathroom. 
Equipped with top-quality appliances. 
Fully air-conditioned. 
For inquiries, please call:
View Contact Detail",en,Madinaty,,Cairo,Madinaty,Madinaty,furnished,ready,,,installments,,,,,,,"First Aid Medical Center, Laundry Room, Jacuzzi, Kids Play Area, Sauna, Steam Room, Cafeteria or Canteen, Laundry Facility, Shared Kitchen, Balcony or Terrace, Built in Kitchen Appliances, Covered parking, Lawn or Garden, Gym or Health Club, Swimming Pool, Electricity Meter, Barbeque Area, Day Care Center, مركز للإسعافات الأولية, غرفة غسيل, جاكوزي, منطقة لعب للأطفال, ساونا, غرفة بخار, كافيتيريا, خدمة غسيل ملابس, مطبخ مشترك, شرفة أو تراس, أجهزة مطبخ مدمجة, مواقف مغطاة للسيارات, حديقة, صالة رياضية أو نادي صحي, مسبح, عداد كهرباء, مكان مخصص للشواء, مركز رعاية أطفال",,,,,333.3333333333333,
503972455,https://www.bayut.eg/en/property/details-503972455.html,algolia,True,detail_html,rent,apartment,28000.0,monthly,EGP,2.0,1.0,80.0,"Egypt, Cairo, Madinaty",المدينة للتسويق العقاري,False,2026-08-21,"A comfortably furnished apartment, close to amenities and malls, available for rent for various terms!

Details:
- 80 square meters, featuring two bedrooms and one bathroom. 
- Great location near amenities in B12. 
- Close to East Hub Mall and Craft Zone. 
- Custom finishes and modern, air-conditioned furnishings. 
- 4th floor with a view of the park. 
- Ready to move in immediately. 

The Price is for a yearly contract. 
For inquiries and viewings, please contact the number or WhatsApp below. 
Ahmed Hisham, Al Madina Company in East Hub.",en,Madinaty,,Cairo,Madinaty,Madinaty,furnished,ready,,,,,,,,annual,,"First Aid Medical Center, Security Staff, Natural Gas, Kids Play Area, Number of Bathrooms, View, Day Care Center, CCTV Security, Lawn or Garden, Maintenance Staff, Completion Year, Balcony or Terrace, Gym or Health Club, Electricity Meter, Water Meter, Landline, Elevators in Building, Waste Disposal, Service Elevators, Other Main Features, Furnished, Broadband Internet, Satellite/Cable TV, Intercom, Number of Bedrooms, Reception/Waiting Room, Sauna, Parking Spaces, 24 Hours Concierge, Cleaning Services, Total Floors, Nearby Hospitals, Nearby Shopping Malls, Other Nearby Places, Cafeteria or Canteen, مركز للإسعافات الأولية, أمن و حماية, غاز طبيعي, منطقة لعب للأطفال, عدد دورات المياه, مطل, مركز رعاية أطفال, نظام كاميرات مراقبة, حديقة, خدمات صيانة, سنة البناء, شرفة أو تراس, صالة رياضية أو نادي صحي, عداد كهرباء, عداد مياه, خط أرضي, مصاعد, مكبّ نفايات, خدمات المصاعد, ميزات رئيسية أخرى, مفروشة, انترنت واسع النطاق, كابل قنوات تلفزيونية, اتصال داخلي, عدد الغرف, غرفة استقبال /انتظار, ساونا, مواقف سيارات, حراسة 24 ساعة, خدمات تنظيف, عدد الطوابق, مستشفيات قريبة, مراكز تسوق قريبة, أماكن قريبة أخرى, كافيتيريا",4.0,,,,350.0,
503971612,https://www.bayut.eg/en/property/details-503971612.html,algolia,True,detail_html,rent,apartment,34999.0,monthly,EGP,0.0,1.0,88.0,"Egypt, Cairo, New Cairo, 5th Settlement, Village Gate Compound",Horizon,False,2026-08-20,"Studio for rent in Compound Village Gate Palm Hills New Cairo
Area: 88m / Fully furnished
1 Bedroom
1 Bathroom
Price : 34,999 \ LONG TERM
For more : Marwan: View Contact Detail



Village Gate New Cairo is a luxury residential project that boasts numerous features provided by Palm Hills Real Estate Company, making it a desirable residential destination. Here are some of these features:
The distinguished strategic location makes Village Gate Palm Hills Fifth Settlement close to several main roads and axes, making it easy to access. 

The green spaces and water features within the Village Gate Katameya project offer a stunning aesthetic. 
The Village Gate compound in the Fifth Settlement has smart electronic gates. 
A range of services and amenities within Village Gate New Cairo are available to meet the needs of residents. 
Palm Hills Village Gate compound in the Fifth Settlement features a 24-hour security team and surveillance cameras.",en,Palm Hills New Cairo,Palm Hills Developments,Cairo,New Cairo,5th Settlement,furnished,ready,,,,,,,,,,security,,,,,397.71590909090907,
503971051,https://www.bayut.eg/en/property/details-503971051.html,algolia,True,detail_html,rent,villa,140000.0,monthly,EGP,4.0,3.0,449.0,"Egypt, Cairo, Mokattam, Uptown Cairo",Ere Real Estate,False,2026-08-20,"UC2535
Emaar uptown cairo
first row golf
BUA 232
Land 449
4 bed room
3 bath room
Reception
Nanny's room
price rent
—————-
3 months Inadvance
2 months insurance
One month commission

About Uptown Cairo:

In the heart of Cairo - yet away from its hustle and bustle - Uptown Cairo stands as the first and only integrated development in the Centre of the capital with easy accessibility from Maddi, Heliopolis, Nasr City and West Cairo. Bringing the best of both worlds, Uptown Cairo combines suburban tranquility with city Centre convenience, thanks to Emaar Drive that connects it to almost every district in the capital. Uptown Cairo is ideally situated 200m atop Cairo beyond pollution and congestion, spoiling each home with spectacular city views. Representing the size of Zamalek, the upscale development is built on 1,500 acres that blend in the natural mountainous settings with landscaped foliage and outstanding architecture.",en,,Emaar Misr,Cairo,Mokattam,Uptown Cairo,,ready,,,,,,,,monthly,,"Landline, Furnished, Business Center, Jacuzzi, CCTV Security, Built in Kitchen Appliances, Security Staff, Gym or Health Club, Storage Areas, Barbeque Area, Double Glazed Windows, First Aid Medical Center, Satellite/Cable TV, Intercom, Balcony or Terrace, 24 Hours Concierge, Cleaning Services, Electricity Backup, Broadband Internet, Cafeteria or Canteen, Lawn or Garden, Water Meter, Central A/C & heating, Covered parking, Maids Room, Swimming Pool, Electricity Meter, Natural Gas, Day Care Center, Freehold, Kids Play Area, Sauna, Maintenance Staff, Parking Spaces, Steam Room, Study Room, Centrally Air-Conditioned, Central Heating, Conference Room, Shared Kitchen, Facilities for Disabled, Laundry Room, Waste Disposal, Laundry Facility, خط أرضي, مفروشة, مركز أعمال, جاكوزي, نظام كاميرات مراقبة, أجهزة مطبخ مدمجة, أمن و حماية, صالة رياضية أو نادي صحي, مناطق تخزين, مكان مخصص للشواء, نوافذ زجاجية مزدوجة, مركز للإسعافات الأولية, كابل قنوات تلفزيونية, اتصال داخلي, شرفة أو تراس, حراسة 24 ساعة, خدمات تنظيف, نظام كهرباء احتياطي للطوارئ, انترنت واسع النطاق, كافيتيريا, حديقة, عداد مياه, تدفئة وتكييف مركزي, مواقف مغطاة للسيارات, غرفة خدم, مسبح, عداد كهرباء, غاز طبيعي, مركز رعاية أطفال, التملك الحر, منطقة لعب للأطفال, ساونا, خدمات صيانة, مواقف سيارات, غرفة بخار, غرفة دراسة, نظام تبريد مركزي, تدفئة مركزية, غرفة اجتماعات, مطبخ مشترك, تسهيلات لأصحاب الهمم, غرفة غسيل, مكبّ نفايات, خدمة غسيل ملابس, garden",,,,,311.80400890868594,
503970703,https://www.bayut.eg/en/property/details-503970703.html,algolia,True,detail_html,rent,apartment,37000.0,monthly,EGP,2.0,1.0,99.0,"Egypt, Cairo, New Cairo, Rehab City",sky heights real estate marketing,False,2026-08-20,"SKY HEIGHTS Real Estate Investment helps you find the right property that meets your needs in the most prestigious areas and cities, with immediate availability. 

An Excellent Opportunity for Living in Rehab City

We are pleased to offer a fully furnished apartment for rent in Rehab City – Ninth Phase. 

Unit Details & Features:

Apartment Area: 99 sqm – Distinctive Layout

- 2 Bedrooms
- 1 Bathroom
- Reception
- Kitchen

Unit Features:

- Super Lux Finishing
- Hotel-Style Furniture
- Second Floor
- Elevator Available
- Prime location near Avenue Mall, Carrefour, Omar Ibn Al-Khattab Mosque, and Gate 24
- Excellent location close to all services and amenities

Rental Price:

Asking: EGP 40,000
Final Price: EGP 37,000

For Contact & Viewing:

Mr. Gerges Sameh
View Contact Detail

Sky Heights Real Estate Services

We also have residential, administrative, and commercial units available in the best projects across New Cairo and Fifth Settlement:

Rehab City • Madinaty • Mivida • Hyde Park • Palm Hills • Eastown • Villette • Mountain View • Katameya Dunes • Katameya Heights • Lake View • Swan Lake • Stone Residence • Stone Park • Fifth Square • Layan • Cairo Festival City • ZED East • Taj City • Taj Sultan • Azad • Arabella • The Waterway • El Patio • District 5 • Porto New Cairo • The Village",en,Katameya Heights,Mountain View (DMG),Cairo,New Cairo,Rehab City,furnished,ready,,,,,,,,,,"Lawn or Garden, Security Staff, Kids Play Area, Maintenance Staff, CCTV Security, 24 Hours Concierge, Cleaning Services, حديقة, أمن و حماية, منطقة لعب للأطفال, خدمات صيانة, نظام كاميرات مراقبة, حراسة 24 ساعة, خدمات تنظيف, elevator",,,,,373.73737373737373,
503638546,https://www.bayut.eg/en/property/details-503638546.html,algolia,True,detail_html,rent,apartment,45000.0,monthly,EGP,3.0,3.0,210.0,"Egypt, Cairo, New Cairo, 5th Settlement, Hyde Park New Cairo Compound",Horizon,False,2026-06-14,"Apartment for rent in Compound Hyde Park New Cairo
Area:210m
3 bedroom
3 bathroom
Kitchen & ACs
Open view
Price : 45,000
For more : Karim : View Contact Detail


Compound location:. 

_ The project is located in the heart of the Fifth Settlement on the South Ninetieth Street. 
_ It is close to the American University, the Ring Road, and Ain Sokhna Road. 

Area and design:. 

_ The project extends over an area of 1200 acres, with about 141 acres allocated to green spaces and gardens. 

_ The design focuses on blending nature with modern facilities, providing a quiet and residential environment. 

Services and facilities:. 

_ Large green spaces

_ 2 sports clubs: It contains various playgrounds and gyms. 

_ Commercial area: It includes restaurants, cafes, and international shopping stores. 

_ Jogging and cycling tracks. 

_ Swimming pool for adults and children. 

_ There are two mosques inside the compound. 

_ There is the Egyptian Post Office inside the compound. 

_ There is a golf cart: to facilitate movement inside the compound.",en,Hyde Park,,Cairo,New Cairo,5th Settlement,furnished,ready,,,,,,,,,,"pool, garden, gym",,,,,214.28571428571428,
503975064,https://www.bayut.eg/en/property/details-503975064.html,algolia,True,detail_html,rent,apartment,21000.0,monthly,EGP,2.0,2.0,145.0,"Egypt, Alexandria, Cleopatra",Inspire Homes,False,2026-08-22,"Furnished apartment for rent — 145 sqm in Cleopatra (steps from the sea) — EGP 21,000/month
Agent: Johara Hesham — View Contact Detail
2 bedrooms, including 1 master bedroom
3 reception areas
2 bathrooms
14th floor in an 18-story building
Open views from the bedrooms and reception areas
Licensed apartment, built in 2011
Rent: EGP 21,000/month
Contract terms: 1 month advance rent + 2 months’ security deposit + 1 month commission
Code: 03376
--------------
For more details about the property, contact the agent Johara Hesham:
Phone: View Contact Detail
WhatsApp: https://wa. me/View Contact Detail
Or send us your name and phone number via the page messages, and we will contact you. 
---------------
To contact the company directly :
Phone: View Contact Detail
WhatsApp: https://wa. me/View Contact Detail
Company office: Alexandria, Smouha, 14th of May Road, Al-Sayadla Towers, Building 5, 2nd Floor.",en,,,Alexandria,Cleopatra,Cleopatra,furnished,ready,,,,,,,,monthly,,"Completion Year, Electricity Meter, Water Meter, Furnished, Reception/Waiting Room, Natural Gas, Balcony or Terrace, Lobby in Building, سنة البناء, عداد كهرباء, عداد مياه, مفروشة, غرفة استقبال /انتظار, غاز طبيعي, شرفة أو تراس, ردهة إستقبال, security",14.0,,,,144.82758620689654,
503972148,https://www.bayut.eg/en/property/details-503972148.html,algolia,True,detail_html,rent,other,27000.0,monthly,EGP,0.0,0.0,195.0,"Egypt, Cairo, New Cairo, 1st Settlement",Abeer Ibrahim,False,2026-08-20,"Office 195 square meters
Ground floor
3 bedrooms, 2 bathrooms, kitchen, and reception
Hoods
Water Heaters
Backyard
Wife's Garden

Super Lux finishing
Al Yasmeen Villas

Suitable for an office, a headquarters for a major company, or a showroom

Chic entrance
Surveillance cameras
Distinctive location
Ultra Super Lux finishing

We also have more offices for rent with different areas, prices, and locations

View Contact Detail",en,,,Cairo,New Cairo,1st Settlement,super lux,ready,,,installments,,,,,,,garden,3.0,,,,138.46153846153845,
321886487,https://www.bayut.eg/تفاصيل-503988735/العقار.html,algolia,False,,rent,apartment,25000.0,monthly,EGP,3.0,2.0,131.0,"Egypt, Cairo, Madinaty, Privado",Eslam Hassan Kamel,False,2026-08-24,,,Madinaty,,Cairo,Madinaty,Privado,,ready,,,installments,,,,,,,"Completion Year, Built in Kitchen Appliances, Electricity Meter, Elevators in Building, Double Glazed Windows, Day Care Center, Waste Disposal, Business Center, Conference Room, Intercom, ATM Facility, Jacuzzi, Kids Play Area, Number of Bathrooms, Number of Bedrooms, Reception/Waiting Room, Sauna, Steam Room, Nearby Public Transport, CCTV Security, Laundry Facility, Parking Spaces, 24 Hours Concierge, Total Floors, Maids Room, Lawn or Garden, Swimming Pool, Water Meter, Natural Gas, View, Barbeque Area, Cafeteria or Canteen, Balcony or Terrace, Pets Allowed, Security Staff, Gym or Health Club, Sea view, Storage Areas, Landline, Electricity Backup, Covered parking, First Aid Medical Center, Service Elevators, Laundry Room, Broadband Internet, Satellite/Cable TV, Nearby Hospitals, Nearby Shopping Malls, Maintenance Staff, Shared Kitchen, Facilities for Disabled, Cleaning Services, سنة البناء, أجهزة مطبخ مدمجة, عداد كهرباء, مصاعد, نوافذ زجاجية مزدوجة, مركز رعاية أطفال, مكبّ نفايات, مركز أعمال, غرفة اجتماعات, اتصال داخلي, توفر أجهزة السحب الآلي, جاكوزي, منطقة لعب للأطفال, عدد دورات المياه, عدد الغرف, غرفة استقبال /انتظار, ساونا, غرفة بخار, مواصلات نقل عامة قريبة, نظام كاميرات مراقبة, خدمة غسيل ملابس, مواقف سيارات, حراسة 24 ساعة, عدد الطوابق, غرفة خدم, حديقة, مسبح, عداد مياه, غاز طبيعي, مطل, مكان مخصص للشواء, كافيتيريا, شرفة أو تراس, مسموح بالحيوانات الاليفة, أمن و حماية, صالة رياضية أو نادي صحي, يطل على البحر, مناطق تخزين, خط أرضي, نظام كهرباء احتياطي للطوارئ, مواقف مغطاة للسيارات, مركز للإسعافات الأولية, خدمات المصاعد, غرفة غسيل, انترنت واسع النطاق, كابل قنوات تلفزيونية, مستشفيات قريبة, مراكز تسوق قريبة, خدمات صيانة, مطبخ مشترك, تسهيلات لأصحاب الهمم, خدمات تنظيف, pool, garden",,,,,190.83969465648855,
503988386,https://www.bayut.eg/en/property/details-503988386.html,algolia,True,detail_html,rent,other,80000.0,monthly,EGP,0.0,0.0,300.0,"Egypt, Cairo, Nasr City, Makram Ebeid St.",Echo Real,False,2026-08-24,"Administrative office for rent

Fully furnished with air conditioners
. . . . . . . . . . . . . . . . . . . . . . . . . . . . . . . . . . . . . . . . . . . . . . . . . . . . . . . 
Main entrance on a main street
. . . . . . . . . . . . . . . . . . . . . . . . . . . . . . . . . . . . . . . . . . . . . . . . . . . . . . . 
Administrative rental contracts are suitable for extracting company papers or transferring the address of the commercial registry
. . . . . . . . . . . . . . . . . . . . . . . . . . . . . . . . . . . . . . . . . . . . . . . . . . . . . . . 
The rooms are divided into:
Firstly:
CEO
Chairman of the Board of Directors, including a section for meetings of the room
. . . . . . . . . . . . . . . . . . . . . . . . . . . . . . . . . . . . . . . . . . . . . . . . . . . . . . . 
secondly:
MANAGERS
Managers include a manager's office and a reception lounge
. . . . . . . . . . . . . . . . . . . . . . . . . . . . . . . . . . . . . . . . . . . . . . . . . . . . . . . 
Third:
EMPLOYEES
Employees and contain separate offices or work cells
. . . . . . . . . . . . . . . . . . . . . . . . . . . . . . . . . . . . . . . . . . . . . . . . . . . . . . . 
. . . . . . . . . . . . . . . . . . . . . . . . . . . . . . . . . . . . . . . . . . . . . . . . . . . . . . . 
We are distinguished by the following
Annual administrative contracts suitable for establishment or change of address
. . . . . . . . . . . . . . . . . . . . . . . . . . . . . . . . . . . . . . . . . . . . . . . . . . . . . . . 
Electronic tax invoice to prove expenses [4% value added tax added]
. . . . . . . . . . . . . . . . . . . . . . . . . . . . . . . . . . . . . . . . . . . . . . . . . . . . . . . 
Required for contracting
One month advance and two months deposit
Our office commission is for a whole month",en,,,Cairo,Nasr City,Makram Ebeid St.,furnished,ready,,,,,,,,monthly,,"Balcony or Terrace, Security Staff, Electricity Meter, Landline, Elevators in Building, Lobby in Building, Waste Disposal, Prayer Room, Broadband Internet, Business Center, Conference Room, Intercom, Number of Bedrooms, Reception/Waiting Room, Nearby Public Transport, Maintenance Staff, CCTV Security, Cafeteria or Canteen, 24 Hours Concierge, Cleaning Services, شرفة أو تراس, أمن و حماية, عداد كهرباء, خط أرضي, مصاعد, ردهة إستقبال, مكبّ نفايات, غرفة صلاة, انترنت واسع النطاق, مركز أعمال, غرفة اجتماعات, اتصال داخلي, عدد الغرف, غرفة استقبال /انتظار, مواصلات نقل عامة قريبة, خدمات صيانة, نظام كاميرات مراقبة, كافيتيريا, حراسة 24 ساعة, خدمات تنظيف",,,,,266.6666666666667,
