listing_id,url,stage,error_type,error_message,timestamp,retry_count
321236319,https://www.bayut.eg/تفاصيل-208066151/العقار.html,detail_fetch,network_error,The read operation timed out,2026-08-24T16:15:57.920966+00:00,0
321814010,https://www.bayut.eg/تفاصيل-208742377/العقار.html,detail_fetch,network_error,The read operation timed out,2026-08-24T16:15:57.859782+00:00,0
321881869,https://www.bayut.eg/تفاصيل-503985813/العقار.html,detail_fetch,network_error,<urlopen error _ssl.c:990: The handshake operation timed out>,2026-08-24T16:13:34.872397+00:00,0
321875906,https://www.bayut.eg/تفاصيل-503982245/العقار.html,detail_fetch,network_error,<urlopen error _ssl.c:990: The handshake operation timed out>,2026-08-24T16:13:33.793693+00:00,0
321875929,https://www.bayut.eg/تفاصيل-503981450/العقار.html,detail_fetch,network_error,<urlopen error _ssl.c:990: The handshake operation timed out>,2026-08-24T16:13:33.793693+00:00,0
321883727,https://www.bayut.eg/تفاصيل-503986898/العقار.html,detail_fetch,network_error,<urlopen error _ssl.c:990: The handshake operation timed out>,2026-08-24T16:13:33.793693+00:00,0
321876064,https://www.bayut.eg/تفاصيل-503982233/العقار.html,detail_fetch,network_error,<urlopen error _ssl.c:990: The handshake operation timed out>,2026-08-24T16:13:32.674650+00:00,0
321328704,https://www.bayut.eg/تفاصيل-503667666/العقار.html,detail_fetch,network_error,<urlopen error _ssl.c:990: The handshake operation timed out>,2026-08-24T16:13:26.014618+00:00,0
321336245,https://www.bayut.eg/تفاصيل-503675540/العقار.html,detail_fetch,network_error,<urlopen error _ssl.c:990: The handshake operation timed out>,2026-08-24T16:13:25.816729+00:00,0
321279486,https://www.bayut.eg/تفاصيل-503615697/العقار.html,detail_fetch,network_error,<urlopen error _ssl.c:990: The handshake operation timed out>,2026-08-24T16:13:25.816729+00:00,0
321408245,https://www.bayut.eg/تفاصيل-503748940/العقار.html,detail_fetch,network_error,<urlopen error _ssl.c:990: The handshake operation timed out>,2026-08-24T16:13:25.816729+00:00,0
321441065,https://www.bayut.eg/تفاصيل-503778062/العقار.html,detail_fetch,network_error,<urlopen error _ssl.c:990: The handshake operation timed out>,2026-08-24T16:13:25.801052+00:00,0
321884187,https://www.bayut.eg/تفاصيل-503987467/العقار.html,detail_fetch,network_error,<urlopen error [Errno 11001] getaddrinfo failed>,2026-08-24T16:13:07.770735+00:00,0
321883937,https://www.bayut.eg/تفاصيل-503987180/العقار.html,detail_fetch,network_error,<urlopen error [Errno 11001] getaddrinfo failed>,2026-08-24T16:13:07.770735+00:00,0
321884179,https://www.bayut.eg/تفاصيل-503987466/العقار.html,detail_fetch,network_error,<urlopen error [Errno 11001] getaddrinfo failed>,2026-08-24T16:13:07.770735+00:00,0
316910012,https://www.bayut.eg/تفاصيل-502763166/العقار.html,detail_fetch,network_error,<urlopen error [Errno 11001] getaddrinfo failed>,2026-08-24T16:13:07.770735+00:00,0
321856439,https://www.bayut.eg/تفاصيل-208669341/العقار.html,detail_fetch,network_error,<urlopen error [Errno 11001] getaddrinfo failed>,2026-08-24T16:13:07.770735+00:00,0
321486816,https://www.bayut.eg/تفاصيل-503828732/العقار.html,detail_fetch,network_error,<urlopen error _ssl.c:990: The handshake operation timed out>,2026-08-24T16:12:41.804094+00:00,0
321437972,https://www.bayut.eg/تفاصيل-503778244/العقار.html,detail_fetch,network_error,<urlopen error _ssl.c:990: The handshake operation timed out>,2026-08-24T16:12:41.674695+00:00,0
321491476,https://www.bayut.eg/تفاصيل-503833472/العقار.html,detail_fetch,network_error,<urlopen error _ssl.c:990: The handshake operation timed out>,2026-08-24T16:12:40.552037+00:00,0
321491687,https://www.bayut.eg/تفاصيل-503833663/العقار.html,detail_fetch,network_error,<urlopen error _ssl.c:990: The handshake operation timed out>,2026-08-24T16:12:40.535932+00:00,0
321464219,https://www.bayut.eg/تفاصيل-503805012/العقار.html,detail_fetch,network_error,<urlopen error _ssl.c:990: The handshake operation timed out>,2026-08-24T16:12:40.395851+00:00,0
321876086,https://www.bayut.eg/تفاصيل-503979245/العقار.html,detail_fetch,network_error,The read operation timed out,2026-08-24T16:11:41.291369+00:00,0
321875929,https://www.bayut.eg/تفاصيل-503981450/العقار.html,detail_fetch,network_error,The read operation timed out,2026-08-24T16:11:40.635699+00:00,0
321875906,https://www.bayut.eg/تفاصيل-503982245/العقار.html,detail_fetch,network_error,The read operation timed out,2026-08-24T16:11:40.503155+00:00,0
321876064,https://www.bayut.eg/تفاصيل-503982233/العقار.html,detail_fetch,network_error,The read operation timed out,2026-08-24T16:11:37.150846+00:00,0
321492943,https://www.bayut.eg/تفاصيل-503834690/العقار.html,detail_fetch,network_error,The read operation timed out,2026-08-24T16:11:32.431168+00:00,0
321856439,https://www.bayut.eg/تفاصيل-208669341/العقار.html,detail_fetch,network_error,The read operation timed out,2026-08-24T16:09:57.371428+00:00,0
321881869,https://www.bayut.eg/تفاصيل-503985813/العقار.html,detail_fetch,network_error,The read operation timed out,2026-08-24T16:09:57.371428+00:00,0
321883937,https://www.bayut.eg/تفاصيل-503987180/العقار.html,detail_fetch,network_error,The read operation timed out,2026-08-24T16:09:57.355392+00:00,0
316910012,https://www.bayut.eg/تفاصيل-502763166/العقار.html,detail_fetch,network_error,The read operation timed out,2026-08-24T16:09:57.339434+00:00,0
321883727,https://www.bayut.eg/تفاصيل-503986898/العقار.html,detail_fetch,network_error,The read operation timed out,2026-08-24T16:09:57.291077+00:00,0
321884187,https://www.bayut.eg/تفاصيل-503987467/العقار.html,detail_fetch,network_error,The read operation timed out,2026-08-24T16:05:43.476549+00:00,0
321884179,https://www.bayut.eg/تفاصيل-503987466/العقار.html,detail_fetch,network_error,The read operation timed out,2026-08-24T16:05:35.154237+00:00,0
321843573,https://www.bayut.eg/تفاصيل-503962045/العقار.html,detail_fetch,network_error,'ascii' codec can't encode characters in position 5-10: ordinal not in range(128),2026-08-24T16:01:39.636330+00:00,0
321843481,https://www.bayut.eg/تفاصيل-503963364/العقار.html,detail_fetch,network_error,'ascii' codec can't encode characters in position 5-10: ordinal not in range(128),2026-08-24T16:01:39.542398+00:00,0
321843528,https://www.bayut.eg/تفاصيل-503962842/العقار.html,detail_fetch,network_error,'ascii' codec can't encode characters in position 5-10: ordinal not in range(128),2026-08-24T16:01:39.542398+00:00,0
321836264,https://www.bayut.eg/تفاصيل-503966421/العقار.html,detail_fetch,network_error,'ascii' codec can't encode characters in position 5-10: ordinal not in range(128),2026-08-24T16:01:39.525878+00:00,0
309770153,https://www.bayut.eg/تفاصيل-502172605/العقار.html,detail_fetch,network_error,'ascii' codec can't encode characters in position 5-10: ordinal not in range(128),2026-08-24T16:01:39.494242+00:00,0
317214921,https://www.bayut.eg/تفاصيل-502851487/العقار.html,detail_fetch,network_error,'ascii' codec can't encode characters in position 5-10: ordinal not in range(128),2026-08-24T16:01:39.447600+00:00,0
321839510,https://www.bayut.eg/تفاصيل-503966966/العقار.html,detail_fetch,network_error,'ascii' codec can't encode characters in position 5-10: ordinal not in range(128),2026-08-24T16:01:39.351481+00:00,0
321881476,https://www.bayut.eg/تفاصيل-503985370/العقار.html,detail_fetch,network_error,'ascii' codec can't encode characters in position 5-10: ordinal not in range(128),2026-08-24T16:01:39.255614+00:00,0
321842203,https://www.bayut.eg/تفاصيل-503969051/العقار.html,detail_fetch,network_error,'ascii' codec can't encode characters in position 5-10: ordinal not in range(128),2026-08-24T16:01:39.255614+00:00,0
319978764,https://www.bayut.eg/تفاصيل-503027752/العقار.html,detail_fetch,network_error,'ascii' codec can't encode characters in position 5-10: ordinal not in range(128),2026-08-24T16:01:39.247819+00:00,0
320463082,https://www.bayut.eg/تفاصيل-503150949/العقار.html,detail_fetch,network_error,'ascii' codec can't encode characters in position 5-10: ordinal not in range(128),2026-08-24T16:01:39.224869+00:00,0
321844410,https://www.bayut.eg/تفاصيل-503971350/العقار.html,detail_fetch,network_error,'ascii' codec can't encode characters in position 5-10: ordinal not in range(128),2026-08-24T16:01:39.170382+00:00,0
321839893,https://www.bayut.eg/تفاصيل-503966265/العقار.html,detail_fetch,network_error,'ascii' codec can't encode characters in position 5-10: ordinal not in range(128),2026-08-24T16:01:39.020787+00:00,0
321842555,https://www.bayut.eg/تفاصيل-503969469/العقار.html,detail_fetch,network_error,'ascii' codec can't encode characters in position 5-10: ordinal not in range(128),2026-08-24T16:01:39.014483+00:00,0
321867179,https://www.bayut.eg/تفاصيل-503977536/العقار.html,detail_fetch,network_error,'ascii' codec can't encode characters in position 5-10: ordinal not in range(128),2026-08-24T16:01:38.981313+00:00,0
309799000,https://www.bayut.eg/تفاصيل-190003859/العقار.html,detail_fetch,network_error,'ascii' codec can't encode characters in position 5-10: ordinal not in range(128),2026-08-24T16:01:38.965586+00:00,0
321843166,https://www.bayut.eg/تفاصيل-503964061/العقار.html,detail_fetch,network_error,'ascii' codec can't encode characters in position 5-10: ordinal not in range(128),2026-08-24T16:01:38.934728+00:00,0
321843204,https://www.bayut.eg/تفاصيل-503967004/العقار.html,detail_fetch,network_error,'ascii' codec can't encode characters in position 5-10: ordinal not in range(128),2026-08-24T16:01:38.759620+00:00,0
321841209,https://www.bayut.eg/تفاصيل-503968994/العقار.html,detail_fetch,network_error,'ascii' codec can't encode characters in position 5-10: ordinal not in range(128),2026-08-24T16:01:38.743960+00:00,0
321842731,https://www.bayut.eg/تفاصيل-503969682/العقار.html,detail_fetch,network_error,'ascii' codec can't encode characters in position 5-10: ordinal not in range(128),2026-08-24T16:01:38.728112+00:00,0
320996355,https://www.bayut.eg/تفاصيل-503446378/العقار.html,detail_fetch,network_error,'ascii' codec can't encode characters in position 5-10: ordinal not in range(128),2026-08-24T16:01:38.718857+00:00,0
321840624,https://www.bayut.eg/تفاصيل-503968275/العقار.html,detail_fetch,network_error,'ascii' codec can't encode characters in position 5-10: ordinal not in range(128),2026-08-24T16:01:38.677942+00:00,0
321843486,https://www.bayut.eg/تفاصيل-503970481/العقار.html,detail_fetch,network_error,'ascii' codec can't encode characters in position 5-10: ordinal not in range(128),2026-08-24T16:01:38.576210+00:00,0
321052993,https://www.bayut.eg/تفاصيل-503461637/العقار.html,detail_fetch,network_error,'ascii' codec can't encode characters in position 5-10: ordinal not in range(128),2026-08-24T16:01:38.487943+00:00,0
321885134,https://www.bayut.eg/تفاصيل-503988386/العقار.html,detail_fetch,network_error,'ascii' codec can't encode characters in position 5-10: ordinal not in range(128),2026-08-24T16:01:38.487943+00:00,0
321847350,https://www.bayut.eg/تفاصيل-503972148/العقار.html,detail_fetch,network_error,'ascii' codec can't encode characters in position 5-10: ordinal not in range(128),2026-08-24T16:01:38.481919+00:00,0
321861117,https://www.bayut.eg/تفاصيل-503975064/العقار.html,detail_fetch,network_error,'ascii' codec can't encode characters in position 5-10: ordinal not in range(128),2026-08-24T16:01:38.424738+00:00,0
321299413,https://www.bayut.eg/تفاصيل-503638546/العقار.html,detail_fetch,network_error,'ascii' codec can't encode characters in position 5-10: ordinal not in range(128),2026-08-24T16:01:38.376360+00:00,0
321471019,https://www.bayut.eg/تفاصيل-503811853/العقار.html,detail_fetch,network_error,'ascii' codec can't encode characters in position 5-10: ordinal not in range(128),2026-08-24T16:01:38.249950+00:00,0
321839493,https://www.bayut.eg/تفاصيل-503966953/العقار.html,detail_fetch,network_error,'ascii' codec can't encode characters in position 5-10: ordinal not in range(128),2026-08-24T16:01:38.249950+00:00,0
321843722,https://www.bayut.eg/تفاصيل-503970703/العقار.html,detail_fetch,network_error,'ascii' codec can't encode characters in position 5-10: ordinal not in range(128),2026-08-24T16:01:38.185961+00:00,0
321840828,https://www.bayut.eg/تفاصيل-503968529/العقار.html,detail_fetch,network_error,'ascii' codec can't encode characters in position 5-10: ordinal not in range(128),2026-08-24T16:01:38.185961+00:00,0
321844434,https://www.bayut.eg/تفاصيل-503971051/العقار.html,detail_fetch,network_error,'ascii' codec can't encode characters in position 5-10: ordinal not in range(128),2026-08-24T16:01:38.158675+00:00,0
321845651,https://www.bayut.eg/تفاصيل-503971612/العقار.html,detail_fetch,network_error,'ascii' codec can't encode characters in position 5-10: ordinal not in range(128),2026-08-24T16:01:38.048204+00:00,0
321844173,https://www.bayut.eg/تفاصيل-503971135/العقار.html,detail_fetch,network_error,'ascii' codec can't encode characters in position 5-10: ordinal not in range(128),2026-08-24T16:01:37.973180+00:00,0
321845552,https://www.bayut.eg/تفاصيل-503971530/العقار.html,detail_fetch,network_error,'ascii' codec can't encode characters in position 5-10: ordinal not in range(128),2026-08-24T16:01:37.973180+00:00,0
321842975,https://www.bayut.eg/تفاصيل-503969972/العقار.html,detail_fetch,network_error,'ascii' codec can't encode characters in position 5-10: ordinal not in range(128),2026-08-24T16:01:37.973180+00:00,0
321845689,https://www.bayut.eg/تفاصيل-503971629/العقار.html,detail_fetch,network_error,'ascii' codec can't encode characters in position 5-10: ordinal not in range(128),2026-08-24T16:01:37.919010+00:00,0
319550232,https://www.bayut.eg/تفاصيل-502999064/العقار.html,detail_fetch,network_error,'ascii' codec can't encode characters in position 5-10: ordinal not in range(128),2026-08-24T16:01:37.855744+00:00,0
321559556,https://www.bayut.eg/تفاصيل-503868128/العقار.html,detail_fetch,network_error,'ascii' codec can't encode characters in position 5-10: ordinal not in range(128),2026-08-24T16:01:37.744751+00:00,0
321842404,https://www.bayut.eg/تفاصيل-503966183/العقار.html,detail_fetch,network_error,'ascii' codec can't encode characters in position 5-10: ordinal not in range(128),2026-08-24T16:01:37.717061+00:00,0
321840643,https://www.bayut.eg/تفاصيل-503966242/العقار.html,detail_fetch,network_error,'ascii' codec can't encode characters in position 5-10: ordinal not in range(128),2026-08-24T16:01:37.713354+00:00,0
321842507,https://www.bayut.eg/تفاصيل-503969413/العقار.html,detail_fetch,network_error,'ascii' codec can't encode characters in position 5-10: ordinal not in range(128),2026-08-24T16:01:37.685016+00:00,0
321842974,https://www.bayut.eg/تفاصيل-503969974/العقار.html,detail_fetch,network_error,'ascii' codec can't encode characters in position 5-10: ordinal not in range(128),2026-08-24T16:01:37.631248+00:00,0
321843069,https://www.bayut.eg/تفاصيل-503970073/العقار.html,detail_fetch,network_error,'ascii' codec can't encode characters in position 5-10: ordinal not in range(128),2026-08-24T16:01:37.501900+00:00,0
321843849,https://www.bayut.eg/تفاصيل-503970812/العقار.html,detail_fetch,network_error,'ascii' codec can't encode characters in position 5-10: ordinal not in range(128),2026-08-24T16:01:37.495107+00:00,0
321844325,https://www.bayut.eg/تفاصيل-503971264/العقار.html,detail_fetch,network_error,'ascii' codec can't encode characters in position 5-10: ordinal not in range(128),2026-08-24T16:01:37.472139+00:00,0
321845506,https://www.bayut.eg/تفاصيل-503971498/العقار.html,detail_fetch,network_error,'ascii' codec can't encode characters in position 5-10: ordinal not in range(128),2026-08-24T16:01:37.430516+00:00,0
321845906,https://www.bayut.eg/تفاصيل-503971789/العقار.html,detail_fetch,network_error,'ascii' codec can't encode characters in position 5-10: ordinal not in range(128),2026-08-24T16:01:37.409284+00:00,0
321845909,https://www.bayut.eg/تفاصيل-503971795/العقار.html,detail_fetch,network_error,'ascii' codec can't encode characters in position 5-10: ordinal not in range(128),2026-08-24T16:01:37.218613+00:00,0
320505199,https://www.bayut.eg/تفاصيل-503109282/العقار.html,detail_fetch,network_error,'ascii' codec can't encode characters in position 5-10: ordinal not in range(128),2026-08-24T16:01:37.218613+00:00,0
321459086,https://www.bayut.eg/تفاصيل-503799144/العقار.html,detail_fetch,network_error,'ascii' codec can't encode characters in position 5-10: ordinal not in range(128),2026-08-24T16:01:37.204731+00:00,0
321453136,https://www.bayut.eg/تفاصيل-503793129/العقار.html,detail_fetch,network_error,'ascii' codec can't encode characters in position 5-10: ordinal not in range(128),2026-08-24T16:01:37.186273+00:00,0
321840297,https://www.bayut.eg/تفاصيل-503967878/العقار.html,detail_fetch,network_error,'ascii' codec can't encode characters in position 5-10: ordinal not in range(128),2026-08-24T16:01:37.171037+00:00,0
321842505,https://www.bayut.eg/تفاصيل-503968158/العقار.html,detail_fetch,network_error,'ascii' codec can't encode characters in position 5-10: ordinal not in range(128),2026-08-24T16:01:36.946144+00:00,0
321845674,https://www.bayut.eg/تفاصيل-503968087/العقار.html,detail_fetch,network_error,'ascii' codec can't encode characters in position 5-10: ordinal not in range(128),2026-08-24T16:01:36.946144+00:00,0
321841117,https://www.bayut.eg/تفاصيل-503968876/العقار.html,detail_fetch,network_error,'ascii' codec can't encode characters in position 5-10: ordinal not in range(128),2026-08-24T16:01:36.931017+00:00,0
321842720,https://www.bayut.eg/تفاصيل-503969672/العقار.html,detail_fetch,network_error,'ascii' codec can't encode characters in position 5-10: ordinal not in range(128),2026-08-24T16:01:36.886469+00:00,0
321843199,https://www.bayut.eg/تفاصيل-503969769/العقار.html,detail_fetch,network_error,'ascii' codec can't encode characters in position 5-10: ordinal not in range(128),2026-08-24T16:01:36.866980+00:00,0
321843578,https://www.bayut.eg/تفاصيل-503970569/العقار.html,detail_fetch,network_error,'ascii' codec can't encode characters in position 5-10: ordinal not in range(128),2026-08-24T16:01:36.701787+00:00,0
321847498,https://www.bayut.eg/تفاصيل-503970646/العقار.html,detail_fetch,network_error,'ascii' codec can't encode characters in position 5-10: ordinal not in range(128),2026-08-24T16:01:36.692108+00:00,0
321843817,https://www.bayut.eg/تفاصيل-503970777/العقار.html,detail_fetch,network_error,'ascii' codec can't encode characters in position 5-10: ordinal not in range(128),2026-08-24T16:01:36.676464+00:00,0
321844032,https://www.bayut.eg/تفاصيل-503971008/العقار.html,detail_fetch,network_error,'ascii' codec can't encode characters in position 5-10: ordinal not in range(128),2026-08-24T16:01:36.660777+00:00,0
321845954,https://www.bayut.eg/تفاصيل-503971831/العقار.html,detail_fetch,network_error,'ascii' codec can't encode characters in position 5-10: ordinal not in range(128),2026-08-24T16:01:36.616594+00:00,0
321846018,https://www.bayut.eg/تفاصيل-503971873/العقار.html,detail_fetch,network_error,'ascii' codec can't encode characters in position 5-10: ordinal not in range(128),2026-08-24T16:01:36.447880+00:00,0
321845956,https://www.bayut.eg/تفاصيل-503971825/العقار.html,detail_fetch,network_error,'ascii' codec can't encode characters in position 5-10: ordinal not in range(128),2026-08-24T16:01:36.447880+00:00,0
321862952,https://www.bayut.eg/تفاصيل-503976080/العقار.html,detail_fetch,network_error,'ascii' codec can't encode characters in position 5-10: ordinal not in range(128),2026-08-24T16:01:36.428462+00:00,0
321848618,https://www.bayut.eg/تفاصيل-503972503/العقار.html,detail_fetch,network_error,'ascii' codec can't encode characters in position 5-10: ordinal not in range(128),2026-08-24T16:01:36.404920+00:00,0
321843923,https://www.bayut.eg/تفاصيل-503970894/العقار.html,detail_fetch,network_error,'ascii' codec can't encode characters in position 5-10: ordinal not in range(128),2026-08-24T16:01:36.404920+00:00,0
321875432,https://www.bayut.eg/تفاصيل-208792057/العقار.html,detail_fetch,network_error,'ascii' codec can't encode characters in position 5-10: ordinal not in range(128),2026-08-24T16:01:36.188430+00:00,0
321847505,https://www.bayut.eg/تفاصيل-503967028/العقار.html,detail_fetch,network_error,'ascii' codec can't encode characters in position 5-10: ordinal not in range(128),2026-08-24T16:01:36.188430+00:00,0
321194817,https://www.bayut.eg/تفاصيل-503535536/العقار.html,detail_fetch,network_error,'ascii' codec can't encode characters in position 5-10: ordinal not in range(128),2026-08-24T16:01:36.188430+00:00,0
321861114,https://www.bayut.eg/تفاصيل-503975052/العقار.html,detail_fetch,network_error,'ascii' codec can't encode characters in position 5-10: ordinal not in range(128),2026-08-24T16:01:36.152761+00:00,0
321869820,https://www.bayut.eg/تفاصيل-503978509/العقار.html,detail_fetch,network_error,'ascii' codec can't encode characters in position 5-10: ordinal not in range(128),2026-08-24T16:01:36.136838+00:00,0
321873983,https://www.bayut.eg/تفاصيل-503982432/العقار.html,detail_fetch,network_error,'ascii' codec can't encode characters in position 5-10: ordinal not in range(128),2026-08-24T16:01:35.949540+00:00,0
321418005,https://www.bayut.eg/تفاصيل-503758845/العقار.html,detail_fetch,network_error,'ascii' codec can't encode characters in position 5-10: ordinal not in range(128),2026-08-24T16:01:35.945397+00:00,0
321848581,https://www.bayut.eg/تفاصيل-503972455/العقار.html,detail_fetch,network_error,'ascii' codec can't encode characters in position 5-10: ordinal not in range(128),2026-08-24T16:01:35.945397+00:00,0
321852934,https://www.bayut.eg/تفاصيل-503973095/العقار.html,detail_fetch,network_error,'ascii' codec can't encode characters in position 5-10: ordinal not in range(128),2026-08-24T16:01:35.892442+00:00,0
321874102,https://www.bayut.eg/تفاصيل-503982524/العقار.html,detail_fetch,network_error,'ascii' codec can't encode characters in position 5-10: ordinal not in range(128),2026-08-24T16:01:35.867048+00:00,0
321883676,https://www.bayut.eg/تفاصيل-503986857/العقار.html,detail_fetch,network_error,'ascii' codec can't encode characters in position 5-10: ordinal not in range(128),2026-08-24T16:01:35.674230+00:00,0
272651126,https://www.bayut.eg/تفاصيل-501015618/العقار.html,detail_fetch,network_error,'ascii' codec can't encode characters in position 5-10: ordinal not in range(128),2026-08-24T16:01:35.674230+00:00,0
321875746,https://www.bayut.eg/تفاصيل-503983135/العقار.html,detail_fetch,network_error,'ascii' codec can't encode characters in position 5-10: ordinal not in range(128),2026-08-24T16:01:35.674230+00:00,0
309200106,https://www.bayut.eg/تفاصيل-501119691/العقار.html,detail_fetch,network_error,'ascii' codec can't encode characters in position 5-10: ordinal not in range(128),2026-08-24T16:01:35.639879+00:00,0
321492598,https://www.bayut.eg/تفاصيل-205219093/العقار.html,detail_fetch,network_error,'ascii' codec can't encode characters in position 5-10: ordinal not in range(128),2026-08-24T16:01:35.639879+00:00,0
313504651,https://www.bayut.eg/تفاصيل-502616237/العقار.html,detail_fetch,network_error,'ascii' codec can't encode characters in position 5-10: ordinal not in range(128),2026-08-24T16:01:35.471139+00:00,0
321850550,https://www.bayut.eg/تفاصيل-503972582/العقار.html,detail_fetch,network_error,'ascii' codec can't encode characters in position 5-10: ordinal not in range(128),2026-08-24T16:01:35.408140+00:00,0
321850601,https://www.bayut.eg/تفاصيل-503972635/العقار.html,detail_fetch,network_error,'ascii' codec can't encode characters in position 5-10: ordinal not in range(128),2026-08-24T16:01:35.408140+00:00,0
321850543,https://www.bayut.eg/تفاصيل-503972575/العقار.html,detail_fetch,network_error,'ascii' codec can't encode characters in position 5-10: ordinal not in range(128),2026-08-24T16:01:35.408140+00:00,0
321850623,https://www.bayut.eg/تفاصيل-503972659/العقار.html,detail_fetch,network_error,'ascii' codec can't encode characters in position 5-10: ordinal not in range(128),2026-08-24T16:01:35.346882+00:00,0
321850729,https://www.bayut.eg/تفاصيل-503972790/العقار.html,detail_fetch,network_error,'ascii' codec can't encode characters in position 5-10: ordinal not in range(128),2026-08-24T16:01:35.283046+00:00,0
321855266,https://www.bayut.eg/تفاصيل-503973578/العقار.html,detail_fetch,network_error,'ascii' codec can't encode characters in position 5-10: ordinal not in range(128),2026-08-24T16:01:35.186050+00:00,0
321171296,https://www.bayut.eg/تفاصيل-503509959/العقار.html,detail_fetch,network_error,'ascii' codec can't encode characters in position 5-10: ordinal not in range(128),2026-08-24T16:01:35.154147+00:00,0
321883811,https://www.bayut.eg/تفاصيل-503987030/العقار.html,detail_fetch,network_error,'ascii' codec can't encode characters in position 5-10: ordinal not in range(128),2026-08-24T16:01:35.154147+00:00,0
321261739,https://www.bayut.eg/تفاصيل-503600333/العقار.html,detail_fetch,network_error,'ascii' codec can't encode characters in position 5-10: ordinal not in range(128),2026-08-24T16:01:35.139088+00:00,0
321850582,https://www.bayut.eg/تفاصيل-503972604/العقار.html,detail_fetch,network_error,'ascii' codec can't encode characters in position 5-10: ordinal not in range(128),2026-08-24T16:01:35.090850+00:00,0
321850589,https://www.bayut.eg/تفاصيل-503972616/العقار.html,detail_fetch,network_error,'ascii' codec can't encode characters in position 5-10: ordinal not in range(128),2026-08-24T16:01:34.998691+00:00,0
321852978,https://www.bayut.eg/تفاصيل-503973137/العقار.html,detail_fetch,network_error,'ascii' codec can't encode characters in position 5-10: ordinal not in range(128),2026-08-24T16:01:34.898736+00:00,0
321883429,https://www.bayut.eg/تفاصيل-503986591/العقار.html,detail_fetch,network_error,'ascii' codec can't encode characters in position 5-10: ordinal not in range(128),2026-08-24T16:01:34.898736+00:00,0
314594230,https://www.bayut.eg/تفاصيل-502647085/العقار.html,detail_fetch,network_error,'ascii' codec can't encode characters in position 5-10: ordinal not in range(128),2026-08-24T16:01:34.880068+00:00,0
321861043,https://www.bayut.eg/تفاصيل-503974939/العقار.html,detail_fetch,network_error,'ascii' codec can't encode characters in position 5-10: ordinal not in range(128),2026-08-24T16:01:34.880068+00:00,0
321852757,https://www.bayut.eg/تفاصيل-503972952/العقار.html,detail_fetch,network_error,'ascii' codec can't encode characters in position 5-10: ordinal not in range(128),2026-08-24T16:01:34.816959+00:00,0
309852489,https://www.bayut.eg/تفاصيل-502453170/العقار.html,detail_fetch,network_error,'ascii' codec can't encode characters in position 5-10: ordinal not in range(128),2026-08-24T16:01:34.668723+00:00,0
321877213,https://www.bayut.eg/تفاصيل-503983536/العقار.html,detail_fetch,network_error,'ascii' codec can't encode characters in position 5-10: ordinal not in range(128),2026-08-24T16:01:34.667590+00:00,0
321860492,https://www.bayut.eg/تفاصيل-503974293/العقار.html,detail_fetch,network_error,'ascii' codec can't encode characters in position 5-10: ordinal not in range(128),2026-08-24T16:01:34.663571+00:00,0
321870906,https://www.bayut.eg/تفاصيل-503978466/العقار.html,detail_fetch,network_error,'ascii' codec can't encode characters in position 5-10: ordinal not in range(128),2026-08-24T16:01:34.631378+00:00,0
321818103,https://www.bayut.eg/تفاصيل-208714085/العقار.html,detail_fetch,network_error,'ascii' codec can't encode characters in position 5-10: ordinal not in range(128),2026-08-24T16:01:34.594475+00:00,0
321856559,https://www.bayut.eg/تفاصيل-503973978/العقار.html,detail_fetch,network_error,'ascii' codec can't encode characters in position 5-10: ordinal not in range(128),2026-08-24T16:01:34.412467+00:00,0
321530816,https://www.bayut.eg/تفاصيل-503849735/العقار.html,detail_fetch,network_error,'ascii' codec can't encode characters in position 5-10: ordinal not in range(128),2026-08-24T16:01:34.388437+00:00,0
321581634,https://www.bayut.eg/تفاصيل-503878616/العقار.html,detail_fetch,network_error,'ascii' codec can't encode characters in position 5-10: ordinal not in range(128),2026-08-24T16:01:34.368263+00:00,0
321859444,https://www.bayut.eg/تفاصيل-503974181/العقار.html,detail_fetch,network_error,'ascii' codec can't encode characters in position 5-10: ordinal not in range(128),2026-08-24T16:01:34.368263+00:00,0
320890587,https://www.bayut.eg/تفاصيل-204249243/العقار.html,detail_fetch,network_error,'ascii' codec can't encode characters in position 5-10: ordinal not in range(128),2026-08-24T16:01:34.338012+00:00,0
321284712,https://www.bayut.eg/تفاصيل-503623205/العقار.html,detail_fetch,network_error,'ascii' codec can't encode characters in position 5-10: ordinal not in range(128),2026-08-24T16:01:34.147315+00:00,0
321859440,https://www.bayut.eg/تفاصيل-503974177/العقار.html,detail_fetch,network_error,'ascii' codec can't encode characters in position 5-10: ordinal not in range(128),2026-08-24T16:01:34.133290+00:00,0
321309163,https://www.bayut.eg/تفاصيل-503648644/العقار.html,detail_fetch,network_error,'ascii' codec can't encode characters in position 5-10: ordinal not in range(128),2026-08-24T16:01:34.133290+00:00,0
321860471,https://www.bayut.eg/تفاصيل-503974308/العقار.html,detail_fetch,network_error,'ascii' codec can't encode characters in position 5-10: ordinal not in range(128),2026-08-24T16:01:34.098138+00:00,0
321860526,https://www.bayut.eg/تفاصيل-503974376/العقار.html,detail_fetch,network_error,'ascii' codec can't encode characters in position 5-10: ordinal not in range(128),2026-08-24T16:01:34.090347+00:00,0
321860968,https://www.bayut.eg/تفاصيل-503973959/العقار.html,detail_fetch,network_error,'ascii' codec can't encode characters in position 5-10: ordinal not in range(128),2026-08-24T16:01:33.869405+00:00,0
321860978,https://www.bayut.eg/تفاصيل-503973979/العقار.html,detail_fetch,network_error,'ascii' codec can't encode characters in position 5-10: ordinal not in range(128),2026-08-24T16:01:33.869405+00:00,0
321856578,https://www.bayut.eg/تفاصيل-503974027/العقار.html,detail_fetch,network_error,'ascii' codec can't encode characters in position 5-10: ordinal not in range(128),2026-08-24T16:01:33.853659+00:00,0
321838279,https://www.bayut.eg/تفاصيل-208762078/العقار.html,detail_fetch,network_error,'ascii' codec can't encode characters in position 5-10: ordinal not in range(128),2026-08-24T16:01:33.836562+00:00,0
321860953,https://www.bayut.eg/تفاصيل-503974905/العقار.html,detail_fetch,network_error,'ascii' codec can't encode characters in position 5-10: ordinal not in range(128),2026-08-24T16:01:33.836562+00:00,0
321862581,https://www.bayut.eg/تفاصيل-503975665/العقار.html,detail_fetch,network_error,'ascii' codec can't encode characters in position 5-10: ordinal not in range(128),2026-08-24T16:01:33.630484+00:00,0
321322100,https://www.bayut.eg/تفاصيل-503661326/العقار.html,detail_fetch,network_error,'ascii' codec can't encode characters in position 5-10: ordinal not in range(128),2026-08-24T16:01:33.594711+00:00,0
321862935,https://www.bayut.eg/تفاصيل-503976059/العقار.html,detail_fetch,network_error,'ascii' codec can't encode characters in position 5-10: ordinal not in range(128),2026-08-24T16:01:33.579298+00:00,0
321860732,https://www.bayut.eg/تفاصيل-503974630/العقار.html,detail_fetch,network_error,'ascii' codec can't encode characters in position 5-10: ordinal not in range(128),2026-08-24T16:01:33.579298+00:00,0
321332742,https://www.bayut.eg/تفاصيل-503670676/العقار.html,detail_fetch,network_error,'ascii' codec can't encode characters in position 5-10: ordinal not in range(128),2026-08-24T16:01:33.571477+00:00,0
321860887,https://www.bayut.eg/تفاصيل-503974828/العقار.html,detail_fetch,network_error,'ascii' codec can't encode characters in position 5-10: ordinal not in range(128),2026-08-24T16:01:33.440020+00:00,0
321477982,https://www.bayut.eg/تفاصيل-503819426/العقار.html,detail_fetch,network_error,'ascii' codec can't encode characters in position 5-10: ordinal not in range(128),2026-08-24T16:01:33.360595+00:00,0
321860439,https://www.bayut.eg/تفاصيل-503974269/العقار.html,detail_fetch,network_error,'ascii' codec can't encode characters in position 5-10: ordinal not in range(128),2026-08-24T16:01:33.360595+00:00,0
321861269,https://www.bayut.eg/تفاصيل-503975229/العقار.html,detail_fetch,network_error,'ascii' codec can't encode characters in position 5-10: ordinal not in range(128),2026-08-24T16:01:33.340843+00:00,0
321860884,https://www.bayut.eg/تفاصيل-503974826/العقار.html,detail_fetch,network_error,'ascii' codec can't encode characters in position 5-10: ordinal not in range(128),2026-08-24T16:01:33.309495+00:00,0
321864964,https://www.bayut.eg/تفاصيل-503977164/العقار.html,detail_fetch,network_error,'ascii' codec can't encode characters in position 5-10: ordinal not in range(128),2026-08-24T16:01:33.260409+00:00,0
321861559,https://www.bayut.eg/تفاصيل-503975566/العقار.html,detail_fetch,network_error,'ascii' codec can't encode characters in position 5-10: ordinal not in range(128),2026-08-24T16:01:33.133830+00:00,0
318587448,https://www.bayut.eg/تفاصيل-502946561/العقار.html,detail_fetch,network_error,'ascii' codec can't encode characters in position 5-10: ordinal not in range(128),2026-08-24T16:01:33.118550+00:00,0
321861437,https://www.bayut.eg/تفاصيل-503975442/العقار.html,detail_fetch,network_error,'ascii' codec can't encode characters in position 5-10: ordinal not in range(128),2026-08-24T16:01:33.118550+00:00,0
321864893,https://www.bayut.eg/تفاصيل-503977104/العقار.html,detail_fetch,network_error,'ascii' codec can't encode characters in position 5-10: ordinal not in range(128),2026-08-24T16:01:33.087756+00:00,0
321341740,https://www.bayut.eg/تفاصيل-503681157/العقار.html,detail_fetch,network_error,'ascii' codec can't encode characters in position 5-10: ordinal not in range(128),2026-08-24T16:01:33.062396+00:00,0
321430613,https://www.bayut.eg/تفاصيل-503770999/العقار.html,detail_fetch,network_error,'ascii' codec can't encode characters in position 5-10: ordinal not in range(128),2026-08-24T16:01:32.878675+00:00,0
321843378,https://www.bayut.eg/تفاصيل-208493115/العقار.html,detail_fetch,network_error,'ascii' codec can't encode characters in position 5-10: ordinal not in range(128),2026-08-24T16:01:32.878675+00:00,0
321469095,https://www.bayut.eg/تفاصيل-503810285/العقار.html,detail_fetch,network_error,'ascii' codec can't encode characters in position 5-10: ordinal not in range(128),2026-08-24T16:01:32.859244+00:00,0
317098297,https://www.bayut.eg/تفاصيل-502816754/العقار.html,detail_fetch,network_error,'ascii' codec can't encode characters in position 5-10: ordinal not in range(128),2026-08-24T16:01:32.859244+00:00,0
321863346,https://www.bayut.eg/تفاصيل-503976506/العقار.html,detail_fetch,network_error,'ascii' codec can't encode characters in position 5-10: ordinal not in range(128),2026-08-24T16:01:32.799728+00:00,0
321328894,https://www.bayut.eg/تفاصيل-503667872/العقار.html,detail_fetch,network_error,'ascii' codec can't encode characters in position 5-10: ordinal not in range(128),2026-08-24T16:01:32.621187+00:00,0
321475423,https://www.bayut.eg/تفاصيل-503816805/العقار.html,detail_fetch,network_error,'ascii' codec can't encode characters in position 5-10: ordinal not in range(128),2026-08-24T16:01:32.606845+00:00,0
321861009,https://www.bayut.eg/تفاصيل-503974948/العقار.html,detail_fetch,network_error,'ascii' codec can't encode characters in position 5-10: ordinal not in range(128),2026-08-24T16:01:32.606239+00:00,0
321390147,https://www.bayut.eg/تفاصيل-503730774/العقار.html,detail_fetch,network_error,'ascii' codec can't encode characters in position 5-10: ordinal not in range(128),2026-08-24T16:01:32.606239+00:00,0
321487216,https://www.bayut.eg/تفاصيل-503829030/العقار.html,detail_fetch,network_error,'ascii' codec can't encode characters in position 5-10: ordinal not in range(128),2026-08-24T16:01:32.590499+00:00,0
321862576,https://www.bayut.eg/تفاصيل-503975658/العقار.html,detail_fetch,network_error,'ascii' codec can't encode characters in position 5-10: ordinal not in range(128),2026-08-24T16:01:32.360518+00:00,0
321861369,https://www.bayut.eg/تفاصيل-503975380/العقار.html,detail_fetch,network_error,'ascii' codec can't encode characters in position 5-10: ordinal not in range(128),2026-08-24T16:01:32.360518+00:00,0
321863124,https://www.bayut.eg/تفاصيل-503976251/العقار.html,detail_fetch,network_error,'ascii' codec can't encode characters in position 5-10: ordinal not in range(128),2026-08-24T16:01:32.338369+00:00,0
321863236,https://www.bayut.eg/تفاصيل-503976385/العقار.html,detail_fetch,network_error,'ascii' codec can't encode characters in position 5-10: ordinal not in range(128),2026-08-24T16:01:32.304059+00:00,0
321863183,https://www.bayut.eg/تفاصيل-503976322/العقار.html,detail_fetch,network_error,'ascii' codec can't encode characters in position 5-10: ordinal not in range(128),2026-08-24T16:01:32.304059+00:00,0
321863461,https://www.bayut.eg/تفاصيل-503976618/العقار.html,detail_fetch,network_error,'ascii' codec can't encode characters in position 5-10: ordinal not in range(128),2026-08-24T16:01:32.110641+00:00,0
321864680,https://www.bayut.eg/تفاصيل-503976861/العقار.html,detail_fetch,network_error,'ascii' codec can't encode characters in position 5-10: ordinal not in range(128),2026-08-24T16:01:32.092111+00:00,0
321864974,https://www.bayut.eg/تفاصيل-503977173/العقار.html,detail_fetch,network_error,'ascii' codec can't encode characters in position 5-10: ordinal not in range(128),2026-08-24T16:01:32.092111+00:00,0
321866105,https://www.bayut.eg/تفاصيل-503977367/العقار.html,detail_fetch,network_error,'ascii' codec can't encode characters in position 5-10: ordinal not in range(128),2026-08-24T16:01:32.088422+00:00,0
321866078,https://www.bayut.eg/تفاصيل-503977358/العقار.html,detail_fetch,network_error,'ascii' codec can't encode characters in position 5-10: ordinal not in range(128),2026-08-24T16:01:32.063074+00:00,0
321442259,https://www.bayut.eg/تفاصيل-503782578/العقار.html,detail_fetch,network_error,'ascii' codec can't encode characters in position 5-10: ordinal not in range(128),2026-08-24T16:01:31.921143+00:00,0
321442283,https://www.bayut.eg/تفاصيل-503782613/العقار.html,detail_fetch,network_error,'ascii' codec can't encode characters in position 5-10: ordinal not in range(128),2026-08-24T16:01:31.834214+00:00,0
321863287,https://www.bayut.eg/تفاصيل-503976432/العقار.html,detail_fetch,network_error,'ascii' codec can't encode characters in position 5-10: ordinal not in range(128),2026-08-24T16:01:31.834214+00:00,0
321865943,https://www.bayut.eg/تفاصيل-503977230/العقار.html,detail_fetch,network_error,'ascii' codec can't encode characters in position 5-10: ordinal not in range(128),2026-08-24T16:01:31.805503+00:00,0
321862742,https://www.bayut.eg/تفاصيل-503975834/العقار.html,detail_fetch,network_error,'ascii' codec can't encode characters in position 5-10: ordinal not in range(128),2026-08-24T16:01:31.774188+00:00,0
321870450,https://www.bayut.eg/تفاصيل-503978874/العقار.html,detail_fetch,network_error,'ascii' codec can't encode characters in position 5-10: ordinal not in range(128),2026-08-24T16:01:31.742408+00:00,0
321885135,https://www.bayut.eg/تفاصيل-503988388/العقار.html,detail_fetch,network_error,'ascii' codec can't encode characters in position 5-10: ordinal not in range(128),2026-08-24T16:01:31.583731+00:00,0
321444473,https://www.bayut.eg/تفاصيل-503785078/العقار.html,detail_fetch,network_error,'ascii' codec can't encode characters in position 5-10: ordinal not in range(128),2026-08-24T16:01:31.567723+00:00,0
321740529,https://www.bayut.eg/تفاصيل-208143525/العقار.html,detail_fetch,network_error,'ascii' codec can't encode characters in position 5-10: ordinal not in range(128),2026-08-24T16:01:31.551786+00:00,0
321546869,https://www.bayut.eg/تفاصيل-503863411/العقار.html,detail_fetch,network_error,'ascii' codec can't encode characters in position 5-10: ordinal not in range(128),2026-08-24T16:01:31.551786+00:00,0
321860440,https://www.bayut.eg/تفاصيل-208780453/العقار.html,detail_fetch,network_error,'ascii' codec can't encode characters in position 5-10: ordinal not in range(128),2026-08-24T16:01:31.498720+00:00,0
321873228,https://www.bayut.eg/تفاصيل-503981611/العقار.html,detail_fetch,network_error,'ascii' codec can't encode characters in position 5-10: ordinal not in range(128),2026-08-24T16:01:31.290439+00:00,0
321884173,https://www.bayut.eg/تفاصيل-503987459/العقار.html,detail_fetch,network_error,'ascii' codec can't encode characters in position 5-10: ordinal not in range(128),2026-08-24T16:01:31.287440+00:00,0
321869686,https://www.bayut.eg/تفاصيل-503978359/العقار.html,detail_fetch,network_error,'ascii' codec can't encode characters in position 5-10: ordinal not in range(128),2026-08-24T16:01:31.254821+00:00,0
321485072,https://www.bayut.eg/تفاصيل-503826939/العقار.html,detail_fetch,network_error,'ascii' codec can't encode characters in position 5-10: ordinal not in range(128),2026-08-24T16:01:31.254821+00:00,0
321872537,https://www.bayut.eg/تفاصيل-503980528/العقار.html,detail_fetch,network_error,'ascii' codec can't encode characters in position 5-10: ordinal not in range(128),2026-08-24T16:01:31.249392+00:00,0
321483654,https://www.bayut.eg/تفاصيل-206574550/العقار.html,detail_fetch,network_error,'ascii' codec can't encode characters in position 5-10: ordinal not in range(128),2026-08-24T16:01:31.020745+00:00,0
321451121,https://www.bayut.eg/تفاصيل-500791343/العقار.html,detail_fetch,network_error,'ascii' codec can't encode characters in position 5-10: ordinal not in range(128),2026-08-24T16:01:31.020745+00:00,0
321446053,https://www.bayut.eg/تفاصيل-502886364/العقار.html,detail_fetch,network_error,'ascii' codec can't encode characters in position 5-10: ordinal not in range(128),2026-08-24T16:01:31.001262+00:00,0
321867186,https://www.bayut.eg/تفاصيل-503977541/العقار.html,detail_fetch,network_error,'ascii' codec can't encode characters in position 5-10: ordinal not in range(128),2026-08-24T16:01:30.992721+00:00,0
321850741,https://www.bayut.eg/تفاصيل-208772556/العقار.html,detail_fetch,network_error,'ascii' codec can't encode characters in position 5-10: ordinal not in range(128),2026-08-24T16:01:30.954699+00:00,0
321869750,https://www.bayut.eg/تفاصيل-503978431/العقار.html,detail_fetch,network_error,'ascii' codec can't encode characters in position 5-10: ordinal not in range(128),2026-08-24T16:01:30.747918+00:00,0
321870966,https://www.bayut.eg/تفاصيل-503979838/العقار.html,detail_fetch,network_error,'ascii' codec can't encode characters in position 5-10: ordinal not in range(128),2026-08-24T16:01:30.747918+00:00,0
321867137,https://www.bayut.eg/تفاصيل-503977498/العقار.html,detail_fetch,network_error,'ascii' codec can't encode characters in position 5-10: ordinal not in range(128),2026-08-24T16:01:30.684578+00:00,0
321331809,https://www.bayut.eg/تفاصيل-503670905/العقار.html,detail_fetch,network_error,'ascii' codec can't encode characters in position 5-10: ordinal not in range(128),2026-08-24T16:01:30.684578+00:00,0
321868158,https://www.bayut.eg/تفاصيل-503977606/العقار.html,detail_fetch,network_error,'ascii' codec can't encode characters in position 5-10: ordinal not in range(128),2026-08-24T16:01:30.638743+00:00,0
321870016,https://www.bayut.eg/تفاصيل-503978758/العقار.html,detail_fetch,network_error,'ascii' codec can't encode characters in position 5-10: ordinal not in range(128),2026-08-24T16:01:30.427184+00:00,0
321869453,https://www.bayut.eg/تفاصيل-503978087/العقار.html,detail_fetch,network_error,'ascii' codec can't encode characters in position 5-10: ordinal not in range(128),2026-08-24T16:01:30.427184+00:00,0
321869616,https://www.bayut.eg/تفاصيل-503978281/العقار.html,detail_fetch,network_error,'ascii' codec can't encode characters in position 5-10: ordinal not in range(128),2026-08-24T16:01:30.419249+00:00,0
321870188,https://www.bayut.eg/تفاصيل-503978953/العقار.html,detail_fetch,network_error,'ascii' codec can't encode characters in position 5-10: ordinal not in range(128),2026-08-24T16:01:30.419249+00:00,0
321870077,https://www.bayut.eg/تفاصيل-503978826/العقار.html,detail_fetch,network_error,'ascii' codec can't encode characters in position 5-10: ordinal not in range(128),2026-08-24T16:01:30.418258+00:00,0
321871076,https://www.bayut.eg/تفاصيل-503979971/العقار.html,detail_fetch,network_error,'ascii' codec can't encode characters in position 5-10: ordinal not in range(128),2026-08-24T16:01:30.128146+00:00,0
321872719,https://www.bayut.eg/تفاصيل-503981006/العقار.html,detail_fetch,network_error,'ascii' codec can't encode characters in position 5-10: ordinal not in range(128),2026-08-24T16:01:30.106530+00:00,0
318756829,https://www.bayut.eg/تفاصيل-502670991/العقار.html,detail_fetch,network_error,'ascii' codec can't encode characters in position 5-10: ordinal not in range(128),2026-08-24T16:01:30.089137+00:00,0
321477825,https://www.bayut.eg/تفاصيل-503819329/العقار.html,detail_fetch,network_error,'ascii' codec can't encode characters in position 5-10: ordinal not in range(128),2026-08-24T16:01:30.070648+00:00,0
321869621,https://www.bayut.eg/تفاصيل-503978288/العقار.html,detail_fetch,network_error,'ascii' codec can't encode characters in position 5-10: ordinal not in range(128),2026-08-24T16:01:30.052883+00:00,0
321870193,https://www.bayut.eg/تفاصيل-503978942/العقار.html,detail_fetch,network_error,'ascii' codec can't encode characters in position 5-10: ordinal not in range(128),2026-08-24T16:01:29.826533+00:00,0
321870310,https://www.bayut.eg/تفاصيل-503979118/العقار.html,detail_fetch,network_error,'ascii' codec can't encode characters in position 5-10: ordinal not in range(128),2026-08-24T16:01:29.826533+00:00,0
321870933,https://www.bayut.eg/تفاصيل-503979119/العقار.html,detail_fetch,network_error,'ascii' codec can't encode characters in position 5-10: ordinal not in range(128),2026-08-24T16:01:29.815594+00:00,0
321873546,https://www.bayut.eg/تفاصيل-503982030/العقار.html,detail_fetch,network_error,'ascii' codec can't encode characters in position 5-10: ordinal not in range(128),2026-08-24T16:01:29.771478+00:00,0
321872459,https://www.bayut.eg/تفاصيل-503980449/العقار.html,detail_fetch,network_error,'ascii' codec can't encode characters in position 5-10: ordinal not in range(128),2026-08-24T16:01:29.757614+00:00,0
321870741,https://www.bayut.eg/تفاصيل-503979573/العقار.html,detail_fetch,network_error,'ascii' codec can't encode characters in position 5-10: ordinal not in range(128),2026-08-24T16:01:29.535546+00:00,0
310481374,https://www.bayut.eg/تفاصيل-193694112/العقار.html,detail_fetch,network_error,'ascii' codec can't encode characters in position 5-10: ordinal not in range(128),2026-08-24T16:01:29.521378+00:00,0
321872479,https://www.bayut.eg/تفاصيل-503980470/العقار.html,detail_fetch,network_error,'ascii' codec can't encode characters in position 5-10: ordinal not in range(128),2026-08-24T16:01:29.521378+00:00,0
321870819,https://www.bayut.eg/تفاصيل-503979661/العقار.html,detail_fetch,network_error,'ascii' codec can't encode characters in position 5-10: ordinal not in range(128),2026-08-24T16:01:29.508532+00:00,0
321873662,https://www.bayut.eg/تفاصيل-503982153/العقار.html,detail_fetch,network_error,'ascii' codec can't encode characters in position 5-10: ordinal not in range(128),2026-08-24T16:01:29.508532+00:00,0
321884490,https://www.bayut.eg/تفاصيل-503986835/العقار.html,detail_fetch,network_error,'ascii' codec can't encode characters in position 5-10: ordinal not in range(128),2026-08-24T16:01:29.258228+00:00,0
321881337,https://www.bayut.eg/تفاصيل-503985182/العقار.html,detail_fetch,network_error,'ascii' codec can't encode characters in position 5-10: ordinal not in range(128),2026-08-24T16:01:29.258228+00:00,0
321757939,https://www.bayut.eg/تفاصيل-503926930/العقار.html,detail_fetch,network_error,'ascii' codec can't encode characters in position 5-10: ordinal not in range(128),2026-08-24T16:01:29.246186+00:00,0
321868165,https://www.bayut.eg/تفاصيل-503977618/العقار.html,detail_fetch,network_error,'ascii' codec can't encode characters in position 5-10: ordinal not in range(128),2026-08-24T16:01:29.237525+00:00,0
321874488,https://www.bayut.eg/تفاصيل-503982865/العقار.html,detail_fetch,network_error,'ascii' codec can't encode characters in position 5-10: ordinal not in range(128),2026-08-24T16:01:29.195788+00:00,0
321450725,https://www.bayut.eg/تفاصيل-503791514/العقار.html,detail_fetch,network_error,'ascii' codec can't encode characters in position 5-10: ordinal not in range(128),2026-08-24T16:01:28.989091+00:00,0
321873549,https://www.bayut.eg/تفاصيل-503982037/العقار.html,detail_fetch,network_error,'ascii' codec can't encode characters in position 5-10: ordinal not in range(128),2026-08-24T16:01:28.980410+00:00,0
320457809,https://www.bayut.eg/تفاصيل-503148087/العقار.html,detail_fetch,network_error,'ascii' codec can't encode characters in position 5-10: ordinal not in range(128),2026-08-24T16:01:28.980410+00:00,0
321877066,https://www.bayut.eg/تفاصيل-503983407/العقار.html,detail_fetch,network_error,'ascii' codec can't encode characters in position 5-10: ordinal not in range(128),2026-08-24T16:01:28.980410+00:00,0
320710616,https://www.bayut.eg/تفاصيل-503278764/العقار.html,detail_fetch,network_error,'ascii' codec can't encode characters in position 5-10: ordinal not in range(128),2026-08-24T16:01:28.924924+00:00,0
321196257,https://www.bayut.eg/تفاصيل-503537224/العقار.html,detail_fetch,network_error,'ascii' codec can't encode characters in position 5-10: ordinal not in range(128),2026-08-24T16:01:28.710271+00:00,0
321479249,https://www.bayut.eg/تفاصيل-503811860/العقار.html,detail_fetch,network_error,'ascii' codec can't encode characters in position 5-10: ordinal not in range(128),2026-08-24T16:01:28.710271+00:00,0
321478767,https://www.bayut.eg/تفاصيل-503609247/العقار.html,detail_fetch,network_error,'ascii' codec can't encode characters in position 5-10: ordinal not in range(128),2026-08-24T16:01:28.710271+00:00,0
321874246,https://www.bayut.eg/تفاصيل-503982646/العقار.html,detail_fetch,network_error,'ascii' codec can't encode characters in position 5-10: ordinal not in range(128),2026-08-24T16:01:28.703885+00:00,0
321872430,https://www.bayut.eg/تفاصيل-503980418/العقار.html,detail_fetch,network_error,'ascii' codec can't encode characters in position 5-10: ordinal not in range(128),2026-08-24T16:01:28.627053+00:00,0
321875948,https://www.bayut.eg/تفاصيل-503983254/العقار.html,detail_fetch,network_error,'ascii' codec can't encode characters in position 5-10: ordinal not in range(128),2026-08-24T16:01:28.446704+00:00,0
320342903,https://www.bayut.eg/تفاصيل-503078814/العقار.html,detail_fetch,network_error,'ascii' codec can't encode characters in position 5-10: ordinal not in range(128),2026-08-24T16:01:28.446337+00:00,0
321522829,https://www.bayut.eg/تفاصيل-503849501/العقار.html,detail_fetch,network_error,'ascii' codec can't encode characters in position 5-10: ordinal not in range(128),2026-08-24T16:01:28.446337+00:00,0
321873532,https://www.bayut.eg/تفاصيل-503982016/العقار.html,detail_fetch,network_error,'ascii' codec can't encode characters in position 5-10: ordinal not in range(128),2026-08-24T16:01:28.400685+00:00,0
321546910,https://www.bayut.eg/تفاصيل-503863458/العقار.html,detail_fetch,network_error,'ascii' codec can't encode characters in position 5-10: ordinal not in range(128),2026-08-24T16:01:28.390828+00:00,0
321873516,https://www.bayut.eg/تفاصيل-503981995/العقار.html,detail_fetch,network_error,'ascii' codec can't encode characters in position 5-10: ordinal not in range(128),2026-08-24T16:01:28.169264+00:00,0
321873469,https://www.bayut.eg/تفاصيل-503981926/العقار.html,detail_fetch,network_error,'ascii' codec can't encode characters in position 5-10: ordinal not in range(128),2026-08-24T16:01:28.169264+00:00,0
321876045,https://www.bayut.eg/تفاصيل-503983297/العقار.html,detail_fetch,network_error,'ascii' codec can't encode characters in position 5-10: ordinal not in range(128),2026-08-24T16:01:28.161904+00:00,0
321873800,https://www.bayut.eg/تفاصيل-503982273/العقار.html,detail_fetch,network_error,'ascii' codec can't encode characters in position 5-10: ordinal not in range(128),2026-08-24T16:01:28.161904+00:00,0
321873869,https://www.bayut.eg/تفاصيل-503982325/العقار.html,detail_fetch,network_error,'ascii' codec can't encode characters in position 5-10: ordinal not in range(128),2026-08-24T16:01:28.107357+00:00,0
321874015,https://www.bayut.eg/تفاصيل-503982459/العقار.html,detail_fetch,network_error,'ascii' codec can't encode characters in position 5-10: ordinal not in range(128),2026-08-24T16:01:27.899129+00:00,0
319224312,https://www.bayut.eg/تفاصيل-502980802/العقار.html,detail_fetch,network_error,'ascii' codec can't encode characters in position 5-10: ordinal not in range(128),2026-08-24T16:01:27.899129+00:00,0
321874413,https://www.bayut.eg/تفاصيل-503982794/العقار.html,detail_fetch,network_error,'ascii' codec can't encode characters in position 5-10: ordinal not in range(128),2026-08-24T16:01:27.899129+00:00,0
321873684,https://www.bayut.eg/تفاصيل-503982116/العقار.html,detail_fetch,network_error,'ascii' codec can't encode characters in position 5-10: ordinal not in range(128),2026-08-24T16:01:27.891790+00:00,0
320804119,https://www.bayut.eg/تفاصيل-503332988/العقار.html,detail_fetch,network_error,'ascii' codec can't encode characters in position 5-10: ordinal not in range(128),2026-08-24T16:01:27.829977+00:00,0
321877209,https://www.bayut.eg/تفاصيل-503983532/العقار.html,detail_fetch,network_error,'ascii' codec can't encode characters in position 5-10: ordinal not in range(128),2026-08-24T16:01:27.624945+00:00,0
321875509,https://www.bayut.eg/تفاصيل-503982959/العقار.html,detail_fetch,network_error,'ascii' codec can't encode characters in position 5-10: ordinal not in range(128),2026-08-24T16:01:27.624945+00:00,0
321875661,https://www.bayut.eg/تفاصيل-503983063/العقار.html,detail_fetch,network_error,'ascii' codec can't encode characters in position 5-10: ordinal not in range(128),2026-08-24T16:01:27.621291+00:00,0
321877234,https://www.bayut.eg/تفاصيل-503983555/العقار.html,detail_fetch,network_error,'ascii' codec can't encode characters in position 5-10: ordinal not in range(128),2026-08-24T16:01:27.551974+00:00,0
321024823,https://www.bayut.eg/تفاصيل-503453435/العقار.html,detail_fetch,network_error,'ascii' codec can't encode characters in position 5-10: ordinal not in range(128),2026-08-24T16:01:27.532195+00:00,0
321873858,https://www.bayut.eg/تفاصيل-503982313/العقار.html,detail_fetch,network_error,'ascii' codec can't encode characters in position 5-10: ordinal not in range(128),2026-08-24T16:01:27.350790+00:00,0
321874448,https://www.bayut.eg/تفاصيل-503982828/العقار.html,detail_fetch,network_error,'ascii' codec can't encode characters in position 5-10: ordinal not in range(128),2026-08-24T16:01:27.343903+00:00,0
321875931,https://www.bayut.eg/تفاصيل-503983241/العقار.html,detail_fetch,network_error,'ascii' codec can't encode characters in position 5-10: ordinal not in range(128),2026-08-24T16:01:27.330031+00:00,0
321876072,https://www.bayut.eg/تفاصيل-503983350/العقار.html,detail_fetch,network_error,'ascii' codec can't encode characters in position 5-10: ordinal not in range(128),2026-08-24T16:01:27.316197+00:00,0
321884760,https://www.bayut.eg/تفاصيل-503988063/العقار.html,detail_fetch,network_error,'ascii' codec can't encode characters in position 5-10: ordinal not in range(128),2026-08-24T16:01:27.260689+00:00,0
321814010,https://www.bayut.eg/تفاصيل-208742377/العقار.html,detail_fetch,network_error,'ascii' codec can't encode characters in position 5-10: ordinal not in range(128),2026-08-24T16:01:27.066556+00:00,0
313307641,https://www.bayut.eg/تفاصيل-502236712/العقار.html,detail_fetch,network_error,'ascii' codec can't encode characters in position 5-10: ordinal not in range(128),2026-08-24T16:01:27.066556+00:00,0
321482560,https://www.bayut.eg/تفاصيل-503824040/العقار.html,detail_fetch,network_error,'ascii' codec can't encode characters in position 5-10: ordinal not in range(128),2026-08-24T16:01:27.045762+00:00,0
321881156,https://www.bayut.eg/تفاصيل-503984969/العقار.html,detail_fetch,network_error,'ascii' codec can't encode characters in position 5-10: ordinal not in range(128),2026-08-24T16:01:27.031817+00:00,0
321236319,https://www.bayut.eg/تفاصيل-208066151/العقار.html,detail_fetch,network_error,'ascii' codec can't encode characters in position 5-10: ordinal not in range(128),2026-08-24T16:01:27.017895+00:00,0
321881339,https://www.bayut.eg/تفاصيل-503985188/العقار.html,detail_fetch,network_error,'ascii' codec can't encode characters in position 5-10: ordinal not in range(128),2026-08-24T16:01:26.767860+00:00,0
321883981,https://www.bayut.eg/تفاصيل-503987231/العقار.html,detail_fetch,network_error,'ascii' codec can't encode characters in position 5-10: ordinal not in range(128),2026-08-24T16:01:26.747491+00:00,0
321883624,https://www.bayut.eg/تفاصيل-503986788/العقار.html,detail_fetch,network_error,'ascii' codec can't encode characters in position 5-10: ordinal not in range(128),2026-08-24T16:01:26.747491+00:00,0
321881819,https://www.bayut.eg/تفاصيل-503985748/العقار.html,detail_fetch,network_error,'ascii' codec can't encode characters in position 5-10: ordinal not in range(128),2026-08-24T16:01:26.726630+00:00,0
321881641,https://www.bayut.eg/تفاصيل-503978706/العقار.html,detail_fetch,network_error,'ascii' codec can't encode characters in position 5-10: ordinal not in range(128),2026-08-24T16:01:26.712753+00:00,0
321880879,https://www.bayut.eg/تفاصيل-503984608/العقار.html,detail_fetch,network_error,'ascii' codec can't encode characters in position 5-10: ordinal not in range(128),2026-08-24T16:01:26.539350+00:00,0
321881403,https://www.bayut.eg/تفاصيل-503985278/العقار.html,detail_fetch,network_error,'ascii' codec can't encode characters in position 5-10: ordinal not in range(128),2026-08-24T16:01:26.469981+00:00,0
321881918,https://www.bayut.eg/تفاصيل-503985882/العقار.html,detail_fetch,network_error,'ascii' codec can't encode characters in position 5-10: ordinal not in range(128),2026-08-24T16:01:26.469981+00:00,0
321882008,https://www.bayut.eg/تفاصيل-503985989/العقار.html,detail_fetch,network_error,'ascii' codec can't encode characters in position 5-10: ordinal not in range(128),2026-08-24T16:01:26.463007+00:00,0
321882288,https://www.bayut.eg/تفاصيل-503986315/العقار.html,detail_fetch,network_error,'ascii' codec can't encode characters in position 5-10: ordinal not in range(128),2026-08-24T16:01:26.418099+00:00,0
321883293,https://www.bayut.eg/تفاصيل-503986421/العقار.html,detail_fetch,network_error,'ascii' codec can't encode characters in position 5-10: ordinal not in range(128),2026-08-24T16:01:26.352095+00:00,0
321884358,https://www.bayut.eg/تفاصيل-503987663/العقار.html,detail_fetch,network_error,'ascii' codec can't encode characters in position 5-10: ordinal not in range(128),2026-08-24T16:01:26.234181+00:00,0
321884797,https://www.bayut.eg/تفاصيل-503988097/العقار.html,detail_fetch,network_error,'ascii' codec can't encode characters in position 5-10: ordinal not in range(128),2026-08-24T16:01:26.213277+00:00,0
321787120,https://www.bayut.eg/تفاصيل-208431214/العقار.html,detail_fetch,network_error,'ascii' codec can't encode characters in position 5-10: ordinal not in range(128),2026-08-24T16:01:26.164809+00:00,0
321442790,https://www.bayut.eg/تفاصيل-208436476/العقار.html,detail_fetch,network_error,'ascii' codec can't encode characters in position 5-10: ordinal not in range(128),2026-08-24T16:01:26.164809+00:00,0
321834702,https://www.bayut.eg/تفاصيل-208758381/العقار.html,detail_fetch,network_error,'ascii' codec can't encode characters in position 5-10: ordinal not in range(128),2026-08-24T16:01:26.164809+00:00,0
321844010,https://www.bayut.eg/تفاصيل-208765558/العقار.html,detail_fetch,network_error,'ascii' codec can't encode characters in position 5-10: ordinal not in range(128),2026-08-24T16:01:26.012219+00:00,0
321850555,https://www.bayut.eg/تفاصيل-208669887/العقار.html,detail_fetch,network_error,'ascii' codec can't encode characters in position 5-10: ordinal not in range(128),2026-08-24T16:01:26.005239+00:00,0
321879381,https://www.bayut.eg/تفاصيل-503983866/العقار.html,detail_fetch,network_error,'ascii' codec can't encode characters in position 5-10: ordinal not in range(128),2026-08-24T16:01:25.908137+00:00,0
321871174,https://www.bayut.eg/تفاصيل-208790259/العقار.html,detail_fetch,network_error,'ascii' codec can't encode characters in position 5-10: ordinal not in range(128),2026-08-24T16:01:25.908137+00:00,0
321863522,https://www.bayut.eg/تفاصيل-207809418/العقار.html,detail_fetch,network_error,'ascii' codec can't encode characters in position 5-10: ordinal not in range(128),2026-08-24T16:01:25.908137+00:00,0
321880616,https://www.bayut.eg/تفاصيل-503984203/العقار.html,detail_fetch,network_error,'ascii' codec can't encode characters in position 5-10: ordinal not in range(128),2026-08-24T16:01:25.811029+00:00,0
321880591,https://www.bayut.eg/تفاصيل-503984224/العقار.html,detail_fetch,network_error,'ascii' codec can't encode characters in position 5-10: ordinal not in range(128),2026-08-24T16:01:25.776364+00:00,0
321880690,https://www.bayut.eg/تفاصيل-503984308/العقار.html,detail_fetch,network_error,'ascii' codec can't encode characters in position 5-10: ordinal not in range(128),2026-08-24T16:01:25.679273+00:00,0
321881426,https://www.bayut.eg/تفاصيل-503985312/العقار.html,detail_fetch,network_error,'ascii' codec can't encode characters in position 5-10: ordinal not in range(128),2026-08-24T16:01:25.658463+00:00,0
321881459,https://www.bayut.eg/تفاصيل-503985357/العقار.html,detail_fetch,network_error,'ascii' codec can't encode characters in position 5-10: ordinal not in range(128),2026-08-24T16:01:25.630701+00:00,0
321881892,https://www.bayut.eg/تفاصيل-503985849/العقار.html,detail_fetch,network_error,'ascii' codec can't encode characters in position 5-10: ordinal not in range(128),2026-08-24T16:01:25.595406+00:00,0
321882018,https://www.bayut.eg/تفاصيل-503986006/العقار.html,detail_fetch,network_error,'ascii' codec can't encode characters in position 5-10: ordinal not in range(128),2026-08-24T16:01:25.575189+00:00,0
321885186,https://www.bayut.eg/تفاصيل-503988452/العقار.html,detail_fetch,network_error,'ascii' codec can't encode characters in position 5-10: ordinal not in range(128),2026-08-24T16:01:25.463845+00:00,0
321884917,https://www.bayut.eg/تفاصيل-503988203/العقار.html,detail_fetch,network_error,'ascii' codec can't encode characters in position 5-10: ordinal not in range(128),2026-08-24T16:01:25.463845+00:00,0
317037681,https://www.bayut.eg/تفاصيل-502797780/العقار.html,detail_fetch,network_error,'ascii' codec can't encode characters in position 5-10: ordinal not in range(128),2026-08-24T16:01:25.369740+00:00,0
321877395,https://www.bayut.eg/تفاصيل-503983701/العقار.html,detail_fetch,network_error,'ascii' codec can't encode characters in position 5-10: ordinal not in range(128),2026-08-24T16:01:25.369740+00:00,0
320527604,https://www.bayut.eg/تفاصيل-503183108/العقار.html,detail_fetch,network_error,'ascii' codec can't encode characters in position 5-10: ordinal not in range(128),2026-08-24T16:01:25.318554+00:00,0
320690103,https://www.bayut.eg/تفاصيل-503274395/العقار.html,detail_fetch,network_error,'ascii' codec can't encode characters in position 5-10: ordinal not in range(128),2026-08-24T16:01:25.269844+00:00,0
320896589,https://www.bayut.eg/تفاصيل-503392006/العقار.html,detail_fetch,network_error,'ascii' codec can't encode characters in position 5-10: ordinal not in range(128),2026-08-24T16:01:25.242248+00:00,0
320896602,https://www.bayut.eg/تفاصيل-503392015/العقار.html,detail_fetch,network_error,'ascii' codec can't encode characters in position 5-10: ordinal not in range(128),2026-08-24T16:01:25.145051+00:00,0
321226473,https://www.bayut.eg/تفاصيل-503568351/العقار.html,detail_fetch,network_error,'ascii' codec can't encode characters in position 5-10: ordinal not in range(128),2026-08-24T16:01:25.117301+00:00,0
321279486,https://www.bayut.eg/تفاصيل-503615697/العقار.html,detail_fetch,network_error,'ascii' codec can't encode characters in position 5-10: ordinal not in range(128),2026-08-24T16:01:25.116988+00:00,0
321328704,https://www.bayut.eg/تفاصيل-503667666/العقار.html,detail_fetch,network_error,'ascii' codec can't encode characters in position 5-10: ordinal not in range(128),2026-08-24T16:01:25.068884+00:00,0
321336245,https://www.bayut.eg/تفاصيل-503675540/العقار.html,detail_fetch,network_error,'ascii' codec can't encode characters in position 5-10: ordinal not in range(128),2026-08-24T16:01:25.040141+00:00,0
321408245,https://www.bayut.eg/تفاصيل-503748940/العقار.html,detail_fetch,network_error,'ascii' codec can't encode characters in position 5-10: ordinal not in range(128),2026-08-24T16:01:24.950826+00:00,0
321441065,https://www.bayut.eg/تفاصيل-503778062/العقار.html,detail_fetch,network_error,'ascii' codec can't encode characters in position 5-10: ordinal not in range(128),2026-08-24T16:01:24.922839+00:00,0
321437972,https://www.bayut.eg/تفاصيل-503778244/العقار.html,detail_fetch,network_error,'ascii' codec can't encode characters in position 5-10: ordinal not in range(128),2026-08-24T16:01:24.856423+00:00,0
321464219,https://www.bayut.eg/تفاصيل-503805012/العقار.html,detail_fetch,network_error,'ascii' codec can't encode characters in position 5-10: ordinal not in range(128),2026-08-24T16:01:24.839855+00:00,0
321486816,https://www.bayut.eg/تفاصيل-503828732/العقار.html,detail_fetch,network_error,'ascii' codec can't encode characters in position 5-10: ordinal not in range(128),2026-08-24T16:01:24.812258+00:00,0
321491476,https://www.bayut.eg/تفاصيل-503833472/العقار.html,detail_fetch,network_error,'ascii' codec can't encode characters in position 5-10: ordinal not in range(128),2026-08-24T16:01:24.745877+00:00,0
321491687,https://www.bayut.eg/تفاصيل-503833663/العقار.html,detail_fetch,network_error,'ascii' codec can't encode characters in position 5-10: ordinal not in range(128),2026-08-24T16:01:24.708795+00:00,0
321492943,https://www.bayut.eg/تفاصيل-503834690/العقار.html,detail_fetch,network_error,'ascii' codec can't encode characters in position 5-10: ordinal not in range(128),2026-08-24T16:01:24.638807+00:00,0
321876086,https://www.bayut.eg/تفاصيل-503979245/العقار.html,detail_fetch,network_error,'ascii' codec can't encode characters in position 5-10: ordinal not in range(128),2026-08-24T16:01:24.611094+00:00,0
321875965,https://www.bayut.eg/تفاصيل-503979603/العقار.html,detail_fetch,network_error,'ascii' codec can't encode characters in position 5-10: ordinal not in range(128),2026-08-24T16:01:24.569533+00:00,0
321875929,https://www.bayut.eg/تفاصيل-503981450/العقار.html,detail_fetch,network_error,'ascii' codec can't encode characters in position 5-10: ordinal not in range(128),2026-08-24T16:01:24.507037+00:00,0
321876064,https://www.bayut.eg/تفاصيل-503982233/العقار.html,detail_fetch,network_error,'ascii' codec can't encode characters in position 5-10: ordinal not in range(128),2026-08-24T16:01:24.486289+00:00,0
321875906,https://www.bayut.eg/تفاصيل-503982245/العقار.html,detail_fetch,network_error,'ascii' codec can't encode characters in position 5-10: ordinal not in range(128),2026-08-24T16:01:24.418870+00:00,0
321873886,https://www.bayut.eg/تفاصيل-503982345/العقار.html,detail_fetch,network_error,'ascii' codec can't encode characters in position 5-10: ordinal not in range(128),2026-08-24T16:01:24.409552+00:00,0
321873936,https://www.bayut.eg/تفاصيل-503982389/العقار.html,detail_fetch,network_error,'ascii' codec can't encode characters in position 5-10: ordinal not in range(128),2026-08-24T16:01:24.361384+00:00,0
321876063,https://www.bayut.eg/تفاصيل-503982750/العقار.html,detail_fetch,network_error,'ascii' codec can't encode characters in position 5-10: ordinal not in range(128),2026-08-24T16:01:24.313391+00:00,0
321874462,https://www.bayut.eg/تفاصيل-503982840/العقار.html,detail_fetch,network_error,'ascii' codec can't encode characters in position 5-10: ordinal not in range(128),2026-08-24T16:01:24.284939+00:00,0
321875721,https://www.bayut.eg/تفاصيل-503983018/العقار.html,detail_fetch,network_error,'ascii' codec can't encode characters in position 5-10: ordinal not in range(128),2026-08-24T16:01:24.188007+00:00,0
321875663,https://www.bayut.eg/تفاصيل-503983066/العقار.html,detail_fetch,network_error,'ascii' codec can't encode characters in position 5-10: ordinal not in range(128),2026-08-24T16:01:24.167176+00:00,0
321875807,https://www.bayut.eg/تفاصيل-503983175/العقار.html,detail_fetch,network_error,'ascii' codec can't encode characters in position 5-10: ordinal not in range(128),2026-08-24T16:01:24.139346+00:00,0
321875945,https://www.bayut.eg/تفاصيل-503983249/العقار.html,detail_fetch,network_error,'ascii' codec can't encode characters in position 5-10: ordinal not in range(128),2026-08-24T16:01:24.111317+00:00,0
321876083,https://www.bayut.eg/تفاصيل-503983356/العقار.html,detail_fetch,network_error,'ascii' codec can't encode characters in position 5-10: ordinal not in range(128),2026-08-24T16:01:24.069956+00:00,0
321876137,https://www.bayut.eg/تفاصيل-503983396/العقار.html,detail_fetch,network_error,'ascii' codec can't encode characters in position 5-10: ordinal not in range(128),2026-08-24T16:01:23.924435+00:00,0
321877081,https://www.bayut.eg/تفاصيل-503983425/العقار.html,detail_fetch,network_error,'ascii' codec can't encode characters in position 5-10: ordinal not in range(128),2026-08-24T16:01:23.924435+00:00,0
321877139,https://www.bayut.eg/تفاصيل-503983461/العقار.html,detail_fetch,network_error,'ascii' codec can't encode characters in position 5-10: ordinal not in range(128),2026-08-24T16:01:23.889775+00:00,0
321877149,https://www.bayut.eg/تفاصيل-503983472/العقار.html,detail_fetch,network_error,'ascii' codec can't encode characters in position 5-10: ordinal not in range(128),2026-08-24T16:01:23.848114+00:00,0
321877136,https://www.bayut.eg/تفاصيل-503983475/العقار.html,detail_fetch,network_error,'ascii' codec can't encode characters in position 5-10: ordinal not in range(128),2026-08-24T16:01:23.827279+00:00,0
321877131,https://www.bayut.eg/تفاصيل-503983476/العقار.html,detail_fetch,network_error,'ascii' codec can't encode characters in position 5-10: ordinal not in range(128),2026-08-24T16:01:23.672446+00:00,0
321877087,https://www.bayut.eg/تفاصيل-503983427/العقار.html,detail_fetch,network_error,'ascii' codec can't encode characters in position 5-10: ordinal not in range(128),2026-08-24T16:01:23.672446+00:00,0
321880839,https://www.bayut.eg/تفاصيل-503984545/العقار.html,detail_fetch,network_error,'ascii' codec can't encode characters in position 5-10: ordinal not in range(128),2026-08-24T16:01:23.640038+00:00,0
321840288,https://www.bayut.eg/تفاصيل-503967864/العقار.html,detail_fetch,network_error,'ascii' codec can't encode characters in position 5-10: ordinal not in range(128),2026-08-24T16:01:23.582951+00:00,0
321825500,https://www.bayut.eg/تفاصيل-208748243/العقار.html,detail_fetch,network_error,'ascii' codec can't encode characters in position 5-10: ordinal not in range(128),2026-08-24T16:01:23.563745+00:00,0
321882314,https://www.bayut.eg/تفاصيل-503986345/العقار.html,detail_fetch,network_error,'ascii' codec can't encode characters in position 5-10: ordinal not in range(128),2026-08-24T16:01:23.368979+00:00,0
321879375,https://www.bayut.eg/تفاصيل-503983861/العقار.html,detail_fetch,network_error,'ascii' codec can't encode characters in position 5-10: ordinal not in range(128),2026-08-24T16:01:23.368979+00:00,0
321881712,https://www.bayut.eg/تفاصيل-503984886/العقار.html,detail_fetch,network_error,'ascii' codec can't encode characters in position 5-10: ordinal not in range(128),2026-08-24T16:01:23.362608+00:00,0
321885019,https://www.bayut.eg/تفاصيل-503988243/العقار.html,detail_fetch,network_error,'ascii' codec can't encode characters in position 5-10: ordinal not in range(128),2026-08-24T16:01:23.338598+00:00,0
321879392,https://www.bayut.eg/تفاصيل-503983873/العقار.html,detail_fetch,network_error,'ascii' codec can't encode characters in position 5-10: ordinal not in range(128),2026-08-24T16:01:23.300170+00:00,0
321863127,https://www.bayut.eg/تفاصيل-208752703/العقار.html,detail_fetch,network_error,'ascii' codec can't encode characters in position 5-10: ordinal not in range(128),2026-08-24T16:01:23.112519+00:00,0
320859432,https://www.bayut.eg/تفاصيل-503368605/العقار.html,detail_fetch,network_error,'ascii' codec can't encode characters in position 5-10: ordinal not in range(128),2026-08-24T16:01:23.105609+00:00,0
321879462,https://www.bayut.eg/تفاصيل-503983877/العقار.html,detail_fetch,network_error,'ascii' codec can't encode characters in position 5-10: ordinal not in range(128),2026-08-24T16:01:23.085142+00:00,0
316195064,https://www.bayut.eg/تفاصيل-502695054/العقار.html,detail_fetch,network_error,'ascii' codec can't encode characters in position 5-10: ordinal not in range(128),2026-08-24T16:01:23.050518+00:00,0
320134793,https://www.bayut.eg/تفاصيل-503044180/العقار.html,detail_fetch,network_error,'ascii' codec can't encode characters in position 5-10: ordinal not in range(128),2026-08-24T16:01:23.036198+00:00,0
321806985,https://www.bayut.eg/تفاصيل-208737230/العقار.html,detail_fetch,network_error,'ascii' codec can't encode characters in position 5-10: ordinal not in range(128),2026-08-24T16:01:22.877050+00:00,0
321880960,https://www.bayut.eg/تفاصيل-503984566/العقار.html,detail_fetch,network_error,'ascii' codec can't encode characters in position 5-10: ordinal not in range(128),2026-08-24T16:01:22.849322+00:00,0
321881607,https://www.bayut.eg/تفاصيل-503985520/العقار.html,detail_fetch,network_error,'ascii' codec can't encode characters in position 5-10: ordinal not in range(128),2026-08-24T16:01:22.822263+00:00,0
321261996,https://www.bayut.eg/تفاصيل-503600599/العقار.html,detail_fetch,network_error,'ascii' codec can't encode characters in position 5-10: ordinal not in range(128),2026-08-24T16:01:22.817692+00:00,0
321473385,https://www.bayut.eg/تفاصيل-503814813/العقار.html,detail_fetch,network_error,'ascii' codec can't encode characters in position 5-10: ordinal not in range(128),2026-08-24T16:01:22.783108+00:00,0
321881543,https://www.bayut.eg/تفاصيل-503985442/العقار.html,detail_fetch,network_error,'ascii' codec can't encode characters in position 5-10: ordinal not in range(128),2026-08-24T16:01:22.588921+00:00,0
321881817,https://www.bayut.eg/تفاصيل-503985747/العقار.html,detail_fetch,network_error,'ascii' codec can't encode characters in position 5-10: ordinal not in range(128),2026-08-24T16:01:22.585447+00:00,0
321881925,https://www.bayut.eg/تفاصيل-503985892/العقار.html,detail_fetch,network_error,'ascii' codec can't encode characters in position 5-10: ordinal not in range(128),2026-08-24T16:01:22.558042+00:00,0
320772597,https://www.bayut.eg/تفاصيل-503313937/العقار.html,detail_fetch,network_error,'ascii' codec can't encode characters in position 5-10: ordinal not in range(128),2026-08-24T16:01:22.532819+00:00,0
321881227,https://www.bayut.eg/تفاصيل-503985050/العقار.html,detail_fetch,network_error,'ascii' codec can't encode characters in position 5-10: ordinal not in range(128),2026-08-24T16:01:22.503078+00:00,0
321881362,https://www.bayut.eg/تفاصيل-503985203/العقار.html,detail_fetch,network_error,'ascii' codec can't encode characters in position 5-10: ordinal not in range(128),2026-08-24T16:01:22.294943+00:00,0
321881959,https://www.bayut.eg/تفاصيل-503985937/العقار.html,detail_fetch,network_error,'ascii' codec can't encode characters in position 5-10: ordinal not in range(128),2026-08-24T16:01:22.294943+00:00,0
321881473,https://www.bayut.eg/تفاصيل-503985368/العقار.html,detail_fetch,network_error,'ascii' codec can't encode characters in position 5-10: ordinal not in range(128),2026-08-24T16:01:22.292099+00:00,0
314293097,https://www.bayut.eg/تفاصيل-502638340/العقار.html,detail_fetch,network_error,'ascii' codec can't encode characters in position 5-10: ordinal not in range(128),2026-08-24T16:01:22.281978+00:00,0
316722545,https://www.bayut.eg/تفاصيل-502465566/العقار.html,detail_fetch,network_error,'ascii' codec can't encode characters in position 5-10: ordinal not in range(128),2026-08-24T16:01:22.273254+00:00,0
320340656,https://www.bayut.eg/تفاصيل-503077506/العقار.html,detail_fetch,network_error,'ascii' codec can't encode characters in position 5-10: ordinal not in range(128),2026-08-24T16:01:22.044765+00:00,0
321881869,https://www.bayut.eg/تفاصيل-503985813/العقار.html,detail_fetch,network_error,'ascii' codec can't encode characters in position 5-10: ordinal not in range(128),2026-08-24T16:01:22.037856+00:00,0
321883727,https://www.bayut.eg/تفاصيل-503986898/العقار.html,detail_fetch,network_error,'ascii' codec can't encode characters in position 5-10: ordinal not in range(128),2026-08-24T16:01:22.023957+00:00,0
321883937,https://www.bayut.eg/تفاصيل-503987180/العقار.html,detail_fetch,network_error,'ascii' codec can't encode characters in position 5-10: ordinal not in range(128),2026-08-24T16:01:21.996116+00:00,0
321856439,https://www.bayut.eg/تفاصيل-208669341/العقار.html,detail_fetch,network_error,'ascii' codec can't encode characters in position 5-10: ordinal not in range(128),2026-08-24T16:01:21.968080+00:00,0
321881416,https://www.bayut.eg/تفاصيل-503985277/العقار.html,detail_fetch,network_error,'ascii' codec can't encode characters in position 5-10: ordinal not in range(128),2026-08-24T16:01:21.774142+00:00,0
321884154,https://www.bayut.eg/تفاصيل-503987438/العقار.html,detail_fetch,network_error,'ascii' codec can't encode characters in position 5-10: ordinal not in range(128),2026-08-24T16:01:21.766929+00:00,0
316910012,https://www.bayut.eg/تفاصيل-502763166/العقار.html,detail_fetch,network_error,'ascii' codec can't encode characters in position 5-10: ordinal not in range(128),2026-08-24T16:01:21.760316+00:00,0
320822896,https://www.bayut.eg/تفاصيل-503345607/العقار.html,detail_fetch,network_error,'ascii' codec can't encode characters in position 5-10: ordinal not in range(128),2026-08-24T16:01:21.753057+00:00,0
321484585,https://www.bayut.eg/تفاصيل-503826338/العقار.html,detail_fetch,network_error,'ascii' codec can't encode characters in position 5-10: ordinal not in range(128),2026-08-24T16:01:21.746125+00:00,0
321882238,https://www.bayut.eg/تفاصيل-503971586/العقار.html,detail_fetch,network_error,'ascii' codec can't encode characters in position 5-10: ordinal not in range(128),2026-08-24T16:01:21.503794+00:00,0
321562559,https://www.bayut.eg/تفاصيل-503869801/العقار.html,detail_fetch,network_error,'ascii' codec can't encode characters in position 5-10: ordinal not in range(128),2026-08-24T16:01:21.503794+00:00,0
321882195,https://www.bayut.eg/تفاصيل-503971092/العقار.html,detail_fetch,network_error,'ascii' codec can't encode characters in position 5-10: ordinal not in range(128),2026-08-24T16:01:21.496794+00:00,0
321828737,https://www.bayut.eg/تفاصيل-208730015/العقار.html,detail_fetch,network_error,'ascii' codec can't encode characters in position 5-10: ordinal not in range(128),2026-08-24T16:01:21.468990+00:00,0
321879463,https://www.bayut.eg/تفاصيل-503983934/العقار.html,detail_fetch,network_error,'ascii' codec can't encode characters in position 5-10: ordinal not in range(128),2026-08-24T16:01:21.462094+00:00,0
321881735,https://www.bayut.eg/تفاصيل-503984107/العقار.html,detail_fetch,network_error,'ascii' codec can't encode characters in position 5-10: ordinal not in range(128),2026-08-24T16:01:21.226262+00:00,0
321881733,https://www.bayut.eg/تفاصيل-503984110/العقار.html,detail_fetch,network_error,'ascii' codec can't encode characters in position 5-10: ordinal not in range(128),2026-08-24T16:01:21.226262+00:00,0
321881730,https://www.bayut.eg/تفاصيل-503984111/العقار.html,detail_fetch,network_error,'ascii' codec can't encode characters in position 5-10: ordinal not in range(128),2026-08-24T16:01:21.226262+00:00,0
321880593,https://www.bayut.eg/تفاصيل-503984227/العقار.html,detail_fetch,network_error,'ascii' codec can't encode characters in position 5-10: ordinal not in range(128),2026-08-24T16:01:21.219949+00:00,0
321880540,https://www.bayut.eg/تفاصيل-503984116/العقار.html,detail_fetch,network_error,'ascii' codec can't encode characters in position 5-10: ordinal not in range(128),2026-08-24T16:01:21.163776+00:00,0
321880791,https://www.bayut.eg/تفاصيل-503984450/العقار.html,detail_fetch,network_error,'ascii' codec can't encode characters in position 5-10: ordinal not in range(128),2026-08-24T16:01:20.955813+00:00,0
321880982,https://www.bayut.eg/تفاصيل-503984713/العقار.html,detail_fetch,network_error,'ascii' codec can't encode characters in position 5-10: ordinal not in range(128),2026-08-24T16:01:20.955813+00:00,0
321880946,https://www.bayut.eg/تفاصيل-503984572/العقار.html,detail_fetch,network_error,'ascii' codec can't encode characters in position 5-10: ordinal not in range(128),2026-08-24T16:01:20.955813+00:00,0
321880954,https://www.bayut.eg/تفاصيل-503984692/العقار.html,detail_fetch,network_error,'ascii' codec can't encode characters in position 5-10: ordinal not in range(128),2026-08-24T16:01:20.914253+00:00,0
321881726,https://www.bayut.eg/تفاصيل-503984875/العقار.html,detail_fetch,network_error,'ascii' codec can't encode characters in position 5-10: ordinal not in range(128),2026-08-24T16:01:20.887045+00:00,0
321881718,https://www.bayut.eg/تفاصيل-503984882/العقار.html,detail_fetch,network_error,'ascii' codec can't encode characters in position 5-10: ordinal not in range(128),2026-08-24T16:01:20.671408+00:00,0
321881478,https://www.bayut.eg/تفاصيل-503984891/العقار.html,detail_fetch,network_error,'ascii' codec can't encode characters in position 5-10: ordinal not in range(128),2026-08-24T16:01:20.671408+00:00,0
321881706,https://www.bayut.eg/تفاصيل-503984893/العقار.html,detail_fetch,network_error,'ascii' codec can't encode characters in position 5-10: ordinal not in range(128),2026-08-24T16:01:20.671408+00:00,0
321881709,https://www.bayut.eg/تفاصيل-503984888/العقار.html,detail_fetch,network_error,'ascii' codec can't encode characters in position 5-10: ordinal not in range(128),2026-08-24T16:01:20.644318+00:00,0
321881703,https://www.bayut.eg/تفاصيل-503984896/العقار.html,detail_fetch,network_error,'ascii' codec can't encode characters in position 5-10: ordinal not in range(128),2026-08-24T16:01:20.610948+00:00,0
321881702,https://www.bayut.eg/تفاصيل-503984900/العقار.html,detail_fetch,network_error,'ascii' codec can't encode characters in position 5-10: ordinal not in range(128),2026-08-24T16:01:20.400541+00:00,0
321881475,https://www.bayut.eg/تفاصيل-503984905/العقار.html,detail_fetch,network_error,'ascii' codec can't encode characters in position 5-10: ordinal not in range(128),2026-08-24T16:01:20.380024+00:00,0
321881690,https://www.bayut.eg/تفاصيل-503984914/العقار.html,detail_fetch,network_error,'ascii' codec can't encode characters in position 5-10: ordinal not in range(128),2026-08-24T16:01:20.359321+00:00,0
321881471,https://www.bayut.eg/تفاصيل-503984920/العقار.html,detail_fetch,network_error,'ascii' codec can't encode characters in position 5-10: ordinal not in range(128),2026-08-24T16:01:20.345032+00:00,0
321881687,https://www.bayut.eg/تفاصيل-503984919/العقار.html,detail_fetch,network_error,'ascii' codec can't encode characters in position 5-10: ordinal not in range(128),2026-08-24T16:01:20.317273+00:00,0
321881463,https://www.bayut.eg/تفاصيل-503984928/العقار.html,detail_fetch,network_error,'ascii' codec can't encode characters in position 5-10: ordinal not in range(128),2026-08-24T16:01:20.192431+00:00,0
321881458,https://www.bayut.eg/تفاصيل-503984934/العقار.html,detail_fetch,network_error,'ascii' codec can't encode characters in position 5-10: ordinal not in range(128),2026-08-24T16:01:20.116151+00:00,0
321881445,https://www.bayut.eg/تفاصيل-503984941/العقار.html,detail_fetch,network_error,'ascii' codec can't encode characters in position 5-10: ordinal not in range(128),2026-08-24T16:01:20.116151+00:00,0
321881460,https://www.bayut.eg/تفاصيل-503984930/العقار.html,detail_fetch,network_error,'ascii' codec can't encode characters in position 5-10: ordinal not in range(128),2026-08-24T16:01:20.116151+00:00,0
321881680,https://www.bayut.eg/تفاصيل-503984962/العقار.html,detail_fetch,network_error,'ascii' codec can't encode characters in position 5-10: ordinal not in range(128),2026-08-24T16:01:20.078536+00:00,0
321881678,https://www.bayut.eg/تفاصيل-503984965/العقار.html,detail_fetch,network_error,'ascii' codec can't encode characters in position 5-10: ordinal not in range(128),2026-08-24T16:01:20.013003+00:00,0
321881670,https://www.bayut.eg/تفاصيل-503984976/العقار.html,detail_fetch,network_error,'ascii' codec can't encode characters in position 5-10: ordinal not in range(128),2026-08-24T16:01:19.880616+00:00,0
321881676,https://www.bayut.eg/تفاصيل-503984968/العقار.html,detail_fetch,network_error,'ascii' codec can't encode characters in position 5-10: ordinal not in range(128),2026-08-24T16:01:19.859466+00:00,0
321881660,https://www.bayut.eg/تفاصيل-503984988/العقار.html,detail_fetch,network_error,'ascii' codec can't encode characters in position 5-10: ordinal not in range(128),2026-08-24T16:01:19.839128+00:00,0
321881658,https://www.bayut.eg/تفاصيل-503984992/العقار.html,detail_fetch,network_error,'ascii' codec can't encode characters in position 5-10: ordinal not in range(128),2026-08-24T16:01:19.831754+00:00,0
321881655,https://www.bayut.eg/تفاصيل-503984995/العقار.html,detail_fetch,network_error,'ascii' codec can't encode characters in position 5-10: ordinal not in range(128),2026-08-24T16:01:19.790557+00:00,0
321881588,https://www.bayut.eg/تفاصيل-503985500/العقار.html,detail_fetch,network_error,'ascii' codec can't encode characters in position 5-10: ordinal not in range(128),2026-08-24T16:01:19.637897+00:00,0
321881643,https://www.bayut.eg/تفاصيل-503985564/العقار.html,detail_fetch,network_error,'ascii' codec can't encode characters in position 5-10: ordinal not in range(128),2026-08-24T16:01:19.603242+00:00,0
321881876,https://www.bayut.eg/تفاصيل-503985659/العقار.html,detail_fetch,network_error,'ascii' codec can't encode characters in position 5-10: ordinal not in range(128),2026-08-24T16:01:19.603242+00:00,0
321881895,https://www.bayut.eg/تفاصيل-503985846/العقار.html,detail_fetch,network_error,'ascii' codec can't encode characters in position 5-10: ordinal not in range(128),2026-08-24T16:01:19.597769+00:00,0
321881908,https://www.bayut.eg/تفاصيل-503985869/العقار.html,detail_fetch,network_error,'ascii' codec can't encode characters in position 5-10: ordinal not in range(128),2026-08-24T16:01:19.554639+00:00,0
321881941,https://www.bayut.eg/تفاصيل-503985910/العقار.html,detail_fetch,network_error,'ascii' codec can't encode characters in position 5-10: ordinal not in range(128),2026-08-24T16:01:19.450247+00:00,0
321882017,https://www.bayut.eg/تفاصيل-503986003/العقار.html,detail_fetch,network_error,'ascii' codec can't encode characters in position 5-10: ordinal not in range(128),2026-08-24T16:01:19.346614+00:00,0
321882060,https://www.bayut.eg/تفاصيل-503986065/العقار.html,detail_fetch,network_error,'ascii' codec can't encode characters in position 5-10: ordinal not in range(128),2026-08-24T16:01:19.339710+00:00,0
321883276,https://www.bayut.eg/تفاصيل-503986394/العقار.html,detail_fetch,network_error,'ascii' codec can't encode characters in position 5-10: ordinal not in range(128),2026-08-24T16:01:19.325444+00:00,0
321883296,https://www.bayut.eg/تفاصيل-503986428/العقار.html,detail_fetch,network_error,'ascii' codec can't encode characters in position 5-10: ordinal not in range(128),2026-08-24T16:01:19.304658+00:00,0
321884355,https://www.bayut.eg/تفاصيل-503986618/العقار.html,detail_fetch,network_error,'ascii' codec can't encode characters in position 5-10: ordinal not in range(128),2026-08-24T16:01:19.242213+00:00,0
321883562,https://www.bayut.eg/تفاصيل-503986679/العقار.html,detail_fetch,network_error,'ascii' codec can't encode characters in position 5-10: ordinal not in range(128),2026-08-24T16:01:19.090064+00:00,0
321883607,https://www.bayut.eg/تفاصيل-503986770/العقار.html,detail_fetch,network_error,'ascii' codec can't encode characters in position 5-10: ordinal not in range(128),2026-08-24T16:01:19.083615+00:00,0
321883766,https://www.bayut.eg/تفاصيل-503986953/العقار.html,detail_fetch,network_error,'ascii' codec can't encode characters in position 5-10: ordinal not in range(128),2026-08-24T16:01:19.068795+00:00,0
321883717,https://www.bayut.eg/تفاصيل-503986905/العقار.html,detail_fetch,network_error,'ascii' codec can't encode characters in position 5-10: ordinal not in range(128),2026-08-24T16:01:19.068795+00:00,0
321883920,https://www.bayut.eg/تفاصيل-503987036/العقار.html,detail_fetch,network_error,'ascii' codec can't encode characters in position 5-10: ordinal not in range(128),2026-08-24T16:01:19.020573+00:00,0
321884180,https://www.bayut.eg/تفاصيل-503987465/العقار.html,detail_fetch,network_error,'ascii' codec can't encode characters in position 5-10: ordinal not in range(128),2026-08-24T16:01:18.826077+00:00,0
321884029,https://www.bayut.eg/تفاصيل-503987245/العقار.html,detail_fetch,network_error,'ascii' codec can't encode characters in position 5-10: ordinal not in range(128),2026-08-24T16:01:18.826077+00:00,0
321884072,https://www.bayut.eg/تفاصيل-503987348/العقار.html,detail_fetch,network_error,'ascii' codec can't encode characters in position 5-10: ordinal not in range(128),2026-08-24T16:01:18.802099+00:00,0
321884249,https://www.bayut.eg/تفاصيل-503987531/العقار.html,detail_fetch,network_error,'ascii' codec can't encode characters in position 5-10: ordinal not in range(128),2026-08-24T16:01:18.791361+00:00,0
321884418,https://www.bayut.eg/تفاصيل-503987722/العقار.html,detail_fetch,network_error,'ascii' codec can't encode characters in position 5-10: ordinal not in range(128),2026-08-24T16:01:18.756643+00:00,0
321884492,https://www.bayut.eg/تفاصيل-503987791/العقار.html,detail_fetch,network_error,'ascii' codec can't encode characters in position 5-10: ordinal not in range(128),2026-08-24T16:01:18.580187+00:00,0
316976963,https://www.bayut.eg/تفاصيل-501889268/العقار.html,detail_fetch,network_error,'ascii' codec can't encode characters in position 5-10: ordinal not in range(128),2026-08-24T16:01:18.580187+00:00,0
320412736,https://www.bayut.eg/تفاصيل-503121312/العقار.html,detail_fetch,network_error,'ascii' codec can't encode characters in position 5-10: ordinal not in range(128),2026-08-24T16:01:18.563504+00:00,0
320467773,https://www.bayut.eg/تفاصيل-503154156/العقار.html,detail_fetch,network_error,'ascii' codec can't encode characters in position 5-10: ordinal not in range(128),2026-08-24T16:01:18.556110+00:00,0
320490685,https://www.bayut.eg/تفاصيل-503166700/العقار.html,detail_fetch,network_error,'ascii' codec can't encode characters in position 5-10: ordinal not in range(128),2026-08-24T16:01:18.485939+00:00,0
320497621,https://www.bayut.eg/تفاصيل-503170799/العقار.html,detail_fetch,network_error,'ascii' codec can't encode characters in position 5-10: ordinal not in range(128),2026-08-24T16:01:18.313684+00:00,0
320761972,https://www.bayut.eg/تفاصيل-503293563/العقار.html,detail_fetch,network_error,'ascii' codec can't encode characters in position 5-10: ordinal not in range(128),2026-08-24T16:01:18.299225+00:00,0
321191105,https://www.bayut.eg/تفاصيل-503531631/العقار.html,detail_fetch,network_error,'ascii' codec can't encode characters in position 5-10: ordinal not in range(128),2026-08-24T16:01:18.290410+00:00,0
321180525,https://www.bayut.eg/تفاصيل-503519893/العقار.html,detail_fetch,network_error,'ascii' codec can't encode characters in position 5-10: ordinal not in range(128),2026-08-24T16:01:18.290410+00:00,0
321228063,https://www.bayut.eg/تفاصيل-503569781/العقار.html,detail_fetch,network_error,'ascii' codec can't encode characters in position 5-10: ordinal not in range(128),2026-08-24T16:01:18.243770+00:00,0
321292022,https://www.bayut.eg/تفاصيل-503630818/العقار.html,detail_fetch,network_error,'ascii' codec can't encode characters in position 5-10: ordinal not in range(128),2026-08-24T16:01:18.063203+00:00,0
321804845,https://www.bayut.eg/تفاصيل-208734780/العقار.html,detail_fetch,network_error,'ascii' codec can't encode characters in position 5-10: ordinal not in range(128),2026-08-24T16:01:18.051139+00:00,0
321477575,https://www.bayut.eg/تفاصيل-503819036/العقار.html,detail_fetch,network_error,'ascii' codec can't encode characters in position 5-10: ordinal not in range(128),2026-08-24T16:01:18.035463+00:00,0
321478256,https://www.bayut.eg/تفاصيل-503819819/العقار.html,detail_fetch,network_error,'ascii' codec can't encode characters in position 5-10: ordinal not in range(128),2026-08-24T16:01:18.008247+00:00,0
321840383,https://www.bayut.eg/تفاصيل-503967966/العقار.html,detail_fetch,network_error,'ascii' codec can't encode characters in position 5-10: ordinal not in range(128),2026-08-24T16:01:17.983554+00:00,0
321880706,https://www.bayut.eg/تفاصيل-503974864/العقار.html,detail_fetch,network_error,'ascii' codec can't encode characters in position 5-10: ordinal not in range(128),2026-08-24T16:01:17.805877+00:00,0
321880642,https://www.bayut.eg/تفاصيل-503979349/العقار.html,detail_fetch,network_error,'ascii' codec can't encode characters in position 5-10: ordinal not in range(128),2026-08-24T16:01:17.779066+00:00,0
321880607,https://www.bayut.eg/تفاصيل-503984245/العقار.html,detail_fetch,network_error,'ascii' codec can't encode characters in position 5-10: ordinal not in range(128),2026-08-24T16:01:17.779066+00:00,0
321880640,https://www.bayut.eg/تفاصيل-503984296/العقار.html,detail_fetch,network_error,'ascii' codec can't encode characters in position 5-10: ordinal not in range(128),2026-08-24T16:01:17.779066+00:00,0
321880751,https://www.bayut.eg/تفاصيل-503984431/العقار.html,detail_fetch,network_error,'ascii' codec can't encode characters in position 5-10: ordinal not in range(128),2026-08-24T16:01:17.739245+00:00,0
321880814,https://www.bayut.eg/تفاصيل-503984512/العقار.html,detail_fetch,network_error,'ascii' codec can't encode characters in position 5-10: ordinal not in range(128),2026-08-24T16:01:17.545770+00:00,0
321880804,https://www.bayut.eg/تفاصيل-503984500/العقار.html,detail_fetch,network_error,'ascii' codec can't encode characters in position 5-10: ordinal not in range(128),2026-08-24T16:01:17.545770+00:00,0
321881070,https://www.bayut.eg/تفاصيل-503984803/العقار.html,detail_fetch,network_error,'ascii' codec can't encode characters in position 5-10: ordinal not in range(128),2026-08-24T16:01:17.520993+00:00,0
321881699,https://www.bayut.eg/تفاصيل-503984903/العقار.html,detail_fetch,network_error,'ascii' codec can't encode characters in position 5-10: ordinal not in range(128),2026-08-24T16:01:17.487493+00:00,0
321883669,https://www.bayut.eg/تفاصيل-503984908/العقار.html,detail_fetch,network_error,'ascii' codec can't encode characters in position 5-10: ordinal not in range(128),2026-08-24T16:01:17.459797+00:00,0
321881450,https://www.bayut.eg/تفاصيل-503985347/العقار.html,detail_fetch,network_error,'ascii' codec can't encode characters in position 5-10: ordinal not in range(128),2026-08-24T16:01:17.264427+00:00,0
321881371,https://www.bayut.eg/تفاصيل-503985139/العقار.html,detail_fetch,network_error,'ascii' codec can't encode characters in position 5-10: ordinal not in range(128),2026-08-24T16:01:17.264427+00:00,0
321881565,https://www.bayut.eg/تفاصيل-503985431/العقار.html,detail_fetch,network_error,'ascii' codec can't encode characters in position 5-10: ordinal not in range(128),2026-08-24T16:01:17.264427+00:00,0
321881585,https://www.bayut.eg/تفاصيل-503985495/العقار.html,detail_fetch,network_error,'ascii' codec can't encode characters in position 5-10: ordinal not in range(128),2026-08-24T16:01:17.232816+00:00,0
321881611,https://www.bayut.eg/تفاصيل-503985525/العقار.html,detail_fetch,network_error,'ascii' codec can't encode characters in position 5-10: ordinal not in range(128),2026-08-24T16:01:17.190797+00:00,0
321881743,https://www.bayut.eg/تفاصيل-503985667/العقار.html,detail_fetch,network_error,'ascii' codec can't encode characters in position 5-10: ordinal not in range(128),2026-08-24T16:01:17.021168+00:00,0
321881653,https://www.bayut.eg/تفاصيل-503985579/العقار.html,detail_fetch,network_error,'ascii' codec can't encode characters in position 5-10: ordinal not in range(128),2026-08-24T16:01:17.021168+00:00,0
321881744,https://www.bayut.eg/تفاصيل-503985669/العقار.html,detail_fetch,network_error,'ascii' codec can't encode characters in position 5-10: ordinal not in range(128),2026-08-24T16:01:17.003975+00:00,0
321881772,https://www.bayut.eg/تفاصيل-503985697/العقار.html,detail_fetch,network_error,'ascii' codec can't encode characters in position 5-10: ordinal not in range(128),2026-08-24T16:01:16.968460+00:00,0
321881800,https://www.bayut.eg/تفاصيل-503985733/العقار.html,detail_fetch,network_error,'ascii' codec can't encode characters in position 5-10: ordinal not in range(128),2026-08-24T16:01:16.944948+00:00,0
321881851,https://www.bayut.eg/تفاصيل-503985794/العقار.html,detail_fetch,network_error,'ascii' codec can't encode characters in position 5-10: ordinal not in range(128),2026-08-24T16:01:16.773602+00:00,0
321882055,https://www.bayut.eg/تفاصيل-503986060/العقار.html,detail_fetch,network_error,'ascii' codec can't encode characters in position 5-10: ordinal not in range(128),2026-08-24T16:01:16.773602+00:00,0
321881850,https://www.bayut.eg/تفاصيل-503985790/العقار.html,detail_fetch,network_error,'ascii' codec can't encode characters in position 5-10: ordinal not in range(128),2026-08-24T16:01:16.763146+00:00,0
321881854,https://www.bayut.eg/تفاصيل-503985795/العقار.html,detail_fetch,network_error,'ascii' codec can't encode characters in position 5-10: ordinal not in range(128),2026-08-24T16:01:16.747316+00:00,0
321883261,https://www.bayut.eg/تفاصيل-503986125/العقار.html,detail_fetch,network_error,'ascii' codec can't encode characters in position 5-10: ordinal not in range(128),2026-08-24T16:01:16.703723+00:00,0
321882127,https://www.bayut.eg/تفاصيل-503986155/العقار.html,detail_fetch,network_error,'ascii' codec can't encode characters in position 5-10: ordinal not in range(128),2026-08-24T16:01:16.505882+00:00,0
321882341,https://www.bayut.eg/تفاصيل-503986374/العقار.html,detail_fetch,network_error,'ascii' codec can't encode characters in position 5-10: ordinal not in range(128),2026-08-24T16:01:16.480399+00:00,0
321882285,https://www.bayut.eg/تفاصيل-503986275/العقار.html,detail_fetch,network_error,'ascii' codec can't encode characters in position 5-10: ordinal not in range(128),2026-08-24T16:01:16.480399+00:00,0
321882309,https://www.bayut.eg/تفاصيل-503986339/العقار.html,detail_fetch,network_error,'ascii' codec can't encode characters in position 5-10: ordinal not in range(128),2026-08-24T16:01:16.480399+00:00,0
321883262,https://www.bayut.eg/تفاصيل-503986387/العقار.html,detail_fetch,network_error,'ascii' codec can't encode characters in position 5-10: ordinal not in range(128),2026-08-24T16:01:16.448914+00:00,0
321883311,https://www.bayut.eg/تفاصيل-503986452/العقار.html,detail_fetch,network_error,'ascii' codec can't encode characters in position 5-10: ordinal not in range(128),2026-08-24T16:01:16.232249+00:00,0
321883434,https://www.bayut.eg/تفاصيل-503986499/العقار.html,detail_fetch,network_error,'ascii' codec can't encode characters in position 5-10: ordinal not in range(128),2026-08-24T16:01:16.232249+00:00,0
321883411,https://www.bayut.eg/تفاصيل-503986509/العقار.html,detail_fetch,network_error,'ascii' codec can't encode characters in position 5-10: ordinal not in range(128),2026-08-24T16:01:16.206895+00:00,0
321883416,https://www.bayut.eg/تفاصيل-503986572/العقار.html,detail_fetch,network_error,'ascii' codec can't encode characters in position 5-10: ordinal not in range(128),2026-08-24T16:01:16.206895+00:00,0
321883384,https://www.bayut.eg/تفاصيل-503986539/العقار.html,detail_fetch,network_error,'ascii' codec can't encode characters in position 5-10: ordinal not in range(128),2026-08-24T16:01:16.175464+00:00,0
321883587,https://www.bayut.eg/تفاصيل-503986749/العقار.html,detail_fetch,network_error,'ascii' codec can't encode characters in position 5-10: ordinal not in range(128),2026-08-24T16:01:15.953148+00:00,0
321883568,https://www.bayut.eg/تفاصيل-503986725/العقار.html,detail_fetch,network_error,'ascii' codec can't encode characters in position 5-10: ordinal not in range(128),2026-08-24T16:01:15.953148+00:00,0
321883556,https://www.bayut.eg/تفاصيل-503986718/العقار.html,detail_fetch,network_error,'ascii' codec can't encode characters in position 5-10: ordinal not in range(128),2026-08-24T16:01:15.953148+00:00,0
321884023,https://www.bayut.eg/تفاصيل-208799783/العقار.html,detail_fetch,network_error,'ascii' codec can't encode characters in position 5-10: ordinal not in range(128),2026-08-24T16:01:15.894022+00:00,0
321883733,https://www.bayut.eg/تفاصيل-503986925/العقار.html,detail_fetch,network_error,'ascii' codec can't encode characters in position 5-10: ordinal not in range(128),2026-08-24T16:01:15.865817+00:00,0
321883818,https://www.bayut.eg/تفاصيل-503987038/العقار.html,detail_fetch,network_error,'ascii' codec can't encode characters in position 5-10: ordinal not in range(128),2026-08-24T16:01:15.669149+00:00,0
321883746,https://www.bayut.eg/تفاصيل-503986941/العقار.html,detail_fetch,network_error,'ascii' codec can't encode characters in position 5-10: ordinal not in range(128),2026-08-24T16:01:15.669149+00:00,0
321883824,https://www.bayut.eg/تفاصيل-503987049/العقار.html,detail_fetch,network_error,'ascii' codec can't encode characters in position 5-10: ordinal not in range(128),2026-08-24T16:01:15.657753+00:00,0
321883995,https://www.bayut.eg/تفاصيل-503987250/العقار.html,detail_fetch,network_error,'ascii' codec can't encode characters in position 5-10: ordinal not in range(128),2026-08-24T16:01:15.657753+00:00,0
321884086,https://www.bayut.eg/تفاصيل-503987239/العقار.html,detail_fetch,network_error,'ascii' codec can't encode characters in position 5-10: ordinal not in range(128),2026-08-24T16:01:15.625805+00:00,0
321884060,https://www.bayut.eg/تفاصيل-503987333/العقار.html,detail_fetch,network_error,'ascii' codec can't encode characters in position 5-10: ordinal not in range(128),2026-08-24T16:01:15.403313+00:00,0
321884175,https://www.bayut.eg/تفاصيل-503987448/العقار.html,detail_fetch,network_error,'ascii' codec can't encode characters in position 5-10: ordinal not in range(128),2026-08-24T16:01:15.392835+00:00,0
321884201,https://www.bayut.eg/تفاصيل-503987469/العقار.html,detail_fetch,network_error,'ascii' codec can't encode characters in position 5-10: ordinal not in range(128),2026-08-24T16:01:15.383132+00:00,0
321884260,https://www.bayut.eg/تفاصيل-503987546/العقار.html,detail_fetch,network_error,'ascii' codec can't encode characters in position 5-10: ordinal not in range(128),2026-08-24T16:01:15.352279+00:00,0
321884507,https://www.bayut.eg/تفاصيل-503987807/العقار.html,detail_fetch,network_error,'ascii' codec can't encode characters in position 5-10: ordinal not in range(128),2026-08-24T16:01:15.330230+00:00,0
321884624,https://www.bayut.eg/تفاصيل-503987920/العقار.html,detail_fetch,network_error,'ascii' codec can't encode characters in position 5-10: ordinal not in range(128),2026-08-24T16:01:15.094823+00:00,0
321884691,https://www.bayut.eg/تفاصيل-503988001/العقار.html,detail_fetch,network_error,'ascii' codec can't encode characters in position 5-10: ordinal not in range(128),2026-08-24T16:01:15.094823+00:00,0
321884746,https://www.bayut.eg/تفاصيل-503988047/العقار.html,detail_fetch,network_error,'ascii' codec can't encode characters in position 5-10: ordinal not in range(128),2026-08-24T16:01:15.094823+00:00,0
321884709,https://www.bayut.eg/تفاصيل-503988015/العقار.html,detail_fetch,network_error,'ascii' codec can't encode characters in position 5-10: ordinal not in range(128),2026-08-24T16:01:15.087597+00:00,0
321884888,https://www.bayut.eg/تفاصيل-503988176/العقار.html,detail_fetch,network_error,'ascii' codec can't encode characters in position 5-10: ordinal not in range(128),2026-08-24T16:01:15.045885+00:00,0
321885054,https://www.bayut.eg/تفاصيل-503988322/العقار.html,detail_fetch,network_error,'ascii' codec can't encode characters in position 5-10: ordinal not in range(128),2026-08-24T16:01:14.845149+00:00,0
321884943,https://www.bayut.eg/تفاصيل-503988222/العقار.html,detail_fetch,network_error,'ascii' codec can't encode characters in position 5-10: ordinal not in range(128),2026-08-24T16:01:14.838284+00:00,0
316384599,https://www.bayut.eg/تفاصيل-502706165/العقار.html,detail_fetch,network_error,'ascii' codec can't encode characters in position 5-10: ordinal not in range(128),2026-08-24T16:01:14.810159+00:00,0
317196721,https://www.bayut.eg/تفاصيل-502844194/العقار.html,detail_fetch,network_error,'ascii' codec can't encode characters in position 5-10: ordinal not in range(128),2026-08-24T16:01:14.810159+00:00,0
319934332,https://www.bayut.eg/تفاصيل-503024250/العقار.html,detail_fetch,network_error,'ascii' codec can't encode characters in position 5-10: ordinal not in range(128),2026-08-24T16:01:14.770439+00:00,0
320814141,https://www.bayut.eg/تفاصيل-503339559/العقار.html,detail_fetch,network_error,'ascii' codec can't encode characters in position 5-10: ordinal not in range(128),2026-08-24T16:01:14.581625+00:00,0
320462966,https://www.bayut.eg/تفاصيل-503150812/العقار.html,detail_fetch,network_error,'ascii' codec can't encode characters in position 5-10: ordinal not in range(128),2026-08-24T16:01:14.581625+00:00,0
321117582,https://www.bayut.eg/تفاصيل-503484777/العقار.html,detail_fetch,network_error,'ascii' codec can't encode characters in position 5-10: ordinal not in range(128),2026-08-24T16:01:14.560739+00:00,0
320945527,https://www.bayut.eg/تفاصيل-503422295/العقار.html,detail_fetch,network_error,'ascii' codec can't encode characters in position 5-10: ordinal not in range(128),2026-08-24T16:01:14.533713+00:00,0
321053375,https://www.bayut.eg/تفاصيل-503461946/العقار.html,detail_fetch,network_error,'ascii' codec can't encode characters in position 5-10: ordinal not in range(128),2026-08-24T16:01:14.505365+00:00,0
321151968,https://www.bayut.eg/تفاصيل-503494879/العقار.html,detail_fetch,network_error,'ascii' codec can't encode characters in position 5-10: ordinal not in range(128),2026-08-24T16:01:14.325088+00:00,0
321314553,https://www.bayut.eg/تفاصيل-503654258/العقار.html,detail_fetch,network_error,'ascii' codec can't encode characters in position 5-10: ordinal not in range(128),2026-08-24T16:01:14.325088+00:00,0
321348977,https://www.bayut.eg/تفاصيل-503688742/العقار.html,detail_fetch,network_error,'ascii' codec can't encode characters in position 5-10: ordinal not in range(128),2026-08-24T16:01:14.276941+00:00,0
321342305,https://www.bayut.eg/تفاصيل-503681683/العقار.html,detail_fetch,network_error,'ascii' codec can't encode characters in position 5-10: ordinal not in range(128),2026-08-24T16:01:14.276941+00:00,0
321456032,https://www.bayut.eg/تفاصيل-503797131/العقار.html,detail_fetch,network_error,'ascii' codec can't encode characters in position 5-10: ordinal not in range(128),2026-08-24T16:01:14.241779+00:00,0
321527636,https://www.bayut.eg/تفاصيل-503851231/العقار.html,detail_fetch,network_error,'ascii' codec can't encode characters in position 5-10: ordinal not in range(128),2026-08-24T16:01:14.054412+00:00,0
321460090,https://www.bayut.eg/تفاصيل-503800981/العقار.html,detail_fetch,network_error,'ascii' codec can't encode characters in position 5-10: ordinal not in range(128),2026-08-24T16:01:14.054412+00:00,0
321777587,https://www.bayut.eg/تفاصيل-208549605/العقار.html,detail_fetch,network_error,'ascii' codec can't encode characters in position 5-10: ordinal not in range(128),2026-08-24T16:01:14.026693+00:00,0
321772721,https://www.bayut.eg/تفاصيل-208706035/العقار.html,detail_fetch,network_error,'ascii' codec can't encode characters in position 5-10: ordinal not in range(128),2026-08-24T16:01:14.012888+00:00,0
321801244,https://www.bayut.eg/تفاصيل-208459589/العقار.html,detail_fetch,network_error,'ascii' codec can't encode characters in position 5-10: ordinal not in range(128),2026-08-24T16:01:14.005488+00:00,0
321258163,https://www.bayut.eg/تفاصيل-207362337/العقار.html,detail_fetch,network_error,'ascii' codec can't encode characters in position 5-10: ordinal not in range(128),2026-08-24T16:01:13.805362+00:00,0
321840234,https://www.bayut.eg/تفاصيل-206202268/العقار.html,detail_fetch,network_error,'ascii' codec can't encode characters in position 5-10: ordinal not in range(128),2026-08-24T16:01:13.805362+00:00,0
321838337,https://www.bayut.eg/تفاصيل-208762790/العقار.html,detail_fetch,network_error,'ascii' codec can't encode characters in position 5-10: ordinal not in range(128),2026-08-24T16:01:13.790840+00:00,0
321823697,https://www.bayut.eg/تفاصيل-208740786/العقار.html,detail_fetch,network_error,'ascii' codec can't encode characters in position 5-10: ordinal not in range(128),2026-08-24T16:01:13.783893+00:00,0
321840809,https://www.bayut.eg/تفاصيل-208763973/العقار.html,detail_fetch,network_error,'ascii' codec can't encode characters in position 5-10: ordinal not in range(128),2026-08-24T16:01:13.735036+00:00,0
321842732,https://www.bayut.eg/تفاصيل-208764912/العقار.html,detail_fetch,network_error,'ascii' codec can't encode characters in position 5-10: ordinal not in range(128),2026-08-24T16:01:13.534815+00:00,0
321840862,https://www.bayut.eg/تفاصيل-208764117/العقار.html,detail_fetch,network_error,'ascii' codec can't encode characters in position 5-10: ordinal not in range(128),2026-08-24T16:01:13.534815+00:00,0
321841080,https://www.bayut.eg/تفاصيل-503968834/العقار.html,detail_fetch,network_error,'ascii' codec can't encode characters in position 5-10: ordinal not in range(128),2026-08-24T16:01:13.534815+00:00,0
321853153,https://www.bayut.eg/تفاصيل-208774999/العقار.html,detail_fetch,network_error,'ascii' codec can't encode characters in position 5-10: ordinal not in range(128),2026-08-24T16:01:13.499593+00:00,0
321862732,https://www.bayut.eg/تفاصيل-208767548/العقار.html,detail_fetch,network_error,'ascii' codec can't encode characters in position 5-10: ordinal not in range(128),2026-08-24T16:01:13.497545+00:00,0
321862976,https://www.bayut.eg/تفاصيل-208780656/العقار.html,detail_fetch,network_error,'ascii' codec can't encode characters in position 5-10: ordinal not in range(128),2026-08-24T16:01:13.326140+00:00,0
321872754,https://www.bayut.eg/تفاصيل-208791229/العقار.html,detail_fetch,network_error,'ascii' codec can't encode characters in position 5-10: ordinal not in range(128),2026-08-24T16:01:13.271113+00:00,0
321454039,https://www.bayut.eg/تفاصيل-208184298/العقار.html,detail_fetch,network_error,'ascii' codec can't encode characters in position 5-10: ordinal not in range(128),2026-08-24T16:01:13.271113+00:00,0
321884033,https://www.bayut.eg/تفاصيل-503978601/العقار.html,detail_fetch,network_error,'ascii' codec can't encode characters in position 5-10: ordinal not in range(128),2026-08-24T16:01:13.271113+00:00,0
321877268,https://www.bayut.eg/تفاصيل-503983561/العقار.html,detail_fetch,network_error,'ascii' codec can't encode characters in position 5-10: ordinal not in range(128),2026-08-24T16:01:13.249469+00:00,0
321878431,https://www.bayut.eg/تفاصيل-503983827/العقار.html,detail_fetch,network_error,'ascii' codec can't encode characters in position 5-10: ordinal not in range(128),2026-08-24T16:01:13.139722+00:00,0
321880404,https://www.bayut.eg/تفاصيل-503983973/العقار.html,detail_fetch,network_error,'ascii' codec can't encode characters in position 5-10: ordinal not in range(128),2026-08-24T16:01:12.972571+00:00,0
321879453,https://www.bayut.eg/تفاصيل-503983926/العقار.html,detail_fetch,network_error,'ascii' codec can't encode characters in position 5-10: ordinal not in range(128),2026-08-24T16:01:12.972571+00:00,0
321880470,https://www.bayut.eg/تفاصيل-503984055/العقار.html,detail_fetch,network_error,'ascii' codec can't encode characters in position 5-10: ordinal not in range(128),2026-08-24T16:01:12.958193+00:00,0
321880501,https://www.bayut.eg/تفاصيل-503984061/العقار.html,detail_fetch,network_error,'ascii' codec can't encode characters in position 5-10: ordinal not in range(128),2026-08-24T16:01:12.937359+00:00,0
321880957,https://www.bayut.eg/تفاصيل-503984695/العقار.html,detail_fetch,network_error,'ascii' codec can't encode characters in position 5-10: ordinal not in range(128),2026-08-24T16:01:12.916651+00:00,0
321881178,https://www.bayut.eg/تفاصيل-503984999/العقار.html,detail_fetch,network_error,'ascii' codec can't encode characters in position 5-10: ordinal not in range(128),2026-08-24T16:01:12.716430+00:00,0
321881160,https://www.bayut.eg/تفاصيل-503984975/العقار.html,detail_fetch,network_error,'ascii' codec can't encode characters in position 5-10: ordinal not in range(128),2026-08-24T16:01:12.716430+00:00,0
321881284,https://www.bayut.eg/تفاصيل-503985123/العقار.html,detail_fetch,network_error,'ascii' codec can't encode characters in position 5-10: ordinal not in range(128),2026-08-24T16:01:12.708833+00:00,0
321881258,https://www.bayut.eg/تفاصيل-503985086/العقار.html,detail_fetch,network_error,'ascii' codec can't encode characters in position 5-10: ordinal not in range(128),2026-08-24T16:01:12.660281+00:00,0
321881360,https://www.bayut.eg/تفاصيل-503985216/العقار.html,detail_fetch,network_error,'ascii' codec can't encode characters in position 5-10: ordinal not in range(128),2026-08-24T16:01:12.632524+00:00,0
321881540,https://www.bayut.eg/تفاصيل-503985444/العقار.html,detail_fetch,network_error,'ascii' codec can't encode characters in position 5-10: ordinal not in range(128),2026-08-24T16:01:12.459133+00:00,0
321881861,https://www.bayut.eg/تفاصيل-503985804/العقار.html,detail_fetch,network_error,'ascii' codec can't encode characters in position 5-10: ordinal not in range(128),2026-08-24T16:01:12.441735+00:00,0
321881856,https://www.bayut.eg/تفاصيل-503985800/العقار.html,detail_fetch,network_error,'ascii' codec can't encode characters in position 5-10: ordinal not in range(128),2026-08-24T16:01:12.441735+00:00,0
321881650,https://www.bayut.eg/تفاصيل-503985575/العقار.html,detail_fetch,network_error,'ascii' codec can't encode characters in position 5-10: ordinal not in range(128),2026-08-24T16:01:12.441735+00:00,0
321884930,https://www.bayut.eg/تفاصيل-503986312/العقار.html,detail_fetch,network_error,'ascii' codec can't encode characters in position 5-10: ordinal not in range(128),2026-08-24T16:01:12.396676+00:00,0
321884210,https://www.bayut.eg/تفاصيل-503987212/العقار.html,detail_fetch,network_error,'ascii' codec can't encode characters in position 5-10: ordinal not in range(128),2026-08-24T16:01:12.196209+00:00,0
321884048,https://www.bayut.eg/تفاصيل-503987316/العقار.html,detail_fetch,network_error,'ascii' codec can't encode characters in position 5-10: ordinal not in range(128),2026-08-24T16:01:12.194279+00:00,0
321884015,https://www.bayut.eg/تفاصيل-503987277/العقار.html,detail_fetch,network_error,'ascii' codec can't encode characters in position 5-10: ordinal not in range(128),2026-08-24T16:01:12.161002+00:00,0
321884137,https://www.bayut.eg/تفاصيل-503987419/العقار.html,detail_fetch,network_error,'ascii' codec can't encode characters in position 5-10: ordinal not in range(128),2026-08-24T16:01:12.147083+00:00,0
321884104,https://www.bayut.eg/تفاصيل-503987385/العقار.html,detail_fetch,network_error,'ascii' codec can't encode characters in position 5-10: ordinal not in range(128),2026-08-24T16:01:12.139706+00:00,0
321884192,https://www.bayut.eg/تفاصيل-503987476/العقار.html,detail_fetch,network_error,'ascii' codec can't encode characters in position 5-10: ordinal not in range(128),2026-08-24T16:01:11.945504+00:00,0
321884454,https://www.bayut.eg/تفاصيل-503987753/العقار.html,detail_fetch,network_error,'ascii' codec can't encode characters in position 5-10: ordinal not in range(128),2026-08-24T16:01:11.939050+00:00,0
321884179,https://www.bayut.eg/تفاصيل-503987466/العقار.html,detail_fetch,network_error,'ascii' codec can't encode characters in position 5-10: ordinal not in range(128),2026-08-24T16:01:11.925043+00:00,0
321884187,https://www.bayut.eg/تفاصيل-503987467/العقار.html,detail_fetch,network_error,'ascii' codec can't encode characters in position 5-10: ordinal not in range(128),2026-08-24T16:01:11.925043+00:00,0
321884542,https://www.bayut.eg/تفاصيل-503987840/العقار.html,detail_fetch,network_error,'ascii' codec can't encode characters in position 5-10: ordinal not in range(128),2026-08-24T16:01:11.866278+00:00,0
321884572,https://www.bayut.eg/تفاصيل-503987873/العقار.html,detail_fetch,network_error,'ascii' codec can't encode characters in position 5-10: ordinal not in range(128),2026-08-24T16:01:11.681975+00:00,0
321884650,https://www.bayut.eg/تفاصيل-503987952/العقار.html,detail_fetch,network_error,'ascii' codec can't encode characters in position 5-10: ordinal not in range(128),2026-08-24T16:01:11.681975+00:00,0
321884795,https://www.bayut.eg/تفاصيل-503988094/العقار.html,detail_fetch,network_error,'ascii' codec can't encode characters in position 5-10: ordinal not in range(128),2026-08-24T16:01:11.644404+00:00,0
321885095,https://www.bayut.eg/تفاصيل-503988347/العقار.html,detail_fetch,network_error,'ascii' codec can't encode characters in position 5-10: ordinal not in range(128),2026-08-24T16:01:11.644404+00:00,0
321885117,https://www.bayut.eg/تفاصيل-503988370/العقار.html,detail_fetch,network_error,'ascii' codec can't encode characters in position 5-10: ordinal not in range(128),2026-08-24T16:01:11.593097+00:00,0
321885176,https://www.bayut.eg/تفاصيل-503988437/العقار.html,detail_fetch,network_error,'ascii' codec can't encode characters in position 5-10: ordinal not in range(128),2026-08-24T16:01:11.411968+00:00,0
321885196,https://www.bayut.eg/تفاصيل-503988451/العقار.html,detail_fetch,network_error,'ascii' codec can't encode characters in position 5-10: ordinal not in range(128),2026-08-24T16:01:11.411968+00:00,0
321885209,https://www.bayut.eg/تفاصيل-503988447/العقار.html,detail_fetch,network_error,'ascii' codec can't encode characters in position 5-10: ordinal not in range(128),2026-08-24T16:01:11.411968+00:00,0
321885246,https://www.bayut.eg/تفاصيل-503988477/العقار.html,detail_fetch,network_error,'ascii' codec can't encode characters in position 5-10: ordinal not in range(128),2026-08-24T16:01:11.411968+00:00,0
321885200,https://www.bayut.eg/تفاصيل-503988465/العقار.html,detail_fetch,network_error,'ascii' codec can't encode characters in position 5-10: ordinal not in range(128),2026-08-24T16:01:11.392632+00:00,0
321885325,https://www.bayut.eg/تفاصيل-503988584/العقار.html,detail_fetch,network_error,'ascii' codec can't encode characters in position 5-10: ordinal not in range(128),2026-08-24T16:01:11.142225+00:00,0
321885346,https://www.bayut.eg/تفاصيل-503988588/العقار.html,detail_fetch,network_error,'ascii' codec can't encode characters in position 5-10: ordinal not in range(128),2026-08-24T16:01:11.142225+00:00,0
321885230,https://www.bayut.eg/تفاصيل-503988481/العقار.html,detail_fetch,network_error,'ascii' codec can't encode characters in position 5-10: ordinal not in range(128),2026-08-24T16:01:11.137706+00:00,0
321885303,https://www.bayut.eg/تفاصيل-503988566/العقار.html,detail_fetch,network_error,'ascii' codec can't encode characters in position 5-10: ordinal not in range(128),2026-08-24T16:01:11.127404+00:00,0
321885292,https://www.bayut.eg/تفاصيل-503988558/العقار.html,detail_fetch,network_error,'ascii' codec can't encode characters in position 5-10: ordinal not in range(128),2026-08-24T16:01:11.113521+00:00,0
